buch_nr;buch;kapitel;abschnitt;vers_von;vers_bis;erklaerung
1;1. Mose;1;Am Anfang;1;2;"Der erste Satz der Bibel sagt das Wichtigste: Alles, was es gibt, kommt von Gott.
Am Anfang war alles leer, dunkel und ohne Ordnung.
Aber Gott war schon da. Sein Geist war ganz nah, wie ein Vogel, der über seinem Nest schwebt.
Das gilt auch heute: Gott ist da – auch dort, wo es in einem Leben leer und dunkel ist."
1;1. Mose;1;Der erste Tag: Gott macht das Licht;3;5;"Gott muss nur sprechen – und es geschieht. Sein Wort hat Kraft.
Das Erste, was Gott macht, ist Licht. Ohne Licht kann man nichts sehen und nichts kann wachsen.
Gott schaut sich sein Werk an und freut sich: Es ist gut.
In der Bibel beginnt ein Tag am Abend. Darum heißt es immer zuerst „Abend“ und dann „Morgen“. So rechnen Juden bis heute."
1;1. Mose;1;Der zweite Tag: Gott macht den Himmel;6;8;"Die Menschen damals stellten sich den Himmel wie eine riesige Glocke oder Kuppel vor. Über der Kuppel, so dachten sie, ist Wasser. Daher kommt der Regen.
Die Bibel spricht in der Sprache ihrer Zeit. Sie will kein Lehrbuch für Naturkunde sein.
Ihre Botschaft ist: Gott schafft Ordnung. Er macht Platz, damit Leben entstehen kann."
1;1. Mose;1;Der dritte Tag: Land, Meer und Pflanzen;9;13;"Jetzt gibt es festen Boden unter den Füßen. Und es gibt etwas zu essen.
Gott denkt an die Zukunft: Jede Pflanze hat Samen. So kann immer neues Leben wachsen.
„Nach seiner Art“ heißt: Aus einem Apfelkern wächst ein Apfelbaum. Gott hat die Welt mit einer guten Ordnung gemacht."
1;1. Mose;1;Der vierte Tag: Sonne, Mond und Sterne;14;19;"Mit dem „großen Licht“ ist die Sonne gemeint. Mit dem „kleinen Licht“ der Mond.
Die Bibel nennt sie mit Absicht nicht beim Namen. Viele Völker damals haben Sonne und Mond als Götter verehrt. Die Bibel sagt: Das sind keine Götter. Gott hat sie gemacht, wie Lampen an der Decke.
Sonne und Mond helfen uns, die Zeit einzuteilen: in Tage, Monate, Jahre und Feste."
1;1. Mose;1;Der fünfte Tag: Tiere im Wasser und Vögel;20;23;"Jetzt gibt es die ersten Lebewesen. Es schwimmt, es fliegt, es wimmelt.
Zum ersten Mal segnet Gott. Er will, dass das Leben wächst und sich ausbreitet.
Gott liebt die Vielfalt. Er hat jede Art gewollt – vom Wal bis zum Spatz."
1;1. Mose;1;Der sechste Tag: Landtiere und Menschen;24;31;"Der Mensch ist ein „Bild Gottes“. Das heißt: Jeder Mensch spiegelt etwas von Gott wider. Darum hat jeder Mensch eine Würde, die niemand wegnehmen darf – egal, wie er aussieht, woher er kommt, was er kann oder nicht kann.
Mann und Frau sind **beide** Bild Gottes. Sie sind gleich viel wert.
„Herrschen“ und „untertan machen“ heißt hier nicht: ausbeuten. Ein König in der Bibel soll für sein Land sorgen und es schützen. So sollen die Menschen für die Erde und die Tiere sorgen.
Gott sagt „Lasst **uns**“. Juden verstehen das oft so: Gott redet mit seinen Engeln, oder er spricht wie ein König in der Wir-Form. Viele Christen sehen darin einen Hinweis auf Gott als Vater, Sohn und Heiligen Geist.
Interessant: Am Anfang essen Menschen und Tiere nur Pflanzen. Niemand muss für das Essen eines anderen sterben. So friedlich ist Gottes Welt gedacht.
Sechsmal hat Gott gesagt: „Es ist gut.“ Jetzt sagt er: „Es ist **sehr** gut.“"
1;1. Mose;2;Der siebte Tag: Gott ruht;1;3;"Gott ist nicht müde. Aber er ruht trotzdem. Damit zeigt er uns: Ruhe gehört zum Leben.
Die Woche hat einen Tag, der anders ist als die anderen. Daraus wurde bei den Juden der Sabbat (Samstag) und bei den Christen der Sonntag.
Für heute heißt das: Du bist mehr als deine Arbeit. Du darfst Pause machen. Das ist Gottes Geschenk."
1;1. Mose;2;Gott formt den Menschen aus Erde;4;7;"Hier beginnt eine zweite Erzählung von der Schöpfung. Sie schaut ganz genau auf den Menschen.
Hier steht zum ersten Mal Gottes Name. Im Hebräischen sind es vier Buchstaben: JHWH. Man spricht ihn vermutlich „Jahwe“ aus. Er bedeutet ungefähr: „Ich bin da“. Aus Ehrfurcht sprechen Juden diesen Namen nicht aus. Sie sagen stattdessen „der Herr“. Darum steht in vielen Bibeln: der HERR.
Gott formt den Menschen mit seinen Händen, wie ein Töpfer aus Ton. Dann gibt er ihm seinen eigenen Atem.
Das heißt: Wir sind aus Erde gemacht – ein Teil der Natur. Aber wir leben von Gottes Atem."
1;1. Mose;2;Der Garten Eden;8;14;"„Eden“ bedeutet „Wonne“ oder „Freude“. Der Garten ist ein Ort, an dem es dem Menschen an nichts fehlt.
Tigris und Euphrat gibt es bis heute. Sie fließen durch die Türkei, Syrien und den Irak. Wo Pischon und Gihon waren, weiß man nicht genau. Kusch ist ein altes Land südlich von Ägypten.
Die zwei Bäume in der Mitte des Gartens sind für die Geschichte sehr wichtig. Der eine steht für das Leben. Der andere steht für die Frage: Wer bestimmt, was gut und was böse ist – Gott oder der Mensch?"
1;1. Mose;2;Eine Aufgabe und eine Grenze;15;17;"Der Mensch bekommt eine Aufgabe: den Garten pflegen und schützen. Arbeit ist also von Anfang an etwas Gutes.
Gott schenkt große Freiheit: **Alle** Bäume sind erlaubt. Nur einer nicht.
Diese eine Grenze heißt: Vertrau mir. Ich weiß, was gut für dich ist. Du musst nicht alles selbst bestimmen."
1;1. Mose;2;Allein sein ist nicht gut;18;20;"Bisher hat Gott immer gesagt: „Es ist gut.“ Jetzt sagt er zum ersten Mal: „Es ist **nicht** gut.“ – nämlich das Alleinsein.
Menschen brauchen andere Menschen. Gott hat uns für Gemeinschaft gemacht.
„Hilfe“ bedeutet hier nicht „Diener“ oder „Gehilfe“. In der Bibel wird sogar Gott selbst „Hilfe“ genannt. Gemeint ist ein Gegenüber auf Augenhöhe.
Der Mensch gibt den Tieren Namen. Das zeigt: Er kennt sie und ist für sie verantwortlich."
1;1. Mose;2;Gott baut die Frau;21;25;"Alte jüdische und christliche Lehrer haben gesagt: Gott hat die Frau nicht aus dem Kopf des Mannes gemacht, damit sie über ihm steht. Und nicht aus seinem Fuß, damit sie unter ihm steht. Sondern aus seiner Seite, damit sie an seiner Seite steht.
Im Hebräischen heißt Mann „isch“ und Frau „ischa“. Die Wörter klingen fast gleich. Sie gehören zusammen.
„Ein Fleisch werden“ heißt: Mann und Frau verbinden sich ganz und gar – mit Körper, Herz und Leben.
Sie sind nackt und schämen sich nicht. Das heißt: Sie müssen nichts verstecken. Sie vertrauen einander völlig."
1;1. Mose;3;Die Schlange und die Frau;1;5;"Die Schlange fängt mit einer Frage an. Und sie verdreht dabei, was Gott gesagt hat. Gott hatte **alle** Bäume erlaubt bis auf einen. Die Schlange tut so, als hätte Gott alles verboten.
So fängt Misstrauen an: „Meint Gott es wirklich gut mit mir? Oder will er mir etwas wegnehmen?“
Die Frau übertreibt auch ein wenig: Vom Anfassen hatte Gott nichts gesagt.
Dann lügt die Schlange offen: „Ihr werdet nicht sterben.“ Und sie lockt: „Ihr werdet wie Gott.“ Das ist die Ur-Versuchung: selbst Gott sein wollen und selbst festlegen, was gut und böse ist.
In diesem Kapitel heißt sie nur „Schlange“. Später haben Juden und Christen sie mit dem Teufel in Verbindung gebracht (zum Beispiel in Offenbarung 12,9)."
1;1. Mose;3;Sie essen;6;7;"Der Mann stand die ganze Zeit daneben. Er hat nichts gesagt und nichts getan. Beide tragen Verantwortung.
Ihre Augen gehen wirklich auf – aber nicht so, wie die Schlange versprochen hat. Sie werden nicht wie Gott. Sie sehen nur ihre eigene Blöße und Schwäche.
Vorher haben sie sich nicht geschämt. Jetzt wollen sie sich verstecken. Das Vertrauen ist zerbrochen."
1;1. Mose;3;Gott sucht den Menschen;8;13;"Die Menschen laufen vor Gott weg. Aber Gott läuft ihnen nach. Er sucht sie.
„Wo bist du?“ Gott weiß natürlich, wo sie sind. Mit der Frage gibt er ihnen die Chance, selbst herauszukommen und ehrlich zu sein.
Aber beide schieben die Schuld weiter. Der Mann sagt: „Die Frau war es – und eigentlich du, Gott, weil du sie mir gegeben hast.“ Die Frau sagt: „Die Schlange war es.“
Das kennt jeder Mensch: Wenn wir etwas falsch gemacht haben, suchen wir schnell einen anderen Schuldigen."
1;1. Mose;3;Was jetzt kommt;14;19;"Diese Verse erklären, warum das Leben oft so schwer ist: Schmerzen bei der Geburt, harte Arbeit, Streit und Macht zwischen Mann und Frau, und am Ende der Tod.
Wichtig: Gott verflucht die Schlange und den Ackerboden. Aber die Menschen selbst verflucht er nicht.
Dass der Mann über die Frau herrscht, ist **nicht** Gottes guter Plan. In Kapitel 1 und 2 sind Mann und Frau gleichwertig. Hier wird beschrieben, wie es in einer zerbrochenen Welt leider oft ist.
Vers 15 ist ein erster Lichtblick: Ein Nachkomme der Frau wird der Schlange den Kopf zertreten. Das Böse wird verletzt, aber am Ende besiegt. Christen sehen darin einen frühen Hinweis auf Jesus.
„Adam“ ist das hebräische Wort für „Mensch“. Es klingt wie „adama“, das heißt „Erde“. Der Mensch ist sozusagen der „Erdling“."
1;1. Mose;3;Gott sorgt trotzdem;20;24;"Mitten in der traurigen Geschichte gibt es Zeichen der Hoffnung:
Adam nennt seine Frau „Leben“. Gerade war vom Tod die Rede – aber das Leben geht weiter.
Gott selbst macht den Menschen Kleider. Die Blätter waren zu wenig. Gott kümmert sich um sie, obwohl sie ihm nicht vertraut haben.
Gottes Satz in Vers 22 hört mitten drin auf. Das zeigt, wie schwer dieser Moment ist.
Dass die Menschen den Garten verlassen müssen, ist eine Strafe. Aber auch ein Schutz: Sie sollen nicht für immer in diesem zerbrochenen Zustand leben.
Die ganze übrige Bibel erzählt, wie Gott den Weg zurück öffnet. Auf der letzten Seite der Bibel (Offenbarung 22) steht wieder der Baum des Lebens – und der Weg zu ihm ist frei."
1;1. Mose;4;Zwei Brüder;1;2;"Außerhalb des Gartens geht das Leben weiter. Kinder werden geboren.
Eva weiß: Ein Kind ist ein Geschenk. Gott hat geholfen.
„Abel“ bedeutet „Hauch“ oder „Windhauch“. Das ist schon ein Hinweis: Sein Leben wird schnell vorbei sein."
1;1. Mose;4;Die Opfer der Brüder;3;7;"Die Bibel sagt nicht genau, warum Gott Abels Opfer annimmt und Kains Opfer nicht. Ein Hinweis steckt in den Worten: Abel bringt „die Erstgeborenen“ und „das Beste“. Bei Kain steht nur: „etwas“. Vielleicht kommt es darauf an, mit welchem Herzen man gibt.
„Sünde“ ist das, was uns von Gott und von anderen Menschen trennt.
Gott spricht mit Kain wie ein Vater mit seinem Sohn. Er warnt ihn: Dein Zorn ist wie ein wildes Tier vor deiner Tür. Pass auf! Aber du kannst es beherrschen.
Kain hat die Wahl. Er ist der Sünde nicht hilflos ausgeliefert."
1;1. Mose;4;Der erste Mord;8;12;"Kain hört nicht auf Gottes Warnung. Aus Zorn wird Mord. So schnell kann es gehen.
Gott fragt wieder – so wie bei Adam: „Wo ist …?“ Wieder gibt Gott die Chance, ehrlich zu sein.
Kain lügt und wird frech: „Bin ich der Hüter meines Bruders?“ Die ganze Bibel antwortet darauf: **Ja.** Wir sind füreinander verantwortlich.
Kein Unrecht bleibt bei Gott verborgen. Das Leid eines Opfers „schreit“ zu ihm. Gott hört es.
„Unstet und flüchtig“ heißt: Kain wird nirgends mehr zu Hause sein. Er wird ohne Ruhe umherziehen."
1;1. Mose;4;Gott schützt Kain;13;16;"Kain hat große Schuld. Er muss die Folgen tragen.
Aber Gott lässt ihn nicht fallen. Er schützt sogar den Mörder vor der Rache der anderen. Das „Kainszeichen“ ist also kein Schandmal. Es ist ein Schutzzeichen.
Gott will nicht, dass Gewalt immer neue Gewalt hervorbringt. Auch ein schuldiger Mensch bleibt ein Mensch, um den Gott sich kümmert.
„Nod“ bedeutet „Flucht“ oder „Heimatlosigkeit“."
1;1. Mose;4;Kains Familie;17;24;"Die Menschen werden erfinderisch: Sie bauen Städte, ziehen mit Herden umher, machen Musik und schmieden Werkzeuge. So beginnt die Kultur.
Aber gleichzeitig wächst die Gewalt. Lamech prahlt: Für eine kleine Wunde hat er einen Menschen getötet.
Gott wollte Kain mit der Zahl Sieben schützen. Lamech macht daraus eine Drohung: Siebenundsiebzig!
Viele Jahrhunderte später dreht Jesus diesen Satz um. Er sagt: Du sollst nicht siebenundsiebzigmal Rache nehmen, sondern siebenundsiebzigmal **vergeben** (Matthäus 18,22)."
1;1. Mose;4;Ein neuer Anfang;25;26;"Nach all dem Schrecklichen schenkt Gott einen neuen Anfang. „Set“ klingt im Hebräischen wie „er hat gegeben“.
„Den Namen des HERRN anrufen“ heißt: zu Gott beten, ihn ansprechen, ihn um Hilfe bitten.
Das Kapitel zeigt zwei Wege: Bei Lamech wächst die Gewalt. Bei Set und Enosch wächst das Gebet."
1;1. Mose;5;Gottes Bild;1;2;"Bevor die lange Familienliste beginnt, erinnert die Bibel noch einmal an Kapitel 1: Der Mensch ist Gott ähnlich. Mann und Frau sind gesegnet.
Das gilt auch nach dem Garten Eden, nach Kain und Abel. Die Würde des Menschen geht nicht verloren."
1;1. Mose;5;Adam, Set und Enosch;3;11;So wie Gott den Menschen als sein Bild gemacht hat, so bekommt Adam einen Sohn als sein Bild. Das Leben und die Würde werden weitergegeben – von Generation zu Generation.
1;1. Mose;5;Henoch geht mit Gott;21;24;"Bei allen anderen in dieser Liste steht am Ende: „Dann starb er.“ Bei Henoch steht das **nicht**.
Henoch lebte so eng mit Gott, wie zwei Freunde, die jeden Tag zusammen spazieren gehen. Und eines Tages hat Gott ihn einfach mitgenommen.
Das ist mitten in der Liste der Toten ein Lichtblick: Der Tod hat nicht das letzte Wort.
365 Jahre – so viele Jahre wie ein Jahr Tage hat. Manche sehen darin ein Zeichen für ein „volles“ Leben."
1;1. Mose;5;Metuschelach, Lamech und Noah;25;32;"Die Menschen in dieser Liste werden unglaublich alt. Man kann das unterschiedlich verstehen. Manche Leser nehmen die Zahlen wörtlich. Andere meinen: Die Zahlen zeigen, dass diese Menschen in einer fernen Urzeit lebten, die anders war als unsere Zeit.
Der Satz „Dann starb er“ kommt immer wieder. Was Gott in Kapitel 3 gesagt hat, ist wahr geworden: Der Mensch muss sterben.
Metuschelach wird 969 Jahre alt – älter als jeder andere Mensch in der Bibel. Auf Deutsch sagt man „alt wie Methusalem“.
Dieser Lamech ist nicht der gewalttätige Lamech aus Kapitel 4. Er ist ein anderer Mann. Er seufzt über die harte Arbeit und hofft auf Trost.
Der Name „Noah“ klingt im Hebräischen wie „Ruhe“ und „trösten“. Noah ist ein Hoffnungsträger."
1;1. Mose;6;Die Söhne Gottes und die Riesen;1;4;"Dieser kurze Abschnitt ist einer der rätselhaftesten der ganzen Bibel. Wer mit den „Söhnen Gottes“ gemeint ist, weiß man nicht sicher.
Es gibt drei große Deutungen: Manche sagen, es sind Engel, die ihre Grenzen überschritten haben. Andere sagen, es sind mächtige Könige, die sich wie Götter aufführten. Wieder andere sagen, es sind die Nachkommen von Set.
Die Botschaft ist aber klar: Grenzen, die Gott gesetzt hat, werden überschritten. Die Starken nehmen sich, was sie wollen.
„Fleisch“ heißt hier: schwach, verletzlich und sterblich.
Gott setzt eine Grenze: Der Mensch soll höchstens 120 Jahre leben. Der Mensch ist nicht Gott."
1;1. Mose;6;Gott ist im Herzen traurig;5;8;"Am Anfang sah Gott die Welt an und sagte: „Sehr gut.“ Jetzt sieht er die Welt an, und es tut ihm im Herzen weh.
Gott ist nicht kalt und gefühllos. Das Böse macht ihn traurig – so wie Eltern traurig sind, wenn ihr Kind auf einem schlimmen Weg ist.
Aber dann kommt ein großes **Aber**: Noah. „Gnade finden“ heißt: Gott sieht freundlich auf ihn. Mitten im Gericht gibt es Gnade."
1;1. Mose;6;Noah, ein gerechter Mann;9;13;"„Gerecht“ heißt in der Bibel: so leben, wie es Gott gefällt, und fair mit anderen umgehen.
Noah „ging seinen Weg mit Gott“ – genau wie Henoch in Kapitel 5. Er lebte anders als alle um ihn herum. Das braucht Mut.
Das Wort „verdorben“ kommt hier viermal vor. Die Menschen haben die gute Welt verdorben. Jetzt wird Gott sie „verderben“. Das heißt: Die Menschen ernten, was sie gesät haben.
Das Wort „Gewalt“ fällt zweimal. Seit Kain und Lamech hat sie sich überall ausgebreitet."
1;1. Mose;6;Bau ein Schiff!;14;16;"In der Bibel stehen die Maße in Ellen: 300 Ellen lang, 50 Ellen breit, 30 Ellen hoch, dazu eine Elle für die Öffnung unter dem Dach. Eine Elle ist die Länge vom Ellenbogen bis zur Spitze des Mittelfingers, ungefähr ein halber Meter.
Die Arche ist riesig: so lang wie anderthalb Fußballfelder. Sie ist kein Segelboot, sondern ein schwimmender Kasten.
Was „Goferholz“ genau ist, weiß man heute nicht mehr. Vielleicht war es Zypressenholz.
Pech ist eine schwarze, klebrige Masse. Damit macht man Holz wasserdicht."
1;1. Mose;6;Gottes Bund mit Noah;17;22;"Hier steht zum ersten Mal in der Bibel das Wort „Bund“. Gott verpflichtet sich selbst. Er verspricht Noah: Dich rette ich.
Gott will nicht alles Leben beenden. Er will mit Noah, seiner Familie und den Tieren neu anfangen.
Noah fragt nicht nach. Er vertraut und tut, was Gott sagt. Das muss für die Nachbarn sehr seltsam ausgesehen haben: ein riesiges Schiff mitten auf dem trockenen Land.
Viele alte Völker kannten Geschichten von einer großen Flut. Die Bibel erzählt sie auf ihre eigene Weise: Gott schaut nicht weg, wenn die Welt voller Gewalt ist. Aber er rettet die, die ihm vertrauen."
1;1. Mose;7;Geh in die Arche;1;5;"„Rein“ und „nicht rein“: Später bekam das Volk Israel Regeln, welche Tiere man essen und Gott opfern darf. Diese Tiere heißen „rein“, zum Beispiel Rinder, Schafe, Ziegen und Tauben. Andere Tiere, zum Beispiel Schweine, gelten als „nicht rein“.
Von den reinen Tieren nimmt Noah mehr mit. Nach der Flut wird er Gott damit ein Dankopfer bringen.
Gott lässt noch sieben Tage Zeit. Selbst jetzt hat er es mit dem Gericht nicht eilig.
Die Zahl 40 steht in der Bibel oft für eine Zeit der Prüfung: 40 Jahre war Israel in der Wüste, 40 Tage fastete Jesus."
1;1. Mose;7;Noah geht in die Arche;6;10;"Noah muss die Tiere nicht einfangen. Sie „kommen“ zu ihm. Gott sorgt dafür.
Gott hat gesagt: in sieben Tagen. Und genau so kommt es. Auf Gottes Wort ist Verlass."
1;1. Mose;7;Der Himmel öffnet sich;11;16;"Die Bibel nennt das genaue Datum, wie in einem Tagebuch. Das zeigt: Dies war ein Tag, den man nie vergessen sollte.
Das Wasser kommt von unten (aus den Quellen der Tiefe) und von oben (aus den Fenstern des Himmels). In Kapitel 1 hat Gott das Wasser oben und unten getrennt, damit Platz zum Leben entsteht. Jetzt stürzt alles wieder zusammen. Es ist, als würde die Schöpfung rückwärts laufen.
Ein schöner kleiner Satz: „Der HERR schloss hinter ihm zu.“ Gott selbst macht die Tür zu. Noah ist in Gottes Hand geborgen."
1;1. Mose;7;Das Wasser steigt;17;24;"In der Bibel steht: 15 Ellen über den Bergen. Das sind etwa sieben Meter.
Das ist ein sehr ernster, trauriger Abschnitt. Die Bibel beschönigt nichts.
Die Botschaft: Das Böse und die Gewalt haben Folgen. Sie zerstören am Ende alles.
Aber mitten in der Zerstörung schwimmt die Arche. Sie ist ein Ort der Rettung. Christen haben die Arche später oft als Bild gesehen: Bei Gott ist man geborgen, auch wenn ringsum alles untergeht."
1;1. Mose;8;Gott denkt an Noah;1;5;"„Gott dachte an Noah.“ Dieser Satz ist der Wendepunkt der ganzen Geschichte. Gott hat Noah nicht vergessen – und auch die Tiere nicht.
Ein Wind weht über das Wasser. Das erinnert an Kapitel 1, wo Gottes Geist über dem Wasser schwebte. Im Hebräischen ist „Wind“ und „Geist“ dasselbe Wort. Jetzt beginnt eine neue Schöpfung.
Ararat ist ein Gebirge im Osten der heutigen Türkei, nahe bei Armenien."
1;1. Mose;8;Der Rabe und die Taube;6;12;"Noah muss viel Geduld haben. Er wartet und schaut immer wieder nach, ob es schon so weit ist.
Liebevoll beschrieben: Noah streckt die Hand aus und holt die müde Taube herein.
Die Taube mit dem Olivenzweig ist bis heute auf der ganzen Welt ein Zeichen für **Frieden** und **Hoffnung**. Es kommt aus dieser Geschichte.
Das frische, grüne Blatt zeigt: Es wächst wieder etwas. Das Leben kehrt zurück."
1;1. Mose;8;Raus aus der Arche;13;19;"Mehr als ein Jahr war Noah in der Arche. Am Neujahrstag sieht er wieder trockenes Land. Ein neues Jahr, ein neuer Anfang für die Welt.
Noah geht nicht einfach hinaus, als der Boden trocken ist. Er wartet, bis Gott sagt: „Geh hinaus.“ Er vertraut Gott beim Warten genauso wie beim Handeln.
Gott wiederholt den Segen aus Kapitel 1: „Seid fruchtbar und vermehrt euch.“ Es ist wie eine zweite Schöpfung."
1;1. Mose;8;Noahs Dank und Gottes Versprechen;20;22;"Das Erste, was Noah tut: Er sagt Danke. Bevor er ein Haus baut, baut er einen Altar.
Erstaunlich: Die Menschen sind nicht besser geworden. Gott sagt selbst: Ihr Herz denkt Böses. Und trotzdem verspricht er: Ich will nie mehr alles vernichten.
Gott hält die Welt also nicht fest, weil wir so gut sind. Sondern weil **er** so gut ist. Das nennt man Gnade.
Jeder Sonnenaufgang, jeder Winter und jeder Sommer, jede Ernte erinnert an dieses Versprechen."
1;1. Mose;9;Ein neuer Segen;1;7;"Nach der Flut ist die Welt anders als im Garten Eden. Menschen und Tiere leben nicht mehr ganz friedlich zusammen. Die Tiere haben Angst vor dem Menschen.
Jetzt dürfen Menschen auch Fleisch essen. Aber mit Ehrfurcht: Im Blut ist das Leben. Und das Leben gehört Gott. Darum essen Juden bis heute nur Fleisch, aus dem das Blut entfernt wurde.
„Rechenschaft verlangen“ heißt: Gott fragt nach. Niemand darf einfach so ein Menschenleben nehmen.
Der Grund steht in Vers 6: Jeder Mensch ist ein Bild Gottes. Wer einen Menschen tötet, vergreift sich an Gottes Bild.
„Durch Menschen soll sein Blut vergossen werden“ – das war in alter Zeit die Grundlage für Gerichte. Nicht jeder soll sich selbst rächen. Die Gemeinschaft soll für Gerechtigkeit sorgen. So wird endlose Blutrache verhindert."
1;1. Mose;9;Gottes Bund und das Zeichen;8;17;"Gottes Bund mit Noah ist ein Versprechen ohne Bedingungen. Die Menschen müssen nichts dafür leisten.
Er gilt für **alle** Menschen auf der ganzen Welt – und sogar für die Tiere.
Das hebräische Wort für „Bogen“ meint auch den Kriegsbogen, mit dem man Pfeile schießt. Gott hängt sozusagen seine Waffe an den Himmel – und zwar mit der Öffnung nach oben, weg von der Erde. Er sagt damit: Ich will Frieden mit der Welt.
Der Regenbogen soll nicht nur uns erinnern, sondern auch Gott selbst. Wenn du einen Regenbogen siehst, darfst du denken: Gott hält sein Wort."
1;1. Mose;9;Die Söhne Noahs;18;19;"Alle Menschen auf der Welt sind eine große Familie. Wir haben dieselben Vorfahren.
Kanaan wird hier schon erwähnt, weil er gleich in der Geschichte vorkommt. Später heißt das Land, in dem Israel lebt, „Kanaan“."
1;1. Mose;9;Noah und der Wein;20;29;"Auch Noah, der gerechte Mann, macht Fehler. Die Bibel erzählt ehrlich über ihre Helden – mit allen Schwächen.
Ham sieht seinen Vater in einer peinlichen Lage. Statt ihn zu schützen, erzählt er es herum. Sem und Jafet machen es anders: Sie schützen die Würde ihres Vaters und decken ihn zu, ohne hinzuschauen. So sollen wir mit den Schwächen anderer umgehen.
„Jafet“ klingt im Hebräischen wie „weiten Raum schaffen“. Darum der Segen: „Gott schaffe Jafet weiten Raum.“
**Wichtig:** Dieser Fluch wurde in der Geschichte schlimm missbraucht. Manche haben damit die Sklaverei von Menschen aus Afrika gerechtfertigt. Das ist **falsch**. Der Text verflucht nicht Ham und schon gar nicht Menschen mit einer bestimmten Hautfarbe. Er spricht von Kanaan, dem Volk, das später im Land Kanaan lebte. Und die ganze Bibel sagt: Jeder Mensch ist ein Bild Gottes."
1;1. Mose;10;Die Söhne Noahs;1;1;"Dieses Kapitel ist eine lange Namensliste. Man nennt sie die „Völkertafel“.
Viele Namen sind gleichzeitig Namen von Menschen, von Völkern und von Ländern. In alter Zeit dachte man: Jedes Volk stammt von einem Urvater ab und trägt seinen Namen.
Namen, die auf „-iter“ enden, sind Völkernamen – so wie wir heute „die Italiener“ oder „die Schwaben“ sagen.
Die Liste ist in drei Teile geordnet: Jafet, Ham und Sem."
1;1. Mose;10;Die Nachkommen von Jafet;2;5;"Die Nachkommen von Jafet lebten vor allem im Norden und Westen: Jawan steht für die Griechen. Madai steht für die Meder im heutigen Iran. Die Kittäer lebten auf der Insel Zypern. Tarschisch war eine Hafenstadt weit im Westen, vielleicht in Spanien.
Schon hier steht ganz selbstverständlich: Jedes Volk hat seine eigene Sprache. Vielfalt gehört zur Welt."
1;1. Mose;10;Die Nachkommen von Ham;6;20;"Die Nachkommen von Ham lebten vor allem im Süden: Kusch ist das Land südlich von Ägypten (das heutige Sudan). Mizrajim ist der hebräische Name für Ägypten. Put ist vermutlich Libyen.
Nimrod ist der erste große Herrscher. Er gründet Babel und Ninive. Beide Städte werden in der Bibel später große Feinde Israels. Wo Menschen viel Macht sammeln, wird es gefährlich.
Die Völker Kanaans wohnten in dem Land, das Gott später Abraham versprechen wird. Darum werden sie hier so genau aufgezählt.
Sodom und Gomorra werden in Kapitel 19 noch eine traurige Rolle spielen."
1;1. Mose;10;Die Nachkommen von Sem;21;31;"Von Sem stammen die „Semiten“ ab, zum Beispiel die Hebräer (das spätere Volk Israel), die Aramäer und die Assyrer (Assur).
Vom Namen „Eber“ kommt wahrscheinlich das Wort „Hebräer“. Die Bibel bereitet hier schon vor, woher Abraham stammt.
„Zur Zeit von Peleg wurde die Erde geteilt“ – das weist auf die Geschichte im nächsten Kapitel hin: den Turm von Babel."
1;1. Mose;10;Alle Völker;32;32;"Zählt man alle Namen, kommt man auf ungefähr 70 Völker. Die Zahl 70 steht in der Bibel für „alle“ – die ganze Welt.
Die Botschaft: Alle Völker der Erde gehören zu **einer** Menschheitsfamilie. Gott hat sie alle im Blick, nicht nur ein Volk.
Das ist wichtig für das, was kommt: Wenn Gott später Abraham erwählt, dann tut er das, damit durch ihn **alle** Völker gesegnet werden (Kapitel 12)."
1;1. Mose;11;Eine Stadt und ein Turm;1;4;"Die Menschen haben eine neue Erfindung: gebrannte Ziegel. Damit kann man hoch bauen. Erfindungen sind an sich nichts Schlechtes.
Das Problem ist ihr Ziel: „Wir wollen uns einen Namen machen.“ Sie wollen berühmt und mächtig sein. Sie wollen bis an den Himmel – bis zu Gott.
Und sie wollen zusammenbleiben, statt sich auf der Erde zu verteilen. Gott hatte aber gesagt: „Füllt die Erde.“
Im alten Babylon gab es tatsächlich riesige Tempeltürme aus Ziegeln, mit Stufen wie eine Treppe zum Himmel. Man nennt sie Zikkurat."
1;1. Mose;11;Gott verwirrt die Sprache;5;9;"Hier steckt feiner Humor drin: Die Menschen wollen einen Turm bis zum Himmel bauen. Aber Gott muss erst „herabsteigen“, um ihn überhaupt zu sehen. So klein ist der Turm aus Gottes Sicht.
Gott hat keine Angst vor den Menschen. Aber er sieht: Wenn alle Menschen sich zusammentun, um selbst wie Gott zu sein, wird es gefährlich – vor allem für sie selbst.
„Babel“ klingt im Hebräischen wie „balal“. Das heißt „verwirren, durcheinanderbringen“.
Die vielen Sprachen sind eine Strafe. Aber sie sind auch ein Neuanfang: Jetzt verteilen sich die Menschen doch über die Erde, so wie Gott es wollte.
Im Neuen Testament gibt es das Gegenstück: An Pfingsten (Apostelgeschichte 2) hören Menschen aus vielen Ländern die gute Nachricht von Jesus – jeder in seiner eigenen Sprache. Gott bringt die Menschen wieder zusammen, ohne ihre Vielfalt wegzunehmen."
1;1. Mose;11;Von Sem bis Terach;10;26;"Diese Liste führt in zehn Generationen von Sem bis zu Abram – so wie die Liste in Kapitel 5 in zehn Generationen von Adam bis Noah führte.
Die Menschen werden nicht mehr so alt wie früher. Sem wird noch 600 Jahre alt, Nahor nur noch 148. Die Urzeit geht zu Ende.
Nach dem Durcheinander von Babel richtet die Bibel den Blick auf **eine** Familie. Mit ihr will Gott einen neuen Weg für die ganze Menschheit beginnen."
1;1. Mose;11;Die Familie von Terach;27;32;"Jetzt lernen wir die Hauptpersonen der nächsten Kapitel kennen: Abram (später heißt er Abraham), seine Frau Sarai (später Sara) und Lot, den Neffen von Abram.
Ur war eine große, reiche Stadt im Süden des heutigen Irak. Haran ist eine Stadt im Süden der heutigen Türkei. Sie hat fast denselben Namen wie Abrams verstorbener Bruder Haran, aber das ist ein anderer Name im Hebräischen.
Der wichtigste Satz ist ganz kurz: „Sarai hatte kein Kind.“ In der damaligen Zeit war das ein großes Leid. Ohne Kinder hatte eine Familie keine Zukunft.
Aber genau hier, wo menschlich gesehen keine Zukunft ist, fängt Gott etwas ganz Neues an. Davon erzählt das nächste Kapitel."
1;1. Mose;12;Gottes Ruf und Gottes Versprechen;1;3;"Dies ist einer der wichtigsten Abschnitte der ganzen Bibel. Hier beginnt Gottes neuer Weg mit der Menschheit.
Abram soll alles hinter sich lassen, was ihm Halt gibt: seine Heimat, seine Verwandten, das Haus seines Vaters. Und er weiß nicht einmal, wohin die Reise geht. Gott sagt nur: „Ich werde es dir zeigen.“
Erinnere dich an Babel: Dort wollten die Menschen sich selbst „einen Namen machen“. Hier sagt Gott: **Ich** mache deinen Namen groß. Was die Menschen an sich reißen wollten, schenkt Gott.
Fünfmal kommt hier das Wort „segnen“ oder „Segen“ vor. Nach den vielen Flüchen in Kapitel 3 bis 11 beginnt jetzt die Geschichte des Segens.
Und der Segen ist nicht nur für Abram. Durch ihn soll er zu **allen** Familien der Erde kommen. Juden, Christen und Muslime sehen in Abraham bis heute ihren Vater im Glauben."
1;1. Mose;12;Abram bricht auf;4;9;"Abram stellt keine Fragen. Er geht einfach los. Das nennt die Bibel Glauben: Gott so vertrauen, dass man den ersten Schritt macht, auch wenn man den Weg noch nicht kennt.
Abram ist 75 Jahre alt! Für Gott ist niemand zu alt für einen neuen Anfang.
Das Land gehört noch anderen, den Kanaanitern. Abram besitzt dort nichts. Er hat nur Gottes Versprechen.
„Gott erschien ihm“ heißt: Gott zeigte sich ihm auf eine besondere Weise, so dass Abram wusste: Gott ist hier.
Wo Abram hinkommt, baut er einen Altar und betet. So zeigt er: Ich vertraue dem Gott, der mir dieses Land versprochen hat."
1;1. Mose;12;Abram in Ägypten;10;20;"Gerade eben hat Abram Gott voll vertraut. Jetzt bekommt er Angst und greift zu einer Lüge. Um sich selbst zu schützen, bringt er seine Frau in große Gefahr. Die Bibel zeigt ehrlich: Auch große Vorbilder im Glauben machen schwere Fehler.
Sarai war tatsächlich Abrams Halbschwester (das erfahren wir in Kapitel 20). Aber er verschwieg das Wichtigste: dass sie seine Frau war. Eine halbe Wahrheit kann auch eine Lüge sein.
Gott greift ein und schützt Sarai. Er hält sein Versprechen, auch wenn Abram versagt.
Beschämend: Ausgerechnet der fremde König benimmt sich hier anständiger als Abram und stellt ihn zur Rede."
1;1. Mose;13;Zurück an den Anfang;1;4;"Nach seinem Fehler in Ägypten kehrt Abram an den Ort zurück, wo er zum ersten Mal gebetet hat. Das ist wie ein Neuanfang mit Gott.
Wer sich verirrt hat, darf immer wieder zurückkommen."
1;1. Mose;13;Streit unter den Hirten;5;9;"Viel Besitz kann zum Problem werden. Hier führt er zu Streit in der Familie.
Dass auch noch andere Völker im Land wohnen, macht es noch enger.
„Wir sind Brüder“ heißt hier: Wir sind eine Familie. Lot ist eigentlich Abrams Neffe.
Abram ist der Ältere. Er hätte das Recht, zuerst zu wählen. Aber er lässt Lot den Vortritt. Frieden ist ihm wichtiger als der beste Platz.
Abram kann großzügig sein, weil er Gott vertraut: Gott sorgt für mich, egal welches Land ich bekomme."
1;1. Mose;13;Lot wählt mit den Augen;10;13;"Lot wählt nach dem, was er sieht: das grünste, beste Land. Es sieht aus wie das Paradies. Er denkt nur an seinen Vorteil.
Aber Schritt für Schritt kommt er immer näher an Sodom heran, eine Stadt voller Bosheit.
Was schön aussieht, ist nicht immer gut. Die Bibel deutet schon an: Das wird kein gutes Ende nehmen (siehe Kapitel 19)."
1;1. Mose;13;Gott erneuert sein Versprechen;14;18;"Lot hat seine Augen erhoben und für sich gewählt. Jetzt sagt Gott zu Abram: „Heb **du** deine Augen auf – in **alle** Richtungen. Das alles schenke ich dir.“
Wer großzügig ist, kommt bei Gott nicht zu kurz.
Abram hat noch nicht einmal ein einziges Kind. Und Gott verspricht ihm Nachkommen, so zahlreich wie Staubkörner. Das klingt unmöglich. Aber Gott meint es ernst.
Hebron ist bis heute eine wichtige Stadt. Nach der Überlieferung liegt dort das Grab von Abraham und Sara."
1;1. Mose;14;Vier Könige gegen fünf;1;12;"Dies ist die erste Kriegsgeschichte der Bibel. Mächtige Könige aus dem Osten – aus dem Gebiet des heutigen Irak und Iran – beherrschten kleine Stadtkönige am Jordan. Die mussten ihnen Abgaben zahlen. Als sie sich wehren, kommt es zum Krieg.
Die Völker in Vers 5 und 6 sind uralte Völker, über die wir heute wenig wissen. Manche von ihnen galten als besonders groß gewachsen.
Das Salzmeer ist das Tote Meer. Es ist so salzig, dass kein Fisch darin leben kann. In der Gegend gibt es bis heute Erdpech (Asphalt) im Boden.
Lot wollte das schönste Land. Jetzt gerät er mitten in einen Krieg und wird als Gefangener verschleppt."
1;1. Mose;14;Abram greift ein;13;16;"Hier wird Abram zum ersten Mal „der Hebräer“ genannt. Das ist der alte Name für das Volk, aus dem später Israel wird.
Lot hatte sich von Abram getrennt und das bessere Land für sich genommen. Trotzdem lässt Abram ihn nicht im Stich. Er setzt sein Leben für ihn ein.
„Links von Damaskus“: Die Menschen damals schauten nach Osten, wenn sie Richtungen angaben. Links ist dann Norden. Hoba liegt also nördlich von Damaskus.
Mit nur 318 Männern besiegt Abram die Heere von vier Königen. Das zeigt: Gott ist mit ihm."
1;1. Mose;14;Melchisedek;17;20;"Melchisedek ist eine geheimnisvolle Gestalt. Er taucht plötzlich auf und verschwindet wieder. Sein Name bedeutet „König der Gerechtigkeit“. „Salem“ bedeutet „Frieden“. Salem ist wahrscheinlich die Stadt, die später Jerusalem heißt.
Ein Priester ist ein Mensch, der zwischen Gott und den Menschen vermittelt: Er betet für andere und bringt Gott Opfer. Melchisedek gehört nicht zu Abrams Familie – und kennt trotzdem den einen wahren Gott.
„Der Zehnte“ ist ein Zehntel. Abram gibt ein Zehntel von der Beute als Dank an Gott. Daraus entstand später die Sitte, einen Teil vom eigenen Besitz für Gott zu geben.
Brot und Wein: Christen denken dabei an das Abendmahl. Im Neuen Testament (Hebräer 7) wird Jesus mit Melchisedek verglichen."
1;1. Mose;14;Abram will nichts von Sodom;21;24;"Zwei Könige kommen zu Abram. Melchisedek bringt Segen. Der König von Sodom bietet Reichtum an.
Abram nimmt den Segen von Gott an. Aber er nimmt nichts vom König der bösen Stadt Sodom – nicht einmal einen Faden.
„Die Hand zu Gott erheben“ bedeutet: einen feierlichen Schwur ablegen.
Abram will nicht, dass jemand sagen kann: Abram ist durch Sodom reich geworden. Er weiß: Was ich habe, kommt von Gott.
Aber er ist fair zu seinen Verbündeten. Sie sollen bekommen, was ihnen zusteht."
1;1. Mose;15;Schau zu den Sternen;1;6;"Abram hat Angst. Er ist alt, und Gottes Versprechen ist noch nicht in Erfüllung gegangen. Er hat immer noch kein Kind. Damals erbte in so einem Fall ein treuer Knecht den ganzen Besitz.
Abram sagt Gott ehrlich, was ihn bedrückt. Das darf man. Gott ist nicht beleidigt, wenn wir zweifeln und fragen.
Gott antwortet mit einem Bild: Schau in den Nachthimmel. So viele Sterne – so viele Nachkommen wirst du haben.
Vers 6 ist einer der berühmtesten Sätze der Bibel: Abram vertraut Gott. Und Gott sagt: Das genügt. Das macht dich gerecht vor mir. Nicht Leistung, sondern Vertrauen bringt uns in die richtige Beziehung zu Gott. Der Apostel Paulus zitiert diesen Satz im Neuen Testament (Römer 4)."
1;1. Mose;15;Ein seltsames Zeichen;7;11;"Abram fragt nach einem Zeichen. Auch das ist erlaubt. Gott antwortet mit einer feierlichen Handlung.
Das Zerteilen der Tiere klingt für uns heute fremd. Aber so hat man damals einen Vertrag geschlossen: Man legte die Hälften auf zwei Reihen. Die Partner gingen zwischen den Hälften hindurch. Das bedeutete: Wenn ich mein Versprechen breche, soll es mir gehen wie diesen Tieren.
Im Hebräischen heißt „einen Bund schließen“ wörtlich: „einen Bund schneiden“."
1;1. Mose;15;Gott sagt die Zukunft voraus;12;16;"Gott sagt voraus, was viel später passieren wird: Abrams Nachkommen werden in Ägypten Sklaven sein. Danach führt Gott sie in die Freiheit. Davon erzählt das 2. Buch Mose.
„Zu deinen Vorfahren gehen“ ist eine schöne alte Art zu sagen: sterben.
„Die Schuld der Amoriter ist noch nicht voll“: Die Völker in Kanaan bekommen noch viel Zeit. Gott nimmt ihnen das Land nicht einfach weg. Er wartet geduldig. Erst wenn ihre Bosheit übergroß ist, greift er ein.
„Amoriter“ steht hier für alle Völker, die damals in Kanaan wohnten."
1;1. Mose;15;Gott geht allein durch die Tiere;17;21;"Der rauchende Ofen und die Fackel sind Zeichen für Gott selbst. In der Bibel zeigt sich Gott oft in Feuer und Rauch, zum Beispiel später am Berg Sinai.
Das Besondere: Nur Gott geht zwischen den Tierhälften hindurch. Abram schläft. Gott allein verpflichtet sich. Er sagt damit: Ich stehe für dieses Versprechen ein, mit meinem eigenen Leben. Abram muss nichts dazutun.
Der „Fluss Ägyptens“ ist wahrscheinlich ein Bach an der Grenze zwischen Kanaan und Ägypten. Der Euphrat fließt im heutigen Syrien und Irak. Das ist ein riesiges Gebiet.
Die Liste der zehn Völker zeigt: Das Land ist bewohnt. Gottes Versprechen wird sich erst in ferner Zukunft erfüllen."
1;1. Mose;16;Sarais Plan;1;6;"Zehn Jahre warten Abram und Sarai schon. Gottes Versprechen erfüllt sich nicht. Da nimmt Sarai die Sache selbst in die Hand.
Damals war es üblich: Wenn eine Frau keine Kinder bekam, konnte sie ihre Magd ihrem Mann geben. Das Kind der Magd galt dann als ihr eigenes Kind. Für uns heute ist das schwer zu verstehen. Hagar wird nicht gefragt. Sie ist eine Sklavin.
Der eigene Plan bringt nur Streit: Hagar wird stolz, Sarai wird eifersüchtig und hart, Abram drückt sich vor der Verantwortung.
Die Bibel erzählt das ehrlich. Sie zeigt: Wenn wir Gottes Versprechen mit eigenen Mitteln erzwingen wollen, entsteht oft Leid."
1;1. Mose;16;Der Gott, der mich sieht;7;14;"Hagar ist eine Sklavin, eine Ausländerin, schwanger und allein in der Wüste. Niemand kümmert sich um sie. Aber Gott sucht sie und findet sie.
Der „Engel des HERRN“ ist ein Bote Gottes. Oft spricht Gott selbst durch ihn. Darum sagt Hagar später: Ich habe Gott gesehen.
Der Engel nennt sie beim Namen. Er fragt nach ihrer Geschichte: Woher kommst du? Wohin gehst du?
„Ismael“ bedeutet „Gott hört“. Der Name des Kindes erinnert für immer: Gott hat Hagars Elend gehört.
Ein „wilder Esel“ war damals kein Schimpfwort. Gemeint ist: frei, stark, unabhängig, nicht zu zähmen – wie ein Wüstenbewohner.
Hagar ist der erste Mensch in der Bibel, der Gott einen Namen gibt: „Du bist ein Gott, der mich sieht.“ Das ist ein großer Trost für alle, die sich übersehen fühlen."
1;1. Mose;16;Ismael wird geboren;15;16;"Abram gibt dem Kind genau den Namen, den der Engel gesagt hat. Hagar hat ihm also von der Begegnung erzählt, und Abram glaubt ihr.
Viele Araber und Muslime sehen in Ismael ihren Stammvater."
1;1. Mose;17;Gott, der Allmächtige;1;2;"13 Jahre sind seit der Geburt von Ismael vergangen. Gott hat in dieser Zeit geschwiegen. Jetzt spricht er wieder.
„Gott, der Allmächtige“ heißt auf Hebräisch „El Schaddai“. Gott sagt damit: Für mich ist nichts unmöglich – auch nicht ein Kind für einen 99-jährigen Mann.
„Vor mir leben“ heißt: so leben, als ob Gott immer zuschaut – nicht aus Angst, sondern aus Vertrauen."
1;1. Mose;17;Aus Abram wird Abraham;3;8;"Sich mit dem Gesicht zur Erde niederwerfen ist ein Zeichen von tiefer Ehrfurcht.
„Abram“ bedeutet „großer Vater“. „Abraham“ klingt wie „Vater von vielen“. Gott gibt ihm einen neuen Namen, der zu seinem Versprechen passt – noch bevor es eingetroffen ist.
Ein neuer Name bedeutet in der Bibel oft: ein neuer Lebensabschnitt, eine neue Aufgabe.
Der wichtigste Satz ist: „Ich will dein Gott sein.“ Das ist das Herz des Bundes. Gott bindet sich an Menschen – für immer."
1;1. Mose;17;Das Zeichen der Beschneidung;9;14;"Die Beschneidung ist ein kleiner Eingriff: Die Vorhaut am männlichen Glied wird entfernt. Sie wird als Zeichen am eigenen Körper getragen – ein Leben lang.
So wie der Regenbogen das Zeichen für den Bund mit Noah ist, ist die Beschneidung das Zeichen für den Bund mit Abraham und seinen Nachkommen.
Juden feiern die Beschneidung bis heute am achten Lebenstag eines Jungen. Das Fest heißt „Brit Mila“ – „Bund der Beschneidung“. Auch Muslime beschneiden Jungen.
Auch Knechte und Sklaven, die nicht zur Familie gehören, gehören zum Bund dazu. Gottes Bund ist nicht nur für die Blutsverwandten.
Im Neuen Testament wird viel darüber gesprochen, ob Christen, die keine Juden sind, beschnitten werden müssen. Die Apostel entschieden: Nein (Apostelgeschichte 15). Paulus spricht von einer „Beschneidung des Herzens“ (Römer 2,29)."
1;1. Mose;17;Aus Sarai wird Sara;15;22;"Auch Sara bekommt einen neuen Namen. „Sarai“ und „Sara“ bedeuten beide „Fürstin“. Der neue Name zeigt: Sie ist nicht nur eine Nebenfigur. Gottes Versprechen gilt ausdrücklich auch ihr.
Abraham lacht. Das klingt einfach zu unglaublich: Ein Hundertjähriger und eine Neunzigjährige sollen ein Baby bekommen?
Gott ist nicht böse über das Lachen. Er macht daraus sogar den Namen des Kindes: „Isaak“ bedeutet „er lacht“.
Abraham liebt Ismael und bittet für ihn. Gott hört auch diese Bitte: Ismael wird gesegnet und ein großes Volk. Aber der Bund soll durch Isaak weitergehen."
1;1. Mose;17;Abraham gehorcht sofort;23;27;"Abraham zögert nicht. „Noch am selben Tag“ tut er, was Gott gesagt hat.
Ismael wird auch beschnitten. Obwohl der Bund mit Isaak weitergeht, gehört Ismael zur Familie Abrahams und ist nicht ausgeschlossen."
1;1. Mose;18;Abraham nimmt Gäste auf;1;8;"Es ist Mittagshitze. Niemand ist dann gern unterwegs. Trotzdem läuft der alte Abraham den Fremden entgegen. Gastfreundschaft war in der Wüste lebenswichtig – und sie ist bis heute im Orient eine große Ehre.
Abraham sagt bescheiden: „ein Stück Brot“. Dann tischt er ein Festessen auf: frisches Brot, ein Kalb, Butter und Milch.
„Drei große Maß“ – in der Bibel steht „drei Sea“. Das sind etwa 20 Liter Mehl. Das reicht für sehr viele Menschen.
Abraham weiß am Anfang vielleicht nicht, wen er da bewirtet. Im Neuen Testament steht: „Vergesst die Gastfreundschaft nicht. Denn dadurch haben einige, ohne es zu wissen, Engel bewirtet“ (Hebräer 13,2). Das bezieht sich auf diese Geschichte."
1;1. Mose;18;Sara lacht;9;15;"Jetzt merkt man: Einer der drei Gäste ist der HERR selbst. Er weiß sogar, was Sara heimlich denkt.
Sara lacht – wie Abraham in Kapitel 17. Es ist ein ungläubiges Lachen: Das ist doch unmöglich!
Die große Frage in Vers 14 gilt bis heute: „Ist für den HERRN etwas zu wunderbar?“ Oder anders gesagt: Ist für Gott irgendetwas unmöglich?
Gott stellt Sara nicht bloß. Er sagt nur ruhig: „Doch, du hast gelacht.“ Gott nimmt uns auch mit unseren Zweifeln an. Und bald wird Sara vor Freude lachen."
1;1. Mose;18;Gott weiht Abraham ein;16;21;"Gott behandelt Abraham wie einen Freund. Er erzählt ihm, was er vorhat. Abraham wird später in der Bibel „Freund Gottes“ genannt (Jesaja 41,8; Jakobus 2,23).
„Gerecht und richtig handeln“ – das ist die Aufgabe für Abrahams Familie. Sie soll ein Vorbild für die ganze Welt sein.
Das „Geschrei“ über Sodom ist das Schreien der Opfer. In Sodom geschieht großes Unrecht. Die Schwachen schreien um Hilfe – und Gott hört es.
Gott urteilt nicht vorschnell. „Ich will nachsehen.“ Er prüft genau, bevor er richtet."
1;1. Mose;18;Abraham verhandelt mit Gott;22;33;"Das ist eines der erstaunlichsten Gebete der Bibel. Abraham bittet nicht für sich selbst, sondern für eine fremde, böse Stadt. Dort wohnt allerdings auch sein Neffe Lot.
Abraham ist mutig. Er erinnert Gott an seine eigene Gerechtigkeit: „Muss nicht der Richter der ganzen Erde gerecht urteilen?“ Und doch bleibt er demütig: „Ich bin nur Staub und Asche.“
Gott wird nicht ärgerlich. Er geht jedes Mal auf Abrahams Bitte ein. Gott will retten, nicht vernichten. Schon wegen zehn Gerechten würde er eine ganze Stadt verschonen.
Die Geschichte zeigt: Wir dürfen mit Gott ringen, verhandeln und für andere bitten. Gebet verändert etwas."
1;1. Mose;19;Lot nimmt die Gäste auf;1;3;"Zwei der drei Männer aus Kapitel 18 kommen nach Sodom. Jetzt wird klar gesagt: Es sind Engel, also Boten Gottes.
Das Stadttor war damals der wichtigste Platz einer Stadt. Dort trafen sich die angesehenen Männer und sprachen Recht. Lot sitzt dort – er ist also in Sodom ein angesehener Mann geworden.
Lot ist gastfreundlich wie Abraham. Er drängt die Fremden, nicht draußen zu bleiben. Er weiß wohl, wie gefährlich die Nacht in Sodom für Fremde ist.
„Ungesäuertes Brot“ ist Brot ohne Sauerteig. Es geht schnell zu backen."
1;1. Mose;19;Die Männer von Sodom;4;11;"Das ist eine sehr dunkle Szene. Die ganze Stadt will die Fremden mit Gewalt sexuell missbrauchen. Das ist das „Geschrei“, das zu Gott gedrungen ist: Gewalt gegen Schwache und Fremde, Missachtung jedes Gastrechts.
Lot versucht, seine Gäste zu schützen. Aber sein Angebot, seine eigenen Töchter herauszugeben, ist entsetzlich. Die Bibel lobt das nicht. Sie erzählt es einfach so, wie es war. Man sieht daran, wie sehr Sodom auch Lot schon verdorben hat.
Später sagt die Bibel über die Schuld von Sodom: Sie waren hochmütig, hatten Essen im Überfluss, aber halfen den Armen und Elenden nicht (Hesekiel 16,49). Die Geschichte zeigt eine Stadt ohne jedes Mitgefühl.
Am Ende retten nicht Lot die Gäste, sondern die Gäste retten Lot."
1;1. Mose;19;Die Warnung;12;14;"Gott gibt Lots Familie eine Chance zur Rettung. Aber die zukünftigen Schwiegersöhne nehmen die Warnung nicht ernst. Sie lachen darüber.
Lot hat so lange in Sodom gelebt, dass ihm keiner mehr zutraut, von Gott zu reden."
1;1. Mose;19;Die Flucht aus Sodom;15;23;"Lot zögert. Er hängt an seinem Besitz und seinem Leben in Sodom. Die Engel müssen ihn regelrecht an der Hand hinausziehen.
Der wichtigste Satz: „Denn der HERR hatte Erbarmen mit ihm.“ Lot wird nicht gerettet, weil er so gut ist, sondern weil Gott barmherzig ist – und weil Abraham für ihn gebetet hat.
Selbst jetzt verhandelt Lot noch. Und Gott erfüllt ihm sogar diese Bitte.
„Zoar“ bedeutet „klein“. Lot hat ja immer wieder gesagt: „Sie ist nur klein.“"
1;1. Mose;19;Feuer vom Himmel;24;29;"Sodom und Gomorra lagen wahrscheinlich in der Gegend südlich vom Toten Meer. Dort gibt es bis heute viel Salz, Schwefel und Erdpech. Manche Forscher vermuten ein Erdbeben oder eine Naturkatastrophe. Die Bibel sagt: Es war Gottes Gericht.
Lots Frau schaut zurück, obwohl es verboten war. Sie hängt mit dem Herzen noch an Sodom. Jesus erinnert später daran: „Denkt an Lots Frau!“ (Lukas 17,32). Gemeint ist: Wer gerettet wird, soll nicht am alten, bösen Leben festhalten.
Abraham steht am selben Ort, wo er für Sodom gebetet hat. Er sieht nur noch Rauch. Es gab nicht einmal zehn Gerechte.
Aber Vers 29 sagt: Gott dachte an Abraham. Abrahams Gebet war nicht umsonst. Lot wurde gerettet."
1;1. Mose;19;Lot und seine Töchter;30;38;"Das ist ein trauriges Ende für Lot. Er hat das schönste Land gewählt – und am Ende alles verloren: seinen Besitz, seine Frau, sein Ansehen. Jetzt lebt er in einer Höhle.
Die Töchter glauben, sie seien die letzten Menschen weit und breit. Sie haben in Sodom gelernt, dass man sich nimmt, was man will. Was sie tun, ist Inzest – Sex zwischen Vater und Töchtern. Das verbietet die Bibel später ausdrücklich (3. Mose 18).
Die Bibel erzählt das, ohne es gutzuheißen. Sie zeigt nüchtern, wohin der Weg geführt hat.
Moab und Ammon wurden später Nachbarvölker von Israel, östlich vom Jordan. Trotzdem gehen sie nicht verloren: Rut, eine Frau aus Moab, wird eine Vorfahrin von König David und von Jesus (Rut 4; Matthäus 1,5)."
1;1. Mose;20;Wieder die gleiche Lüge;1;2;"Unglaublich: Abraham macht denselben Fehler wie in Ägypten (Kapitel 12). Wieder gibt er seine Frau als Schwester aus, um sich selbst zu schützen.
Und das ausgerechnet jetzt – kurz bevor Sara den versprochenen Sohn bekommen soll. Gottes ganzes Versprechen steht auf dem Spiel.
Gerar liegt im Süden des Landes, nahe beim heutigen Gazastreifen."
1;1. Mose;20;Gott warnt den König im Traum;3;8;"Gott greift wieder ein, um Sara zu schützen. Er spricht sogar zu einem fremden König, der nicht zu Abrahams Familie gehört.
Abimelech ist ehrlich und anständig. Er hat nichts Böses gewusst. Gott erkennt das an.
Ein „Prophet“ ist ein Mensch, durch den Gott spricht und der eine besondere Nähe zu Gott hat. Hier wird zum ersten Mal in der Bibel jemand Prophet genannt – ausgerechnet Abraham, der gerade gelogen hat. Gott hält an Abraham fest, trotz seiner Fehler."
1;1. Mose;20;Der König stellt Abraham zur Rede;9;13;"Abraham hat gedacht: Hier gibt es keine Gottesfurcht. Aber er hat sich getäuscht. Der fremde König hat mehr Ehrfurcht vor Gott gezeigt als Abraham selbst.
Man soll nicht vorschnell über andere urteilen, nur weil sie fremd sind.
Abraham entschuldigt sich mit einer halben Wahrheit: Sara ist seine Halbschwester. Damals war so eine Ehe noch erlaubt. Später hat Gott sie verboten (3. Mose 18,9)."
1;1. Mose;20;Abimelech macht alles wieder gut;14;18;"Abimelech ist großzügig. Er gibt Sara zurück, beschenkt Abraham und zahlt viel Silber, damit niemand schlecht über Sara redet. Wörtlich steht da: Es soll eine „Decke über die Augen“ sein – das heißt, alle sollen wegschauen und die Sache vergessen.
Abraham, der Schuldige, betet für den König, der unschuldig war. Und Gott erhört dieses Gebet.
Merkwürdig und schön: Abimelechs Haus bekommt wieder Kinder. Und im nächsten Kapitel bekommt endlich auch Sara ihr Kind."
1;1. Mose;21;Endlich: Isaak;1;7;"25 Jahre hat Abraham gewartet, seit Gott ihn in Haran gerufen hat. Jetzt ist es endlich so weit. Gott hält sein Versprechen – genau zur angekündigten Zeit.
Erinnerst du dich? Abraham und Sara haben beide ungläubig gelacht (Kapitel 17 und 18). Jetzt lacht Sara wieder – aber diesmal vor Freude. Aus dem Lachen des Zweifels wird ein Lachen des Glücks.
Darum heißt das Kind „Isaak“, das bedeutet: „Er lacht“."
1;1. Mose;21;Streit beim Fest;8;13;"Kinder wurden damals erst mit etwa zwei oder drei Jahren entwöhnt. Ein Fest dafür war üblich, denn viele Kinder starben früh.
Ismael ist jetzt ein Jugendlicher, etwa 16 Jahre alt. Er „macht sich lustig“ – im Hebräischen klingt das wie „Isaak spielen“, ein Wortspiel mit dem Namen Isaak. Was genau er tut, ist nicht ganz klar. Sara empfindet es als Bedrohung für ihren Sohn.
Abraham liebt Ismael. Es zerreißt ihm das Herz.
Gott tröstet Abraham: Ich sorge auch für Ismael. Er ist auch dein Kind, und ich vergesse ihn nicht."
1;1. Mose;21;Hagar und Ismael in der Wüste;14;21;"Das ist eine herzzerreißende Szene. Eine Mutter sitzt in der Wüste und kann nicht mit ansehen, wie ihr Kind verdurstet.
Aber zum zweiten Mal begegnet Gott Hagar in der Wüste (das erste Mal war in Kapitel 16). Wieder sieht er sie. Wieder hört er.
Der Name „Ismael“ bedeutet „Gott hört“. Genau das passiert hier: „Gott hörte die Stimme des Jungen.“
Der Brunnen war vielleicht die ganze Zeit da. Gott „öffnet ihr die Augen“. Manchmal ist Hilfe näher, als wir in unserer Verzweiflung sehen können.
Ein Bogenschuss weit sind etwa 100 Meter."
1;1. Mose;21;Ein Vertrag am Brunnen;22;34;"In der trockenen Gegend ist ein Brunnen lebenswichtig. Streit um Wasser gab es oft.
Abraham und Abimelech lösen den Streit friedlich mit einem Vertrag. Die sieben Schafe sind wie eine Quittung: Wer sie annimmt, erkennt an, dass Abraham den Brunnen gegraben hat.
„Beerscheba“ heißt „Brunnen des Schwurs“ oder „Brunnen der Sieben“. Im Hebräischen klingen „sieben“ und „schwören“ fast gleich. Beerscheba ist bis heute eine große Stadt im Süden Israels.
Eine Tamariske ist ein Baum, der in der Wüste wächst und lange Schatten spendet. Wer einen Baum pflanzt, plant für die Zukunft. Abraham beginnt, im versprochenen Land Wurzeln zu schlagen.
„Der ewige Gott“ – Abraham lernt Gott immer besser kennen. Er gibt ihm einen neuen Namen: Gott ist der, der immer da ist und immer bleibt."
1;1. Mose;22;Gott stellt Abraham auf die Probe;1;2;"Dies ist eine der schwersten und dunkelsten Geschichten der Bibel. Juden nennen sie „die Bindung Isaaks“.
Der Leser erfährt gleich am Anfang: Es ist eine **Prüfung**. Gott will Isaak nicht wirklich töten lassen. Aber Abraham weiß das nicht.
Gott verlangt das Unvorstellbare: den Sohn, auf den Abraham 25 Jahre gewartet hat. Den Sohn, durch den alle Versprechen Gottes in Erfüllung gehen sollen.
Beachte, wie Gott Isaak beschreibt: „deinen Sohn – deinen einzigen – den du liebst – Isaak.“ Jedes Wort macht es schwerer. Gott weiß genau, wie viel er verlangt.
Ein Brandopfer ist ein Tier, das auf einem Altar ganz für Gott verbrannt wird.
Morija ist nach jüdischer Überlieferung der Berg, auf dem später in Jerusalem der Tempel gebaut wurde (2. Chronik 3,1)."
1;1. Mose;22;Der schwere Weg;3;8;"Abraham sagt kein Wort. Er widerspricht nicht. Er steht früh auf und geht los. Drei Tage lang ist er unterwegs – drei Tage, in denen er jederzeit umkehren könnte.
Zu den Knechten sagt er: „**Wir** kommen zurück.“ Hofft Abraham, dass Gott eingreift? Im Neuen Testament steht: Abraham vertraute darauf, dass Gott sogar Tote wieder lebendig machen kann (Hebräer 11,19).
Isaak trägt selbst das Holz. Christen denken hier an Jesus, der sein Kreuz selbst tragen musste.
Isaaks Frage ist herzzerreißend: „Wo ist das Lamm?“ Abrahams Antwort ist ein Satz voller Vertrauen: „Gott wird sich das Lamm selbst aussuchen.“
Zweimal steht da: „So gingen die beiden miteinander.“ Vater und Sohn gehen den schweren Weg gemeinsam."
1;1. Mose;22;Halt!;9;14;"Im letzten Moment greift Gott ein. Gott will **keine** Menschenopfer. Viele Völker damals opferten ihren Göttern Kinder. Die Bibel sagt hier ganz deutlich: Der Gott Israels will das nicht. Später verbietet er es ausdrücklich (3. Mose 18,21; 5. Mose 12,31).
„Gott fürchten“ heißt nicht: Angst vor Gott haben. Es heißt: Gott so ernst nehmen und ihm so sehr vertrauen, dass er an erster Stelle steht – sogar vor dem Liebsten, was man hat.
Ein Tier stirbt „anstelle“ von Isaak. Gott hat selbst gesorgt, genau wie Abraham gesagt hat.
Der Ortsname heißt auf Hebräisch „Adonai Jire“. Das bedeutet „Der HERR sieht“ und gleichzeitig „Der HERR sorgt vor“. Wenn Gott hinsieht, dann sorgt er auch.
Christen sehen in dieser Geschichte ein Bild für Jesus: Gott hat das, was er Abraham erspart hat, selbst getan. Er hat seinen eigenen, geliebten Sohn gegeben (Johannes 3,16; Römer 8,32). Jesus wird im Neuen Testament „das Lamm Gottes“ genannt (Johannes 1,29).
Viele Menschen finden diese Geschichte bis heute schwer zu ertragen. Das ist verständlich. Auch Juden und Christen haben über die Jahrhunderte viel mit ihr gerungen."
1;1. Mose;22;Gottes Schwur;15;19;"Gott schwört „bei sich selbst“. Es gibt niemand Größeren, bei dem er schwören könnte. Das ist der stärkste Schwur, den es gibt.
Gott wiederholt alle seine Versprechen – und macht sie noch größer: wie die Sterne am Himmel **und** wie der Sand am Meer.
„Die Tore der Feinde erobern“ heißt: Die Nachkommen werden stark sein und sich gegen ihre Feinde behaupten.
Abraham kehrt zurück. Und Isaak? Er wird hier nicht erwähnt. Aber wir wissen aus den nächsten Kapiteln: Er lebt."
1;1. Mose;22;Neuigkeiten von der Familie;20;24;"Nach der dramatischen Geschichte kommt wieder eine Namensliste. Sie scheint unwichtig, aber ein Name ist ganz wichtig: **Rebekka**. Sie wird später die Frau von Isaak (Kapitel 24).
Eine „Nebenfrau“ war damals eine Frau, die mit einem Mann zusammenlebte und Kinder von ihm bekam, aber weniger Rechte hatte als die Hauptfrau.
Nahor hat zwölf Söhne – genau wie später Ismael und Jakob. Die Zahl Zwölf steht in der Bibel oft für ein vollständiges Volk."
1;1. Mose;23;Abraham trauert um Sara;1;2;"Sara ist die einzige Frau in der Bibel, bei der das Lebensalter genannt wird. Das zeigt, wie wichtig sie ist. Sie ist die Mutter des Volkes Israel.
Abraham weint um seine Frau. Auch ein Mann des Glaubens darf trauern und weinen. Glaube und Trauer gehören zusammen.
Die „Totenklage“ war damals ein fester Brauch: Man trauerte laut und öffentlich um einen Verstorbenen."
1;1. Mose;23;Abraham bittet um eine Grabstelle;3;9;"Gott hat Abraham das ganze Land versprochen. Aber bis jetzt besitzt er darin keinen einzigen Quadratmeter. Er lebt dort als Fremder.
Die Hetiter sind ein Volk, das damals im Land wohnte.
Sie behandeln Abraham mit großem Respekt: „ein Fürst Gottes“.
Abraham will das Grab aber nicht geschenkt haben und auch nicht nur leihen. Er will es kaufen – als festen, eigenen Besitz."
1;1. Mose;23;Die Verhandlung;10;16;"So verhandelte man damals im Orient: Zuerst tut der Verkäufer so, als wolle er alles verschenken. Dann nennt er „ganz nebenbei“ einen Preis. Und der ist hoch.
Ein Schekel war damals kein Geldstück, sondern ein Gewicht, etwa 11 Gramm. 400 Schekel sind ungefähr 4,5 Kilogramm Silber. Das war sehr viel Geld.
Abraham feilscht nicht. Er bezahlt den vollen Preis, öffentlich und vor Zeugen. Niemand soll später sagen können, das Grab gehöre ihm nicht."
1;1. Mose;23;Das erste Stück vom versprochenen Land;17;20;"Das erste Stück Land, das Abraham im versprochenen Land besitzt, ist ein Grab. Das klingt traurig. Aber es ist auch ein Zeichen der Hoffnung: Abraham glaubt fest daran, dass seine Nachkommen hier einmal leben werden.
Später werden in dieser Höhle auch Abraham selbst, Isaak, Rebekka, Jakob und Lea begraben.
Die Höhle Machpela in Hebron ist bis heute ein heiliger Ort für Juden, Christen und Muslime."
1;1. Mose;24;Abrahams Auftrag;1;9;"Abraham ist alt und denkt an die Zukunft. Isaak soll eine Frau aus der eigenen Verwandtschaft heiraten, nicht aus den Völkern in Kanaan, die andere Götter verehren.
„Die Hand unter die Hüfte legen“ war damals eine sehr feierliche Art zu schwören. Die Hüfte stand für die Nachkommen und das Leben.
Isaak soll auf keinen Fall zurück nach Mesopotamien. Das Land Kanaan ist das Land von Gottes Versprechen. Der Weg geht nach vorn, nicht zurück.
Abraham vertraut: Gott wird seinen Engel vorausschicken."
1;1. Mose;24;Das Gebet am Brunnen;10;14;"Mesopotamien ist das Land zwischen den Flüssen Euphrat und Tigris, im heutigen Syrien und Irak. Die Reise dorthin war viele hundert Kilometer lang.
Der Knecht betet. Er überlässt die wichtige Entscheidung nicht dem Zufall, sondern Gott.
Sein Zeichen ist klug gewählt: Ein Kamel kann nach einer langen Reise bis zu 100 Liter Wasser trinken. Zehn Kamele zu tränken ist harte Arbeit. Eine Frau, die das freiwillig anbietet, ist hilfsbereit, fleißig und großzügig."
1;1. Mose;24;Rebekka;15;27;"Gott antwortet, noch bevor der Knecht fertig gebetet hat.
Rebekka tut genau das, was der Knecht im Gebet gesagt hat – und noch mehr. Sie läuft und schöpft, bis alle zehn Kamele satt sind.
Und sie gehört genau zu der Familie, aus der Isaaks Frau kommen soll: Sie ist die Enkelin von Abrahams Bruder Nahor (siehe Kapitel 22).
Der Knecht vergisst nicht, Gott zu danken. Er lobt Gott für seine „Gnade und Treue“ – das heißt: Gott meint es gut und hält, was er verspricht."
1;1. Mose;24;Laban empfängt den Knecht;28;33;"Laban wird später noch wichtig (in der Geschichte von Jakob). Schon hier sieht man: Er schaut sehr genau auf das Gold. Er ist ein Mann, dem Reichtum viel bedeutet.
Der Knecht ist ganz bei seinem Auftrag. Er will nicht essen, bevor er seine Botschaft gesagt hat."
1;1. Mose;24;Der Knecht erzählt alles;34;49;"Der Knecht erzählt die ganze Geschichte noch einmal. Die Bibel wiederholt sie absichtlich ausführlich. So wird klar: Hier hat nicht der Zufall gewirkt, sondern Gott.
„Nach rechts oder nach links wenden“ heißt: Dann weiß ich, wie es weitergeht, und kann woanders suchen."
1;1. Mose;24;Rebekka sagt Ja;50;61;"Selbst Laban und Betuël erkennen: Hier hat Gott gehandelt.
Wichtig: Rebekka wird gefragt. Sie entscheidet selbst. Und sie sagt mutig: „Ja, ich will gehen.“
Damit tut sie dasselbe wie Abraham: Sie verlässt ihre Heimat und ihre Familie und geht in ein fremdes Land, im Vertrauen auf Gott.
Eine „Amme“ ist eine Frau, die sich von klein auf um ein Kind gekümmert hat, wie eine Kinderfrau.
Der Segen ihrer Familie klingt fast genauso wie Gottes Segen für Abraham in Kapitel 22."
1;1. Mose;24;Isaak und Rebekka;62;67;"Beer-Lachai-Roï ist der Brunnen, an dem Gott Hagar begegnet ist: „Der Gott, der mich sieht“ (Kapitel 16).
Isaak ist ein stiller, nachdenklicher Mensch. Er geht am Abend hinaus, um allein zu sein und zu beten.
Dass Rebekka ihren Schleier nimmt, war damals ein Brauch: Die Braut verhüllte sich vor dem Bräutigam bis zur Hochzeit.
Der letzte Satz ist sehr berührend: „Er liebte sie.“ Es ist das erste Mal in der Bibel, dass ausdrücklich steht, dass ein Mann seine Frau liebt.
Isaak hat lange um seine Mutter getrauert. Jetzt findet er Trost in der Liebe zu Rebekka."
1;1. Mose;25;Abrahams weitere Kinder;1;6;"Abraham bekommt auch nach Saras Tod noch viele Kinder. Gottes Versprechen, ihn zum „Vater vieler Völker“ zu machen, erfüllt sich auch so.
Von Midian stammen die Midianiter ab. Sie kommen später noch oft vor, zum Beispiel in der Geschichte von Mose.
Isaak ist der Haupterbe. Die anderen Söhne werden aber nicht vergessen: Abraham sorgt für sie mit Geschenken. Dann schickt er sie weg, damit es später keinen Streit ums Erbe gibt."
1;1. Mose;25;Abraham stirbt;7;11;"„Alt und lebenssatt“ – Abraham hatte ein erfülltes Leben. Er hat genug gelebt und kann in Frieden gehen, wie Gott es ihm versprochen hatte (Kapitel 15,15).
„Mit seinen Vorfahren vereint werden“ ist eine alte Art zu sagen: sterben und zu denen gehen, die schon gestorben sind. Es klingt nach Hoffnung: Der Tod ist nicht einfach das Ende.
Schön: Isaak und Ismael begraben ihren Vater **gemeinsam**. Am Grab des Vaters kommen die Brüder wieder zusammen.
Gottes Segen geht jetzt an Isaak weiter."
1;1. Mose;25;Die Familie von Ismael;12;18;"Gott hält sein Versprechen an Hagar und Abraham: Ismael wird ein großes Volk mit zwölf Fürsten (Kapitel 17,20).
Kedar und Nebajot waren später bekannte arabische Stämme in der Wüste.
„Gegenüber seinen Brüdern“ erinnert an das Wort des Engels zu Hagar (Kapitel 16,12). Ismaels Nachkommen leben eigenständig, für sich."
1;1. Mose;25;Zwei Völker in einem Bauch;19;26;"Paddan-Aram ist das Gebiet um die Stadt Haran in Mesopotamien. Dort lebte Abrahams Verwandtschaft.
Auch Rebekka kann zuerst keine Kinder bekommen – wie Sara. 20 Jahre warten Isaak und Rebekka. Isaak betet, und Gott hört.
Die Schwangerschaft ist schwer. Rebekka geht mit ihrer Not zu Gott. Die Antwort: Die beiden Kinder werden zwei Völker. Und gegen alle Regeln der damaligen Zeit wird der Jüngere über dem Älteren stehen.
„Esau“ klingt nach „behaart“. Esau hat auch noch einen zweiten Namen: Edom, das heißt „rot“.
„Jakob“ klingt im Hebräischen wie „Ferse“. Es kann auch heißen: „einer, der festhält“ oder „einer, der betrügt“. Das passt zu seiner Geschichte."
1;1. Mose;25;Zwei ganz verschiedene Brüder;27;28;"Die Zwillinge sind völlig verschieden: Esau ist der wilde, starke Naturbursche. Jakob ist der stille, kluge Typ, der lieber zu Hause bleibt.
Ein großes Problem: Die Eltern haben jeweils einen Lieblingssohn. Das wird später zu viel Streit und Leid führen. Eltern sollten ihre Kinder nicht unterschiedlich lieben."
1;1. Mose;25;Das Linsengericht;29;34;"Das „Erstgeburtsrecht“ hatte damals der älteste Sohn. Er bekam bei der Erbschaft einen doppelten Anteil und wurde nach dem Vater das Oberhaupt der Familie. In dieser Familie bedeutete es noch mehr: Wer es hatte, trug Gottes Versprechen an Abraham weiter.
Esau verkauft dieses große Geschenk für eine Schüssel Linsensuppe. Er denkt nur an seinen Hunger im Augenblick. Er sieht nicht, was er dabei für immer verliert.
Jakob ist aber auch kein Vorbild. Er nutzt die Schwäche seines Bruders kaltblütig aus.
Die Bibel urteilt am Ende über Esau: Er hat das Erstgeburtsrecht verachtet. Im Neuen Testament wird er als Warnung genannt (Hebräer 12,16).
Bis heute sagt man im Deutschen: „etwas für ein Linsengericht verkaufen“. Das heißt: etwas sehr Wertvolles für fast nichts hergeben."
1;1. Mose;26;Gott erneuert sein Versprechen an Isaak;1;6;"Isaak erlebt dasselbe wie sein Vater: eine Hungersnot. Aber Gott sagt ihm: Bleib im Land. Ich bin bei dir.
Gott gibt Isaak dieselben Versprechen, die er Abraham gegeben hat: Land, viele Nachkommen und Segen für alle Völker. Der Bund geht weiter, von Generation zu Generation.
Isaak gehorcht und bleibt."
1;1. Mose;26;Isaak wiederholt Abrahams Fehler;7;11;"Wie der Vater, so der Sohn: Isaak macht genau denselben Fehler wie Abraham (Kapitel 12 und 20). Schwächen und Ängste werden oft in Familien weitergegeben.
Der Abimelech hier ist wahrscheinlich nicht derselbe König wie bei Abraham. „Abimelech“ war vermutlich ein Titel der Könige von Gerar, so wie „Pharao“ in Ägypten.
Wieder ist der fremde König anständiger als der Mann Gottes. Und wieder schützt Gott die Frau."
1;1. Mose;26;Isaak wird reich – und beneidet;12;17;"Hundertmal so viel ernten – das ist eine riesige Ernte, mitten in einer Zeit der Hungersnot. Das ist Gottes Segen.
Aber Erfolg macht Neider. Die Philister zerstören die Brunnen. In der Wüste ist das ein schlimmer Angriff, denn ohne Wasser kann man nicht leben.
Isaak wehrt sich nicht mit Gewalt. Er geht weg."
1;1. Mose;26;Streit um die Brunnen;18;22;"Isaak ist ein friedlicher Mann. Zweimal wird ihm sein Brunnen weggenommen. Er kämpft nicht, sondern zieht weiter und gräbt einen neuen.
Am Ende findet er einen Ort ohne Streit: „Rehobot“ – Weite. Er sieht darin Gottes Geschenk.
Wer nachgibt, verliert nicht unbedingt. Manchmal öffnet Gott gerade so einen neuen, weiten Raum."
1;1. Mose;26;Gott erscheint Isaak in Beerscheba;23;25;"„Hab keine Angst, denn ich bin bei dir“ – das ist einer der häufigsten Sätze in der Bibel. Gott sagt ihn immer wieder zu Menschen, die unsicher sind.
Isaak tut, was sein Vater Abraham getan hat: Er baut einen Altar und betet. Er hat den Glauben seines Vaters übernommen."
1;1. Mose;26;Frieden mit Abimelech;26;33;"Die Philister haben Isaak vertrieben. Jetzt kommen sie selbst zu ihm und wollen Frieden. Sie haben erkannt: Gott ist mit diesem Mann.
Isaak ist nicht nachtragend. Obwohl sie ihn schlecht behandelt haben, lädt er sie zum Essen ein.
Und genau am Tag des Friedensschlusses finden seine Knechte Wasser. Frieden und Segen gehören zusammen.
Beerscheba hatte schon Abraham so genannt (Kapitel 21). Isaak bestätigt den alten Namen: „Brunnen des Schwurs“."
1;1. Mose;26;Esaus Frauen;34;35;"Abraham wollte unbedingt, dass Isaak keine Frau aus den Völkern Kanaans heiratet (Kapitel 24). Esau kümmert das nicht. Er heiratet gleich zwei hetitische Frauen.
Das zeigt wieder: Esau achtet das Erbe Abrahams und Gottes Versprechen nicht.
Für die Eltern ist das ein großer Kummer. Das bereitet schon die nächste Geschichte vor."
1;1. Mose;27;Isaak will Esau segnen;1;4;"Der Segen des Vaters war damals sehr wichtig. Man glaubte: Was der Vater vor seinem Tod segnend zusagt, das gilt. Es kann nicht zurückgenommen werden. Es bestimmt die Zukunft.
Isaak will den Segen Esau geben, seinem Lieblingssohn. Aber Gott hatte vor der Geburt gesagt: „Der Ältere wird dem Jüngeren dienen“ (Kapitel 25,23). Isaak hält sich nicht daran.
Ein Köcher ist ein Behälter für Pfeile."
1;1. Mose;27;Rebekkas Plan;5;17;"Rebekka weiß von Gottes Wort, dass Jakob den Vorrang haben soll. Aber statt Gott zu vertrauen, nimmt sie die Sache selbst in die Hand – mit einem Betrug.
Jakob hat keine Bedenken, dass es falsch ist. Er hat nur Angst, erwischt zu werden.
Die ganze Familie ist zerrissen: Jeder Elternteil kämpft für sein Lieblingskind. Niemand spricht offen miteinander."
1;1. Mose;27;Jakob vor seinem Vater;18;29;"Jakob lügt seinem blinden Vater dreimal direkt ins Gesicht. Er benutzt sogar Gottes Namen für seine Lüge: „Der HERR, dein Gott, hat es mir gelingen lassen.“
Isaak ist misstrauisch. Er hört die Stimme, er tastet, er fragt noch einmal nach. Aber er lässt sich vom Geruch und vom Fell täuschen.
Der Segen ist ein Segen für ein fruchtbares Land und für Macht. Und er wiederholt das, was Gott zu Abraham gesagt hat: „Wer dich segnet, der sei gesegnet.“
Tau war im trockenen Land sehr wichtig. Er befeuchtet nachts die Pflanzen, auch wenn es lange nicht regnet."
1;1. Mose;27;Esau kommt zurück;30;40;"Isaak zittert am ganzen Körper. Er merkt: Ich wollte gegen Gottes Wort handeln, und Gott hat es trotzdem so gelenkt, wie er es gesagt hatte. Darum sagt er: „Er wird auch gesegnet bleiben.“
Esaus Schrei und seine Tränen sind herzzerreißend. Die Bibel zeigt sein Leid mit viel Mitgefühl. Er ist nicht nur der Bösewicht.
„Jakob“ klingt wie „Fersenhalter“ oder „Betrüger“. Esau sagt bitter: Der Name passt!
Vers 39 kann man im Hebräischen auf zwei Arten lesen: „vom fruchtbaren Boden“ oder „fern vom fruchtbaren Boden“. Die meisten Bibeln übersetzen „fern“, weil Esaus Nachkommen, die Edomiter, später in einem kargen, bergigen Land südöstlich vom Toten Meer lebten.
Ein „Joch“ ist ein Holzbalken, mit dem man Ochsen vor den Pflug spannt. Es ist ein Bild für Unterdrückung. Isaak sagt voraus: Edom wird Israel dienen, sich aber eines Tages befreien. So geschah es später auch (2. Könige 8,20–22)."
1;1. Mose;27;Esau will Jakob töten;41;46;"Der Betrug hat schlimme Folgen. Aus dem zerstrittenen Bruderpaar wird fast ein zweites Kain und Abel.
„Warum soll ich euch beide an einem Tag verlieren?“ – Rebekka fürchtet: Wenn Esau Jakob tötet, verliert sie Jakob. Und Esau müsste als Mörder fliehen oder würde selbst getötet.
Rebekka sagt, Jakob soll nur „eine Zeit lang“ fort sein. In Wirklichkeit wird er 20 Jahre wegbleiben. Und Rebekka wird ihren Lieblingssohn nie wiedersehen. Die Bibel erzählt nichts mehr von ihr, außer ihrem Grab (Kapitel 49,31).
Mit Vers 46 bringt Rebekka Isaak geschickt dazu, Jakob wegzuschicken – ohne ihm von Esaus Mordplänen zu erzählen.
Die ganze Geschichte zeigt: Gott erreicht sein Ziel, auch durch die Fehler der Menschen hindurch. Aber das macht den Betrug nicht gut. Jeder in dieser Familie muss teuer dafür bezahlen."
1;1. Mose;28;Isaak segnet Jakob und schickt ihn weg;1;5;"Jetzt segnet Isaak Jakob noch einmal – diesmal mit offenen Augen. Er weiß, wen er segnet. Und er gibt ihm ausdrücklich den „Segen Abrahams“ weiter: Land, Nachkommen und Gottes Nähe.
Paddan-Aram ist das Gebiet um die Stadt Haran, die alte Heimat von Abrahams Familie. Jakob geht denselben Weg wie Abrahams Knecht in Kapitel 24 – nur umgekehrt, und als Flüchtling."
1;1. Mose;28;Esau heiratet noch eine Frau;6;9;"Esau merkt erst jetzt, dass seine Frauen den Eltern Kummer machen. Er versucht es wiedergutzumachen und heiratet eine Frau aus Abrahams Familie.
Esau will seinem Vater gefallen. Das ist irgendwie rührend. Aber er versteht nicht wirklich, worum es geht. Er nimmt einfach noch eine Frau dazu."
1;1. Mose;28;Die Treppe zum Himmel;10;15;"Jakob ist allein auf der Flucht. Er hat seinen Bruder betrogen und seine Familie verloren. Er schläft unter freiem Himmel, mit einem Stein als Kopfkissen. Ganz unten.
Und genau dort begegnet ihm Gott. Nicht im Tempel, nicht in einem heiligen Moment, sondern auf der Flucht, nach einem schweren Fehler.
Die Treppe (oft auch „Himmelsleiter“ genannt) verbindet Himmel und Erde. Das Bild sagt: Gott ist nicht weit weg. Zwischen ihm und uns gibt es eine Verbindung.
Gott macht Jakob keine Vorwürfe. Er gibt ihm Versprechen: „Ich bin mit dir. Ich behüte dich. Ich verlasse dich nicht.“
Jesus bezieht sich im Neuen Testament auf diese Geschichte. Er sagt, dass er selbst diese Verbindung zwischen Himmel und Erde ist (Johannes 1,51)."
1;1. Mose;28;Jakob wacht auf;16;22;"„Der HERR ist an diesem Ort, und ich wusste es nicht.“ Das ist ein wunderbarer Satz. Gott ist oft näher, als wir merken – gerade an Orten, wo wir ihn gar nicht erwarten.
„Bet-El“ heißt „Haus Gottes“.
Mit dem Öl weiht Jakob den Stein. Er macht ihn zu einem Erinnerungszeichen: Hier ist mir Gott begegnet.
Ein „Gelübde“ ist ein feierliches Versprechen an Gott.
Jakob ist noch vorsichtig. Er sagt: „**Wenn** Gott mit mir ist …, **dann** soll er mein Gott sein.“ Er ist noch nicht so weit wie Abraham. Er glaubt erst einmal auf Probe. Aber Gott geht auf ihn ein. Gott hat Geduld mit Menschen, deren Glaube noch klein ist."
1;1. Mose;29;Am Brunnen;1;8;"Wieder eine Begegnung am Brunnen – wie bei Abrahams Knecht und Rebekka (Kapitel 24). Brunnen waren damals Treffpunkte. Dort lernte man Menschen kennen.
Der Stein auf dem Brunnen schützte das Wasser. Er war so schwer, dass man ihn nur gemeinsam bewegen konnte. So konnte niemand heimlich Wasser stehlen.
„Laban, der Sohn von Nahor“ – „Sohn“ heißt hier: Nachkomme. Genau gesagt war Laban der Enkel von Nahor (siehe Kapitel 24,24 und 29)."
1;1. Mose;29;Jakob trifft Rahel;9;14;"Jakob rollt den schweren Stein ganz allein weg. Die Liebe gibt ihm Kraft.
Er weint vor Freude und Erleichterung. Nach der langen, einsamen Flucht hat er endlich seine Familie gefunden.
Der Kuss war damals eine normale Begrüßung unter Verwandten.
„Mein Fleisch und Blut“ heißt: Du gehörst zur Familie."
1;1. Mose;29;Sieben Jahre für Rahel;15;20;"Damals musste ein Bräutigam der Familie der Braut einen Brautpreis bezahlen. Jakob hat kein Geld, er ist geflohen. Darum bietet er seine Arbeit an: sieben Jahre.
Was „matte Augen“ bei Lea genau bedeutet, ist nicht klar. Vielleicht hatte sie sanfte, zarte Augen. Vielleicht waren ihre Augen schwach. Jedenfalls ist sie weniger auffallend schön als ihre Schwester.
Vers 20 ist einer der schönsten Liebessätze der Bibel: Sieben Jahre kommen Jakob vor wie ein paar Tage, weil er Rahel so liebt."
1;1. Mose;29;Der Betrüger wird betrogen;21;30;"Wie konnte Jakob das nicht merken? Die Braut war damals verschleiert, es war dunkel, und beim Fest gab es viel Wein.
Jetzt erlebt Jakob am eigenen Leib, wie es ist, betrogen zu werden. Er hat seinen blinden Vater getäuscht, indem er sich als der Ältere ausgab. Jetzt wird er getäuscht, weil die Ältere sich als die Jüngere ausgibt.
Labans Antwort trifft genau: „Bei uns gibt man nicht die Jüngere vor der Erstgeborenen.“ Das muss Jakob schwer getroffen haben – er hatte ja genau das getan: sich als Jüngerer vor den Erstgeborenen gedrängt.
Die Bibel sagt das nicht ausdrücklich. Aber sie zeigt: Was man anderen antut, kommt oft zu einem zurück.
Eine Hochzeit dauerte damals eine ganze Woche.
Später verbietet das Gesetz, zwei Schwestern gleichzeitig zu heiraten (3. Mose 18,18). Man sieht in diesem Kapitel, warum: Es bringt viel Leid."
1;1. Mose;29;Lea bekommt Söhne;31;35;"Lea leidet sehr. Sie wird nicht geliebt. Im Text steht wörtlich sogar: Sie wurde „gehasst“. Gemeint ist: zurückgesetzt, weniger geliebt.
Aber Gott sieht sie. So wie er Hagar gesehen hat. Gott steht auf der Seite der Übersehenen.
Die Namen der Kinder erzählen Leas Gefühle:
Ruben klingt wie „Seht, ein Sohn!“ und „Er hat mein Elend gesehen“.
Simeon klingt wie „Er hat gehört“.
Levi klingt wie „anhängen, verbunden sein“.
Juda klingt wie „loben“.
Bei den ersten drei Söhnen hofft Lea noch, dass Jakob sie endlich liebt. Beim vierten wendet sie sich Gott zu: „Diesmal will ich den HERRN loben.“ Sie findet ihren Wert nicht mehr nur in Jakobs Liebe, sondern bei Gott.
Aus Levi werden später die Priester Israels kommen. Aus Juda kommen König David und – nach christlichem Glauben – Jesus. Die ungeliebte Lea wird die Mutter der wichtigsten Stämme."
1;1. Mose;30;Rahel und ihre Magd Bilha;1;8;"Rahel wird geliebt, aber sie bekommt keine Kinder. Lea bekommt Kinder, aber sie wird nicht geliebt. Beide Schwestern leiden – und sind eifersüchtig aufeinander.
Jakobs Antwort ist hart, aber wahr: Kinder sind ein Geschenk Gottes. Kein Mensch kann sie „machen“.
Rahel macht dasselbe wie Sara mit Hagar: Sie gibt ihre Magd ihrem Mann. „Auf meinen Knien gebären“ war ein Brauch: Die Herrin nahm das Kind nach der Geburt auf ihren Schoß. Damit zeigte sie: Das ist mein Kind.
Dan bedeutet „Er hat Recht verschafft“. Naftali bedeutet „mein Kampf“."
1;1. Mose;30;Lea und ihre Magd Silpa;9;13;"Jetzt macht Lea es ihrer Schwester nach. Es ist ein richtiger Wettkampf der Schwestern um Kinder.
Gad bedeutet „Glück“. Ascher bedeutet „glücklich“."
1;1. Mose;30;Die Liebesäpfel;14;21;"Liebesäpfel (Alraunen) sind die Früchte einer Pflanze. Man glaubte damals, sie würden helfen, schwanger zu werden.
Die Szene ist traurig: Zwei Schwestern handeln mit ihrem Mann wie mit einer Ware. Lea muss ihren eigenen Mann „kaufen“, damit er eine Nacht bei ihr ist.
Aber nicht die Liebesäpfel helfen, sondern Gott: Rahel hat die Liebesäpfel – und Lea bekommt die Kinder.
Issachar klingt wie „Lohn“. Sebulon klingt wie „Geschenk“ und „wohnen“.
Dina ist die einzige Tochter Jakobs, die mit Namen genannt wird. Sie wird in Kapitel 34 wichtig."
1;1. Mose;30;Endlich: Josef;22;24;"„Gott dachte an Rahel“ – genau wie „Gott dachte an Noah“. Nach langen Jahren des Wartens wendet sich Gott ihr zu.
Keine Kinder zu haben galt damals als Schande. Rahel ist endlich von dieser Last befreit.
Josef bedeutet „Er nehme weg“ und „Er füge hinzu“. Rahel wünscht sich noch einen Sohn. Dieser Wunsch wird sich erfüllen – aber er wird sie das Leben kosten (Kapitel 35).
Josef wird später eine der wichtigsten Personen im ganzen 1. Buch Mose."
1;1. Mose;30;Jakob will nach Hause;25;34;"Jakob hat jetzt 14 Jahre für seine Frauen gearbeitet. Er will nach Hause.
Laban will ihn nicht gehen lassen. Er hat gemerkt: Seit Jakob da ist, wird er immer reicher. Gott segnet ihn wegen Jakob. „Durch Zeichen erfahren“ heißt: Laban hat Wahrsagerei benutzt.
Jakob macht ein Angebot, das für Laban sehr günstig aussieht: Schafe waren meistens weiß, Ziegen meistens schwarz oder braun. Gefleckte Tiere gab es nur wenige. Jakob verlangt also nur die seltenen Tiere."
1;1. Mose;30;Laban betrügt – Jakob wird trotzdem reich;35;43;"Laban betrügt sofort: Er nimmt alle gefleckten Tiere weg, bevor Jakob sie bekommen kann. Dann bringt er sie drei Tagesreisen weit weg.
Jakob versucht es mit einem Trick: Man glaubte damals, was ein Tier bei der Paarung sieht, beeinflusst das Aussehen der Jungen. Heute wissen wir, dass das nicht stimmt. Die Farbe wird vererbt.
Im nächsten Kapitel erklärt Jakob selbst, was wirklich geschah: Gott hat in einem Traum dafür gesorgt (Kapitel 31,10–12). Nicht die Stäbe machten Jakob reich, sondern Gott.
Jakob ist klug und geschickt. Aber er ist immer noch ein Mann, der mit Tricks arbeitet. Zwei Trickser treffen hier aufeinander: Laban und Jakob."
1;1. Mose;31;Zeit zu gehen;1;3;"Die Stimmung bei Laban ist gekippt. Neid und Misstrauen machen das Zusammenleben unmöglich.
Genau jetzt spricht Gott. Er erinnert Jakob an sein Versprechen aus Bet-El: „Ich bringe dich zurück in dieses Land“ (Kapitel 28,15)."
1;1. Mose;31;Jakob spricht mit Rahel und Lea;4;16;"Jakob erzählt seinen Frauen die ganze Wahrheit: Nicht seine Stäbe haben ihn reich gemacht, sondern Gott. Gott hat gesehen, wie ungerecht Laban ist, und hat für Gerechtigkeit gesorgt.
„Zehnmal den Lohn geändert“ heißt: immer wieder, ganz oft.
Zum ersten Mal sind Rahel und Lea sich einig! Beide sind von ihrem Vater enttäuscht. Er hat sie behandelt wie eine Ware. Den Brautpreis – Jakobs 14 Jahre Arbeit – hat er für sich behalten, statt etwas davon seinen Töchtern zu geben, wie es üblich war."
1;1. Mose;31;Die heimliche Flucht;17;21;"Die Schafschur war ein großes Ereignis. Laban war beschäftigt und weit weg. Eine gute Gelegenheit zur Flucht.
Hausgötter (auf Hebräisch: Terafim) waren kleine Figuren. Man glaubte, sie bringen Glück und Schutz. Vielleicht waren sie auch wichtig für das Erbe: Wer sie hatte, galt als Erbe des Hauses.
Warum Rahel sie stiehlt, sagt die Bibel nicht. Vielleicht wollte sie sich an ihrem Vater rächen. Vielleicht hing sie selbst noch an diesen Göttern.
Gilead ist ein Bergland östlich vom Jordan."
1;1. Mose;31;Laban holt Jakob ein;22;30;"Sieben Tagesreisen jagt Laban hinter Jakob her. Er ist wütend und will Jakob wahrscheinlich alles wieder wegnehmen.
Aber Gott greift ein und warnt Laban im Traum. Gott schützt Jakob, wie er es in Bet-El versprochen hat.
„Weder Gutes noch Böses“ heißt: Versuch nicht, ihn mit Drohungen oder mit schönen Worten zur Umkehr zu bringen.
Laban spielt den traurigen, liebevollen Vater. Aber man merkt: Er denkt vor allem an seinen Besitz und an seine Götter."
1;1. Mose;31;Die Suche nach den Hausgöttern;31;35;"Jakob ahnt nicht, dass Rahel die Götter hat. Mit seinem Schwur bringt er sie in Lebensgefahr.
Rahel ist so listig wie ihr Vater und ihr Mann. Sie sitzt auf den Göttern und behauptet, sie habe ihre Monatsblutung. Damals galt eine Frau in dieser Zeit als „unrein“. Niemand wollte sie dann berühren.
Die Szene ist auch spöttisch gemeint: Was sind das für Götter, auf denen eine Frau sitzt und die sich nicht selbst helfen können? Die Bibel macht sich hier lustig über die toten Götzen."
1;1. Mose;31;Jakob macht seinem Ärger Luft;36;42;"Jetzt bricht alles aus Jakob heraus, was sich in 20 Jahren angestaut hat.
Er war ein treuer, ehrlicher Hirte. Normalerweise musste ein Hirte für gerissene Tiere nicht bezahlen, wenn er beweisen konnte, dass ein wildes Tier sie getötet hatte. Laban hat trotzdem Ersatz verlangt.
„Der Gott, den Isaak fürchtet“ (wörtlich: „der Schrecken Isaaks“) ist ein besonderer, alter Name für Gott. Er erinnert vielleicht daran, wie Isaak auf dem Berg Morija Gottes Macht erlebt hat (Kapitel 22)."
1;1. Mose;31;Ein Vertrag aus Steinen;43;55;"Laban gibt nicht zu, dass er im Unrecht ist. Er behauptet sogar: Alles gehört mir. Aber er merkt: Gegen Jakobs Gott kommt er nicht an. Darum schlägt er einen Friedensvertrag vor.
Der Steinhaufen ist eine Grenze. Keiner soll sie überschreiten, um dem anderen zu schaden.
„Jegar-Sahaduta“ ist Aramäisch, die Sprache Labans. „Gal-Ed“ ist Hebräisch, die Sprache Jakobs. Beide Namen bedeuten dasselbe: „Steinhaufen des Zeugnisses“. Schon hier sieht man: Zwei Völker mit zwei Sprachen trennen sich.
„Mizpa“ heißt „Wachtposten“. Der Satz „Der HERR soll aufpassen zwischen mir und dir, wenn wir einander nicht mehr sehen“ wird heute oft als freundlicher Abschiedssegen benutzt. Eigentlich ist er aber eine Warnung zwischen zwei Männern, die einander nicht trauen.
Am Ende trennen sie sich in Frieden. Laban kann sich wenigstens von seinen Töchtern und Enkeln verabschieden."
1;1. Mose;32;Gottes Heer;1;2;"Als Jakob floh, sah er Engel in Bet-El (Kapitel 28). Jetzt, auf dem Rückweg, sieht er wieder Engel. Gott hat ihn die ganze Zeit begleitet – auf dem Hinweg und auf dem Rückweg.
„Mahanajim“ bedeutet „zwei Lager“: das Lager Jakobs und das Lager Gottes. Jakob ist nicht allein unterwegs."
1;1. Mose;32;Jakob hat Angst vor Esau;3;8;"20 Jahre sind vergangen. Damals wollte Esau Jakob töten. Jakob weiß nicht, ob sein Bruder ihm vergeben hat.
Jakob nennt Esau „mein Herr“ und sich selbst „dein Knecht“. Damit dreht er den gestohlenen Segen gewissermaßen um: Der Segen sagte, Esau solle Jakob dienen. Jetzt macht sich Jakob selbst klein.
400 Männer – das ist eine kleine Armee. Jakob befürchtet das Schlimmste.
Sein Plan ist typisch Jakob: klug und vorsichtig. Er teilt alles in zwei Gruppen, damit wenigstens die Hälfte überlebt."
1;1. Mose;32;Jakob betet;9;12;"Das ist das erste richtige Gebet von Jakob in der Bibel. Und es ist ein schönes Gebet.
Jakob ist demütig geworden: „Ich bin es nicht wert.“ Er weiß: Alles, was er hat, ist Geschenk.
Er sagt Gott ehrlich: „Ich habe Angst.“
Und er erinnert Gott an seine eigenen Versprechen. Das darf man im Gebet: Gott beim Wort nehmen."
1;1. Mose;32;Geschenke für Esau;13;21;"Das sind zusammen 550 Tiere – ein riesiges Geschenk. Jakob will seinen Bruder gnädig stimmen.
Die Herden ziehen mit Abstand nacheinander. So wird Esau immer wieder neu überrascht, und sein Zorn kann sich Schritt für Schritt legen.
Jakob betet – und gleichzeitig plant er klug. Beides gehört zusammen: Gott vertrauen und selbst das Richtige tun."
1;1. Mose;32;Der Kampf in der Nacht;22;32;"Das ist eine der geheimnisvollsten Geschichten der Bibel. Jakob ist allein in der Nacht, voller Angst vor dem nächsten Tag. Da kämpft plötzlich ein Unbekannter mit ihm.
Am Ende merkt Jakob: Dieser „Mann“ war Gott selbst. Manche Ausleger sagen: Es war ein Engel. Jakob selbst sagt: „Ich habe Gott gesehen.“
Sein ganzes Leben hat Jakob gekämpft: mit Esau schon im Mutterleib, mit seinem Vater, mit Laban. Jetzt kämpft er mit Gott.
Jakob wird verletzt, aber er gibt nicht auf. Er hält fest: „Ich lasse dich nicht los, wenn du mich nicht segnest.“ Früher hat er sich den Segen erschlichen. Jetzt erbittet er ihn ehrlich – von Gott selbst.
Die Frage „Wie heißt du?“ ist wichtig. Als sein Vater ihn das fragte, log Jakob und sagte „Esau“. Jetzt sagt er die Wahrheit: „Jakob“ – „Betrüger“. Er gibt zu, wer er ist.
Dann bekommt er einen neuen Namen: **Israel**. Das bedeutet „Gott kämpft“ oder „Er hat mit Gott gekämpft“. Von nun an heißt das ganze Volk nach ihm: Israel.
„Penuël“ (auch Pniel) heißt „Angesicht Gottes“. Man glaubte: Wer Gott sieht, muss sterben. Jakob staunt, dass er lebt.
Jakob geht als Sieger aus dem Kampf, aber er hinkt. Wer Gott wirklich begegnet, bleibt nicht unverändert. Seine Stärke liegt jetzt nicht mehr in seinen Tricks, sondern in Gottes Segen.
Bis heute essen viele Juden diesen Muskel (den Ischiasnerv-Strang) beim Rind oder Schaf nicht. Das erinnert an diesen Kampf."
1;1. Mose;33;Das Wiedersehen;1;7;"Jakob hat immer noch Angst. Er stellt die Menschen, die er am meisten liebt – Rahel und Josef –, ganz nach hinten, wo sie am sichersten sind. Das zeigt, wie ungleich er seine Familie liebt. Die anderen spüren das sicher.
Aber dann geht Jakob selbst nach vorn. Er versteckt sich nicht mehr hinter Geschenken und Boten. Er stellt sich seinem Bruder.
Siebenmal verneigen war damals die Art, wie man sich vor einem König verneigte. Jakob zeigt: Ich unterwerfe mich dir.
Und dann das Wunder: Esau rennt, umarmt, küsst – und beide weinen. Kein Zorn, keine Rache. 20 Jahre Hass sind weg. Gott hat Jakobs Gebet erhört.
Jesus erzählt später das Gleichnis vom verlorenen Sohn. Dort heißt es fast mit denselben Worten: Der Vater „lief ihm entgegen, fiel ihm um den Hals und küsste ihn“ (Lukas 15,20)."
1;1. Mose;33;Das Geschenk;8;11;"Esau nennt Jakob „mein Bruder“. Jakob sagt weiter „mein Herr“. Esau hat schon vergeben. Jakob kann es noch kaum glauben.
„Ich habe dein Gesicht gesehen, wie man Gottes Angesicht sieht.“ Gerade erst hat Jakob Gott in Penuël gesehen. Jetzt sieht er im versöhnten Gesicht seines Bruders etwas von Gottes Gnade.
Im Hebräischen steht für „Geschenk“ in Vers 11 eigentlich „Segen“. Jakob gibt sozusagen den gestohlenen Segen zurück. Er macht wieder gut, was er kann."
1;1. Mose;33;Getrennte Wege;12;17;"Jakob ist ein fürsorglicher Hirte: Er nimmt Rücksicht auf die Kleinen und Schwachen in seiner Herde.
Aber er geht nicht nach Seïr zu Esau, wie er gesagt hat. Er geht in eine andere Richtung. Vielleicht traut er dem Frieden noch nicht ganz. Vielleicht weiß er auch: Gott hat ihn in das Land Kanaan gerufen, nicht nach Seïr.
Die Brüder sind versöhnt, aber sie leben getrennt. Manchmal ist das der beste Weg, um Frieden zu halten.
„Sukkot“ bedeutet „Hütten“. Später feiern die Juden ein Fest mit diesem Namen: das Laubhüttenfest."
1;1. Mose;33;Jakob kommt nach Sichem;18;20;"„Wohlbehalten“ – im Hebräischen steht hier ein Wort, das mit „Schalom“ verwandt ist: Frieden, heil, unversehrt. Gott hat sein Versprechen aus Bet-El erfüllt: Jakob ist heil zurückgekehrt (Kapitel 28,21).
Wie Abraham kauft auch Jakob ein Stück Land im versprochenen Land.
„El“ ist ein altes Wort für Gott. Mit dem Namen des Altars sagt Jakob: Dieser Gott ist **mein** Gott. Er benutzt dabei schon seinen neuen Namen Israel. In Bet-El hatte er versprochen: „Dann soll der HERR mein Gott sein.“ Jetzt hält er sein Versprechen."
1;1. Mose;34;Dina wird vergewaltigt;1;5;"Dieses Kapitel erzählt von einem schweren Verbrechen: Dina wird vergewaltigt. Die Bibel verschweigt solche Dinge nicht. Sie nennt Unrecht beim Namen.
Dina selbst kommt im ganzen Kapitel nicht zu Wort. Niemand fragt sie, wie es ihr geht. Das ist auffällig und traurig. Alle Männer reden über sie, keiner mit ihr.
Sichem behauptet danach, er liebe sie. Aber er entschuldigt sich nicht, und er lässt sie nicht nach Hause gehen. Sie bleibt in seinem Haus (siehe Vers 26).
Jakob schweigt. Er tut nichts für seine Tochter. Vielleicht weil sie die Tochter von Lea ist, nicht von Rahel."
1;1. Mose;34;Hamors Angebot;6;12;"Hier steht zum ersten Mal in der Bibel der Ausdruck „in Israel“. Die Familie Jakob ist jetzt „Israel“, ein Volk mit eigenen Werten.
Hamor redet, als sei nichts Schlimmes passiert. Er spricht nur über Heirat und Geschäfte. Er entschuldigt sich nicht für das, was sein Sohn getan hat.
Sichem will mit Geld alles wiedergutmachen. Aber ein Unrecht wie dieses kann man nicht einfach bezahlen."
1;1. Mose;34;Die List der Brüder;13;24;"Die Brüder missbrauchen das heilige Zeichen des Bundes mit Gott, die Beschneidung, für einen hinterhältigen Plan.
Aber auch Hamor und Sichem sind nicht ehrlich. Zu ihren eigenen Leuten sagen sie: Dann gehört uns bald ihr ganzer Besitz! Jeder will den anderen übervorteilen.
Im Tor der Stadt wurden damals wichtige Dinge besprochen und beschlossen."
1;1. Mose;34;Das Blutbad;25;31;"Simeon und Levi sind Dinas leibliche Brüder – beide sind Söhne von Lea. Sie nehmen Rache.
Aber ihre Rache ist maßlos. Für das Verbrechen eines Mannes töten sie eine ganze Stadt. Die anderen Brüder plündern alles und nehmen Frauen und Kinder gefangen. Unschuldige leiden für die Tat eines Einzelnen.
Das erinnert an Lamech in Kapitel 4: Gewalt erzeugt immer mehr Gewalt.
Jakob denkt nur an seine eigene Sicherheit. Er sagt kein Wort über Dina und kein Wort über die getöteten Menschen.
Die Brüder haben mit ihrer Frage nicht ganz unrecht: Das Unrecht an Dina war schlimm. Aber ihre Antwort darauf war auch Unrecht.
Die Bibel lässt das Kapitel ohne Urteil enden. Aber am Ende seines Lebens wird Jakob Simeon und Levi für diese Tat scharf tadeln: „Verflucht sei ihr Zorn, denn er ist gewaltig“ (Kapitel 49,5–7)."
1;1. Mose;35;Weg mit den fremden Göttern;1;5;"Nach dem schrecklichen Geschehen in Sichem ruft Gott Jakob zurück an den Anfang: nach Bet-El, wo Gott ihm zum ersten Mal begegnet ist.
Jakob merkt: Seine Familie hat noch fremde Götter dabei, zum Beispiel die Hausgötter, die Rahel gestohlen hat. Jetzt räumt er auf. Wer Gott ernsthaft begegnen will, muss das loslassen, was ihn von Gott trennt.
Ohrringe trug man damals oft als Glücksbringer, verbunden mit fremden Göttern.
Frische Kleider anziehen ist ein Zeichen für einen Neuanfang.
Jakob hatte Angst vor Rache wegen Sichem. Aber Gott beschützt ihn."
1;1. Mose;35;Wieder in Bet-El;6;8;"„El-Bet-El“ heißt „Gott von Bet-El“. Jakob ehrt jetzt nicht mehr nur den Ort, sondern den Gott, der ihm dort begegnet ist.
Debora war Rebekkas Amme. Sie war mit Rebekka aus Haran gekommen (Kapitel 24,59). Wahrscheinlich war sie später zu Jakob gezogen. Ihr Tod wird extra erwähnt – sie war ein geliebter Mensch.
„Allon-Bachut“ bedeutet „Eiche des Weinens“."
1;1. Mose;35;Gott segnet Jakob noch einmal;9;15;"Gott bestätigt den neuen Namen Israel und den Segen. Es sind dieselben Versprechen, die Abraham und Isaak bekommen haben.
Ein „Trankopfer“ ist ein Getränk, meistens Wein, das man für Gott ausgießt. Es ist ein Zeichen der Dankbarkeit.
Jakobs Lebensweg ist wie ein Kreis: Er begann in Bet-El auf der Flucht. Jetzt kehrt er als ein veränderter Mensch nach Bet-El zurück."
1;1. Mose;35;Benjamin wird geboren – Rahel stirbt;16;20;"Rahel hatte sich bei der Geburt von Josef noch einen Sohn gewünscht (Kapitel 30,24). Ihr Wunsch geht in Erfüllung – aber sie stirbt bei der Geburt.
„Ben-Oni“ bedeutet „Sohn meines Schmerzes“. Jakob will nicht, dass sein Sohn sein Leben lang diesen traurigen Namen trägt. Er nennt ihn „Benjamin“, das heißt „Sohn der rechten Hand“ oder „Sohn des Glücks“.
Benjamin ist der einzige Sohn Jakobs, der im Land Kanaan geboren wird.
Betlehem kommt hier zum ersten Mal in der Bibel vor. Später wird dort König David geboren – und Jesus.
Rahels Grab bei Betlehem ist bis heute ein Ort, an dem viele Menschen beten."
1;1. Mose;35;Ruben und die zwölf Söhne Jakobs;21;26;"Migdal-Eder bedeutet „Herdenturm“.
Ruben schläft mit Bilha, der Nebenfrau seines Vaters. Das ist ein schwerer Verstoß. Damals bedeutete so etwas auch: Ich will die Macht meines Vaters übernehmen. Ruben verliert dadurch später sein Recht als Erstgeborener (Kapitel 49,3–4).
Jakob erfährt davon – und schweigt wieder. So wie er bei Dina geschwiegen hat.
Die Liste der zwölf Söhne ist sehr wichtig: Von ihnen stammen die zwölf Stämme Israels ab.
Benjamin wurde eigentlich nicht in Paddan-Aram geboren, sondern bei Betlehem. Die Liste zählt einfach alle zusammen."
1;1. Mose;35;Isaak stirbt;27;29;"Jakob sieht seinen Vater wieder. Seine Mutter Rebekka wird nicht erwähnt. Wahrscheinlich ist sie schon gestorben, ohne ihren Lieblingssohn noch einmal zu sehen.
Wie bei Abraham, als Isaak und Ismael ihren Vater gemeinsam begruben, so begraben auch Esau und Jakob ihren Vater gemeinsam. Am Grab des Vaters stehen die versöhnten Brüder Seite an Seite.
Isaak wird 180 Jahre alt – älter als Abraham."
1;1. Mose;36;Esaus Frauen und Söhne;1;5;"Die Bibel erzählt auch von Esau und seinen Nachkommen. Esau ist nicht vergessen. Auch aus ihm wird ein Volk, so wie Isaak es gesegnet hatte.
Die Namen der Frauen stimmen nicht ganz mit Kapitel 26 und 28 überein. Dort heißen sie Judit, Basemat und Mahalat. Wahrscheinlich hatten manche Frauen zwei Namen. Das war damals häufig. Fachleute erklären es auch damit, dass hier verschiedene alte Überlieferungen zusammenkommen."
1;1. Mose;36;Esau zieht weg;6;8;"Es ist wie bei Abraham und Lot (Kapitel 13): Zu viel Besitz, zu wenig Platz. Die Brüder trennen sich – diesmal friedlich.
Das Land Kanaan bleibt für Jakob. Esau zieht ins Bergland Seïr, südöstlich vom Toten Meer, im heutigen Jordanien."
1;1. Mose;36;Esaus Söhne und Enkel;9;14;"Amalek wird später wichtig. Seine Nachkommen, die Amalekiter, werden große Feinde Israels (2. Mose 17).
Teman wurde später der Name einer Gegend in Edom. Dort lebte nach der Überlieferung auch Elifas, einer der Freunde von Hiob (Hiob 2,11)."
1;1. Mose;36;Die Stammesfürsten von Esau;15;19;Ein „Stammesfürst“ ist das Oberhaupt eines Stammes oder einer großen Sippe. Edom war am Anfang kein Königreich, sondern ein Bund von Stämmen mit eigenen Anführern.
1;1. Mose;36;Die ersten Bewohner von Seïr;20;30;"Bevor Esau kam, wohnten die Horiter in Seïr. Esaus Familie hat sich mit ihnen vermischt: Seine Frau Oholibama und die Nebenfrau Timna stammen aus dieser Familie.
Die kleine Geschichte von Ana und den warmen Quellen zeigt: Diese Listen sind keine trockenen Aufzählungen. Hinter jedem Namen steht ein Mensch mit einer Geschichte. Auch im Gebiet von Edom gibt es bis heute heiße Quellen."
1;1. Mose;36;Die Könige von Edom;31;39;"Edom hatte schon Könige, als es in Israel noch keine gab. Israels erster König, Saul, kam viel später.
Auffällig: Kein König ist der Sohn seines Vorgängers. Jeder kommt aus einer anderen Stadt. Es gab also keine feste Königsfamilie.
Gott hatte Abraham versprochen: „Könige werden von dir abstammen“ (Kapitel 17,6). Bei Esau erfüllt sich das schon früh. Bei Jakob dauert es noch lange."
1;1. Mose;36;Noch einmal die Stammesfürsten von Esau;40;43;"Diese zweite Liste nennt die Fürsten nach ihren Wohnorten. Manche Namen sind wohl Namen von Gebieten oder Städten.
Mit diesem Kapitel verabschiedet sich die Bibel von Esau. Ab jetzt geht es um Jakob und seine Söhne – vor allem um Josef.
Die Edomiter und die Israeliten bleiben Nachbarn und Brudervölker. Ihre Geschichte ist oft schwierig. Aber das 5. Buch Mose sagt: „Du sollst den Edomiter nicht verabscheuen, denn er ist dein Bruder“ (5. Mose 23,8)."
1;1. Mose;37;Der Lieblingssohn;1;4;"Jetzt beginnt die lange Geschichte von Josef. Sie geht bis zum Ende des 1. Buches Mose.
Jakob macht denselben Fehler wie seine Eltern: Er hat einen Lieblingssohn. Und er zeigt es allen offen. Josef ist der erste Sohn seiner geliebten Rahel.
Das bunte Gewand war ein kostbares Kleid. Es zeigte: Dieser Sohn ist etwas Besonderes. Vielleicht sollte er einmal der Erbe sein. Hirten, die schmutzige Arbeit machen, trugen so etwas nicht.
Josef petzt bei seinem Vater. Das macht ihn bei den Brüdern auch nicht beliebter."
1;1. Mose;37;Josefs Träume;5;11;"Garben sind Bündel aus Getreidehalmen, die man bei der Ernte zusammenbindet.
Josefs Träume sagen: Eines Tages wird die ganze Familie sich vor ihm verneigen. Das wird tatsächlich so kommen – aber ganz anders, als alle denken.
Josef ist jung und erzählt seine Träume ohne Rücksicht. Er merkt nicht, wie sehr er seine Brüder damit verletzt.
Sonne und Mond stehen für Vater und Mutter, die elf Sterne für die elf Brüder. Rahel ist eigentlich schon gestorben. Vielleicht ist hier Lea gemeint, oder der Traum spricht einfach von „den Eltern“.
Jakob schimpft zwar, aber er vergisst die Träume nicht. Er ahnt: Vielleicht steckt Gott dahinter."
1;1. Mose;37;Josef sucht seine Brüder;12;17;"Sichem liegt etwa 80 Kilometer nördlich von Hebron. Dotan liegt noch etwa 20 Kilometer weiter. Das ist eine weite Reise für einen jungen Mann allein.
Ausgerechnet nach Sichem – dort, wo die Brüder die Stadt überfallen hatten (Kapitel 34). Vielleicht macht sich Jakob deshalb Sorgen.
Der unbekannte Mann auf dem Feld scheint ein Zufall zu sein. Aber ohne ihn hätte Josef seine Brüder nicht gefunden. Gottes Weg geht oft durch solche kleinen „Zufälle“."
1;1. Mose;37;Der Plan der Brüder;18;24;"Eine Zisterne ist eine tiefe Grube im Felsen, in der man Regenwasser sammelt. Wenn sie leer ist, kommt man allein nicht mehr heraus.
Aus Neid ist Hass geworden, aus Hass der Plan zum Mord. Wie bei Kain und Abel.
Ruben ist der älteste Bruder. Er fühlt sich verantwortlich und will Josef retten. Aber er traut sich nicht, sich offen gegen die anderen zu stellen.
Das Erste, was die Brüder tun: Sie reißen ihm das bunte Gewand herunter – das Zeichen dafür, dass der Vater ihn bevorzugt."
1;1. Mose;37;Josef wird verkauft;25;28;"Die Brüder setzen sich ruhig zum Essen hin, während ihr Bruder in der Grube um Hilfe schreit (siehe Kapitel 42,21). Das zeigt, wie hart ihre Herzen geworden sind.
Balsam und Myrrhe sind wertvolle, duftende Harze. Man benutzte sie als Heilmittel und für Parfüm.
Juda will Josef nicht töten – aber nur, weil man mit einem lebenden Sklaven Geld verdienen kann. Das ist kaum besser.
Hier werden „Ismaeliter“ und „Midianiter“ beide genannt. Vielleicht war es eine gemischte Karawane. Vielleicht waren „Ismaeliter“ ein allgemeines Wort für umherziehende Händler. Fachleute erklären es auch damit, dass hier zwei alte Erzählungen miteinander verbunden sind.
20 Silberstücke war damals der übliche Preis für einen jungen Sklaven.
Christen denken hier an Jesus, der von Judas für 30 Silberstücke verraten wurde."
1;1. Mose;37;Der Vater wird belogen;29;36;"Seine Kleider zerreißen war damals ein Zeichen von großem Schmerz und Trauer. Einen „Sack“ trug man in der Trauerzeit: ein grobes, kratziges Gewand aus Ziegenhaar.
Jakob hat einst seinen Vater mit einem Ziegenfell und Esaus Kleidern betrogen (Kapitel 27). Jetzt wird er selbst mit einem Ziegenbock und dem Kleid seines Sohnes betrogen. Und wieder sagen die Söhne: „Schau doch nach …“ – fast dieselben Worte.
Die Brüder lügen nicht direkt. Sie lassen den Vater selbst den falschen Schluss ziehen. Das ist besonders grausam.
Das „Totenreich“ (hebräisch: Scheol) stellte man sich als einen dunklen Ort unter der Erde vor, wohin alle Toten gehen.
Der letzte Satz ist wie ein Lichtblick: Josef lebt. Er ist in Ägypten. Die Geschichte ist noch nicht zu Ende."
1;1. Mose;38;Judas Familie;1;5;"Mitten in der Josefsgeschichte kommt plötzlich eine ganz andere Geschichte. Sie handelt von Juda – dem Bruder, der den Vorschlag gemacht hat, Josef zu verkaufen.
Juda trennt sich von seinen Brüdern und heiratet eine Kanaaniterin. Das wollten Abraham und Isaak für ihre Söhne nicht.
Die Geschichte zeigt, wie Juda sich verändert. Das wird später in der Josefsgeschichte sehr wichtig."
1;1. Mose;38;Tamar wird zweimal Witwe;6;11;"Damals gab es eine wichtige Regel: Wenn ein Mann ohne Kinder starb, sollte sein Bruder die Witwe heiraten. Das erste Kind galt dann als Kind des Verstorbenen. So lebte sein Name weiter, und die Witwe war versorgt. Man nennt das „Schwagerehe“ (später festgehalten in 5. Mose 25).
Onan nutzt Tamar aus: Er schläft mit ihr, will ihr aber kein Kind geben. Denn dann bekäme er selbst ein größeres Erbe. Er ist egoistisch und lässt die Witwe ohne Zukunft.
Juda gibt Tamar die Schuld am Tod seiner Söhne. Er schickt sie nach Hause und hat nicht vor, ihr Schela je zu geben. Tamar sitzt fest: Sie darf keinen anderen Mann heiraten, aber sie bekommt auch Schela nicht."
1;1. Mose;38;Tamars List;12;19;"Tamar wartet lange. Dann merkt sie: Juda hält sein Versprechen nicht. Sie nimmt ihr Schicksal selbst in die Hand.
Ihr Plan ist gewagt. Sie riskiert ihr Leben dabei. Aber es ist ihr einziger Weg, zu ihrem Recht zu kommen: einem Kind aus der Familie ihres verstorbenen Mannes.
Ein „Pfand“ ist etwas, das man als Sicherheit abgibt, bis man bezahlt hat.
Der Siegelring (oder ein Siegel an einer Schnur) und der Stab waren wie heute ein Ausweis und eine Unterschrift. Jeder erkannte daran: Das gehört Juda.
Juda geht ohne Bedenken zu einer Prostituierten. Die Bibel zeigt ihn hier nicht als Vorbild."
1;1. Mose;38;Juda sucht die Frau;20;23;"Im hebräischen Urtext benutzt Hira hier ein anderes Wort als in Vers 15. Es bezeichnet eine Frau, die in einem fremden Tempel als Prostituierte arbeitete. Hira will die Sache wohl weniger peinlich klingen lassen.
Juda will vor allem eines: dass niemand davon erfährt. Sein Ruf ist ihm wichtiger als alles andere."
1;1. Mose;38;„Sie ist gerechter als ich“;24;26;"Juda verurteilt Tamar sofort zum Tod. Bei sich selbst sieht er kein Problem, bei ihr will er die härteste Strafe. Das ist Heuchelei.
Tamar ist klug. Sie stellt Juda nicht öffentlich bloß. Sie schickt ihm die Sachen heimlich und gibt ihm die Chance, selbst die Wahrheit zu sagen.
„Schau doch nach“ – wieder diese Worte! Juda und seine Brüder hatten ihrem Vater mit genau diesen Worten das blutige Gewand von Josef gezeigt (Kapitel 37,32). Jetzt wird Juda selbst mit diesen Worten überführt.
Und dann das Wunder: Juda gibt seine Schuld zu. Öffentlich. „Sie ist gerechter als ich.“ Zum ersten Mal in dieser Familie gesteht jemand ehrlich ein Unrecht ein. Das ist der Wendepunkt in Judas Leben."
1;1. Mose;38;Zwillinge;27;30;"Wieder Zwillinge, wieder ein Kampf darum, wer der Erste ist – wie bei Esau und Jakob.
Perez bedeutet „Durchbruch“. Serach bedeutet „Aufleuchten“, vielleicht wegen des roten Fadens.
Tamar bekommt sogar zwei Söhne – als Ersatz für die zwei Söhne Judas, die gestorben sind.
Tamar, eine Ausländerin, die um ihr Recht kämpfen musste, wird eine Ahnin von König David. Ihr Sohn Perez ist ein Vorfahr Davids (Rut 4,18–22). Im Neuen Testament steht Tamar im Stammbaum von Jesus – als eine von nur vier Frauen, die dort genannt werden (Matthäus 1,3)."
1;1. Mose;39;Gott ist mit Josef;1;6;"Josef ist als Sklave in einem fremden Land. Er hat alles verloren: seine Familie, seine Heimat, seine Freiheit.
Aber ein Satz kommt in diesem Kapitel immer wieder: „Der HERR war mit Josef.“ Gott hat ihn nicht verlassen – auch nicht in der Sklaverei.
Gott segnet sogar das Haus eines Ägypters wegen Josef. Das erinnert an Gottes Versprechen an Abraham: Durch dich sollen alle Völker gesegnet werden.
Potifar vertraut Josef so sehr, dass er sich um gar nichts mehr kümmert. „Außer um das Essen“ heißt vielleicht: Ägypter durften damals nicht mit Ausländern essen (siehe Kapitel 43,32)."
1;1. Mose;39;Potifars Frau;7;12;"Josef ist jung, allein und in einem fremden Land. Niemand würde es erfahren. Die Versuchung ist groß – und sie kommt jeden Tag.
Aber Josef bleibt standhaft. Er denkt an zwei Dinge: Er will seinen Herrn nicht betrügen, der ihm vertraut. Und er will nicht gegen Gott sündigen.
Für Josef ist klar: Jedes Unrecht gegen einen Menschen ist auch ein Unrecht vor Gott.
Josef geht ihr aus dem Weg. Und als es ernst wird, rennt er weg. Manchmal ist Weglaufen die beste Entscheidung.
Wieder spielt ein Kleidungsstück eine Rolle: Zum zweiten Mal verliert Josef sein Gewand, und wieder wird es benutzt, um zu lügen."
1;1. Mose;39;Die falsche Anklage;13;20;"Die Frau dreht alles um. Sie macht aus dem Opfer einen Täter. Und sie stellt Josef als Ausländer hin: „ein Hebräer“, „der hebräische Sklave“. Sie benutzt Vorurteile gegen Fremde.
Sie gibt auch ihrem Mann die Schuld: „den **du** uns ins Haus gebracht hast“.
Josef hat richtig gehandelt – und trotzdem wird er bestraft. Das Leben ist nicht immer gerecht. Die Bibel verschweigt das nicht.
Auf so ein Verbrechen stand damals eigentlich die Todesstrafe. Dass Potifar Josef „nur“ ins Gefängnis wirft, zeigt vielleicht: Er glaubte seiner Frau nicht ganz."
1;1. Mose;39;Gott ist auch im Gefängnis mit Josef;21;23;"Josef ist ganz unten angekommen: vom Lieblingssohn zum Sklaven, vom Sklaven zum Gefangenen.
Aber auch hier gilt: „Der HERR war mit Josef.“ Gott ist nicht nur bei uns, wenn alles gut läuft. Er ist auch im Gefängnis da, im Unglück, in der Ungerechtigkeit.
Josef verbittert nicht. Er macht das Beste aus seiner Lage. Und wieder bekommt er Verantwortung."
1;1. Mose;40;Zwei neue Gefangene;1;4;"Ein Mundschenk reichte dem König die Getränke. Er musste darauf achten, dass niemand den König vergiftete. Das war ein Posten mit großem Vertrauen.
Der oberste Bäcker sorgte für das Brot und die Backwaren am Hof.
Was die beiden falsch gemacht haben, sagt die Bibel nicht."
1;1. Mose;40;Zwei Träume;5;8;"In Ägypten glaubte man fest daran, dass Träume Botschaften der Götter sind. Es gab Fachleute, die Träume deuteten. Im Gefängnis gab es so jemanden nicht.
Josef achtet auf andere. Er sieht, dass es den beiden schlecht geht, und fragt nach. Obwohl er selbst unschuldig im Gefängnis sitzt, kümmert er sich um andere.
Josef sagt deutlich: Nicht ich kann Träume deuten, sondern Gott. Er nimmt die Ehre nicht für sich."
1;1. Mose;40;Der Traum des Mundschenks;9;15;"„Den Kopf erheben“ heißt: jemanden wieder ehren, ihm wieder ein hohes Amt geben.
Josef bittet den Mundschenk um Hilfe. Es ist das einzige Mal, dass Josef von seinem Leid spricht. Er sagt nicht, dass seine Brüder ihn verkauft haben. Er sagt nur: „Ich bin entführt worden“ und „Ich habe nichts getan.“
„Loch“ ist dasselbe Wort wie „Zisterne“ in Kapitel 37. Josef ist schon zum zweiten Mal in einer Grube gelandet."
1;1. Mose;40;Der Traum des Bäckers;16;19;"Der Bäcker hofft auf eine gute Nachricht. Aber Josef muss ihm die schlimme Wahrheit sagen. Josef ist ehrlich, auch wenn es schwer ist.
Josef benutzt dieselben Worte „deinen Kopf erheben“ – aber diesmal mit einer schrecklichen Bedeutung: Der Bäcker wird hingerichtet.
Dass die Vögel das Fleisch fressen, war damals besonders schlimm. Für die Ägypter war ein ordentliches Begräbnis sehr wichtig für das Leben nach dem Tod."
1;1. Mose;40;Es kommt, wie Josef gesagt hat;20;23;"Alles kommt genau so, wie Josef gesagt hat. Gott hat durch ihn gesprochen.
Der letzte Satz ist bitter: Der Mundschenk vergisst Josef. Zwei weitere Jahre muss Josef im Gefängnis bleiben (siehe Kapitel 41,1).
Menschen vergessen. Aber Gott vergisst nicht. Und manchmal ist Gottes Zeitplan ein anderer als unserer. Im nächsten Kapitel wird klar, warum Josef noch warten musste."
1;1. Mose;41;Die Träume des Pharao;1;8;"Zwei Jahre muss Josef noch warten, nachdem der Mundschenk ihn vergessen hat.
Der Nil ist der große Fluss Ägyptens. Ohne ihn gäbe es in Ägypten nur Wüste. Jedes Jahr trat er über die Ufer und machte das Land fruchtbar. Wenn das ausblieb, kam Hunger.
Der Ostwind ist ein heißer, trockener Wüstenwind. Er lässt das Getreide vertrocknen.
Die Wahrsager Ägyptens waren berühmt. Aber hier sind sie ratlos. Gottes Botschaft können nur die verstehen, denen Gott sie erklärt."
1;1. Mose;41;Der Mundschenk erinnert sich;9;13;"Endlich erinnert sich der Mundschenk. Jetzt, genau im richtigen Moment.
Wäre Josef zwei Jahre früher freigekommen, wäre er vielleicht einfach nach Hause gegangen. Dann hätte er Ägypten und seine Familie nicht vor dem Hunger retten können. Gottes Timing ist manchmal schwer zu verstehen – aber es hat einen Sinn."
1;1. Mose;41;Josef vor dem Pharao;14;24;"Josef rasiert sich, weil die Ägypter – anders als die Hebräer – glatt rasiert waren. Er passt sich an, um vor dem König zu erscheinen.
Josef ist jetzt ein reifer Mann. Früher hat er stolz von seinen Träumen erzählt. Jetzt sagt er demütig: „Das liegt nicht an mir. Gott wird antworten.“
Der Pharao erzählt den Traum noch einmal und fügt etwas hinzu: Die mageren Kühe bleiben mager, obwohl sie die fetten gefressen haben. Das macht die Botschaft noch deutlicher."
1;1. Mose;41;Josef deutet die Träume;25;32;"Fünfmal sagt Josef in diesem Gespräch „Gott“. Er spricht vor dem mächtigsten König der Welt ganz offen über seinen Gott.
Der Traum kommt zweimal – das bedeutet: Es ist ganz sicher. So war es auch bei Josefs eigenen Träumen (Kapitel 37): Auch die kamen doppelt."
1;1. Mose;41;Josefs Rat;33;36;"Josef deutet nicht nur den Traum. Er hat auch gleich einen klugen Plan: In guten Zeiten für schlechte Zeiten vorsorgen.
Ein Fünftel ist 20 Prozent der Ernte. Das war eine hohe, aber machbare Abgabe.
Gottes Botschaft ist keine Drohung ohne Ausweg. Sie ist eine Warnung, damit man rechtzeitig handeln und Leben retten kann."
1;1. Mose;41;Josef wird der zweite Mann in Ägypten;37;46;"An einem einzigen Tag: vom Gefängnis zum zweitmächtigsten Mann der Welt. So schnell kann Gott ein Leben wenden.
Sogar der Pharao, der an viele Götter glaubte, erkennt: In diesem Mann ist der Geist Gottes.
Der Siegelring war wie die Unterschrift des Königs. Wer ihn trug, konnte im Namen des Pharao Befehle geben.
Wieder spielt ein Kleid eine Rolle: Das bunte Gewand nahmen ihm die Brüder weg. Das Gewand bei Potifar verlor er auf der Flucht. Jetzt bekommt er königliche Kleider.
Zafenat-Paneach ist ein ägyptischer Name. Seine Bedeutung ist nicht ganz sicher. Vielleicht heißt er „Gott spricht, und er lebt“.
On ist die Stadt Heliopolis, ein Zentrum des Sonnengottes, nahe beim heutigen Kairo.
13 Jahre ist es her, seit Josef mit 17 Jahren verkauft wurde. 13 Jahre Sklaverei und Gefängnis. Jetzt ist er 30."
1;1. Mose;41;Die sieben guten Jahre;47;52;"„Wie Sand am Meer“ – so hatte Gott Abraham Nachkommen versprochen. Jetzt gibt es so viel Getreide.
Manasse klingt wie „vergessen lassen“. Efraim klingt wie „doppelt fruchtbar“.
Josef hat sein neues Leben angenommen. Der Schmerz über das, was seine Familie ihm angetan hat, ist geheilt. Aber ganz vergessen hat er ihn nicht – das zeigt das nächste Kapitel.
Manasse und Efraim werden später zwei eigene Stämme Israels."
1;1. Mose;41;Die Hungersnot kommt;53;57;"Alles kommt so, wie Gott es gezeigt hat. Durch Josefs Vorsorge haben die Menschen zu essen – nicht nur in Ägypten, sondern in der ganzen Gegend.
„Tut, was er euch sagt“ – Christen erinnern sich hier an die Hochzeit in Kana. Dort sagt Maria über Jesus: „Was er euch sagt, das tut“ (Johannes 2,5).
Der letzte Vers bereitet vor, was kommt: Wenn alle Länder nach Ägypten kommen, dann auch die Familie von Jakob aus Kanaan."
1;1. Mose;42;Jakob schickt seine Söhne los;1;5;"Die Brüder sitzen ratlos herum. Der Vater muss sie antreiben.
Jakob lässt Benjamin zu Hause. Benjamin ist jetzt sein Lieblingssohn – der einzige Sohn von Rahel, der ihm noch geblieben ist. Er hat Angst, auch ihn zu verlieren. Man spürt: Jakob vertraut seinen anderen Söhnen nicht ganz."
1;1. Mose;42;Die Brüder verneigen sich vor Josef;6;8;"Jetzt geht in Erfüllung, was Josef als Junge geträumt hat: Die Garben seiner Brüder verneigen sich vor ihm (Kapitel 37). Sie verneigen sich bis zur Erde – ohne zu wissen, vor wem.
Über 20 Jahre sind vergangen. Josef war damals 17, jetzt ist er fast 40. Er trägt ägyptische Kleider, ist rasiert und spricht Ägyptisch. Kein Wunder, dass die Brüder ihn nicht erkennen."
1;1. Mose;42;„Ihr seid Spione!“;9;17;"Warum ist Josef so hart? Er will herausfinden, ob seine Brüder sich verändert haben. Sind sie immer noch dieselben Männer, die einen Bruder verkaufen? Wie behandeln sie Benjamin, den anderen Sohn von Rahel?
„Einer ist nicht mehr da“ – so reden die Brüder über Josef. Sie wissen nicht, dass er vor ihnen steht.
Josef sperrt sie drei Tage ins Gefängnis. Jetzt erleben die Brüder ein wenig von dem, was Josef erlebt hat."
1;1. Mose;42;Die Brüder erkennen ihre Schuld;18;24;"„Ich fürchte Gott“ – Josef verrät, dass er an Gott glaubt. Die Brüder denken wohl, er meine die ägyptischen Götter.
Nach über 20 Jahren reden die Brüder zum ersten Mal offen über ihre Schuld. Sie erinnern sich, wie Josef aus der Grube um Hilfe geschrien hat. Das schlechte Gewissen hat sie all die Jahre nicht losgelassen.
Josef hört alles. Und er weint. Er ist nicht hart aus Rache. Es zerreißt ihm das Herz.
Ein Dolmetscher übersetzt von einer Sprache in eine andere.
Warum Simeon? Vielleicht, weil er nach Ruben der Älteste war – und Ruben hatte Josef ja retten wollen."
1;1. Mose;42;Geld in den Säcken;25;28;"Josef schenkt ihnen das Getreide heimlich. Aber die Brüder freuen sich nicht. Sie haben Angst, dass man sie jetzt für Diebe hält.
Zum ersten Mal sprechen die Brüder von Gott. Sie spüren: Gott hat mit dem, was geschieht, etwas zu tun. Ihr Gewissen ist wach geworden."
1;1. Mose;42;Der Bericht vor dem Vater;29;38;"Jakob ist verbittert. Er gibt seinen Söhnen die Schuld – mehr als er weiß. Denn tatsächlich haben sie ihm Josef weggenommen.
„Er ist allein übrig geblieben“ – für Jakob zählen nur die Söhne von Rahel. Das müssen die anderen zehn Söhne mit anhören. Das tut weh.
Rubens Angebot ist gut gemeint, aber unüberlegt: Was hätte Jakob davon, seine eigenen Enkel zu töten?
„Grab“ heißt hier im Text wieder „Totenreich“ (Scheol), wie in Kapitel 37."
1;1. Mose;43;Juda bürgt für Benjamin;1;10;"Der Hunger zwingt die Familie zu handeln.
Juda übernimmt jetzt die Führung. Er ist es, der damals vorgeschlagen hat, Josef zu verkaufen. Jetzt will er mit seinem eigenen Leben für Benjamin einstehen.
„Bürgen“ heißt: Ich stehe dafür ein. Wenn etwas schiefgeht, trage ich die Verantwortung.
Man merkt: Juda hat sich verändert. Seit der Geschichte mit Tamar (Kapitel 38) ist er ein anderer Mensch geworden."
1;1. Mose;43;Jakob lässt Benjamin gehen;11;15;"Jakob gibt nach. Er macht es wie damals, als er Esau begegnete: Er schickt ein Geschenk voraus (Kapitel 32).
Balsam, Honig, Gewürze und Myrrhe – es sind ähnliche Waren wie die, die die Händler trugen, die Josef nach Ägypten brachten (Kapitel 37,25).
„Wenn ich meine Kinder verlieren soll, dann verliere ich sie eben.“ Jakob gibt seine Sorge an Gott ab. Er kann nichts mehr kontrollieren. Er muss vertrauen."
1;1. Mose;43;Angst vor Josefs Haus;16;25;"Die Brüder haben ein schlechtes Gewissen. Darum erwarten sie überall Strafe – auch dort, wo ihnen Gutes geschieht.
Sie sind diesmal ehrlich und erzählen von dem Geld, bevor man sie danach fragt. Auch das ist ein Zeichen, dass sie sich verändert haben.
Der Hausverwalter spricht wie jemand, der an den Gott Israels glaubt. Vielleicht hat Josef ihm von seinem Gott erzählt.
„Friede sei mit euch“ heißt auf Hebräisch „Schalom“. So grüßt man bis heute in Israel."
1;1. Mose;43;Das Festessen;26;34;"Wieder verneigen sich die Brüder vor Josef – diesmal alle elf. Jetzt ist auch der zweite Traum in Erfüllung gegangen.
Als Josef seinen kleinen Bruder Benjamin sieht, den einzigen anderen Sohn seiner Mutter, kann er die Tränen nicht zurückhalten. Benjamin war ein kleines Kind, als Josef verkauft wurde.
Die Ägypter aßen nicht mit Ausländern. Sie hielten sich für etwas Besseres. Darum gibt es drei getrennte Tische.
Die Brüder sitzen genau nach ihrem Alter geordnet. Woher weiß dieser Ägypter das? Sie sind verblüfft.
Benjamin bekommt fünfmal so viel. Das ist ein Test: Werden die Brüder neidisch auf den neuen Lieblingssohn – so wie damals bei Josef? Sie bleiben fröhlich. Kein Neid."
1;1. Mose;44;Josefs letzte Prüfung;1;6;"Josef stellt seine Brüder ein letztes Mal auf die Probe. Es ist die wichtigste Prüfung von allen.
Er bringt Benjamin in eine Lage, in der er als Dieb dasteht. Die Frage ist: Werden die Brüder Benjamin im Stich lassen, so wie sie damals Josef im Stich gelassen haben? Oder halten sie zu ihm?
Mit manchen Bechern versuchte man damals, die Zukunft zu erkennen. Man goss Öl in Wasser und deutete die Formen. Ob Josef das wirklich tat, sagt die Bibel nicht. Er spielt hier die Rolle eines ägyptischen Herrschers."
1;1. Mose;44;Der Becher wird gefunden;7;13;"Die Brüder sind sich so sicher, dass sie unschuldig sind. Sie schwören sogar: Wer den Becher hat, soll sterben.
Die Spannung wird immer größer: Der Verwalter fängt beim Ältesten an. Sack für Sack. Und erst ganz zum Schluss, beim Jüngsten, wird der Becher gefunden.
Die Brüder hätten jetzt einfach nach Hause gehen können. Sie waren ja frei. Nur Benjamin sollte bleiben.
Aber sie zerreißen ihre Kleider vor Schmerz – und alle kehren um. Keiner lässt Benjamin allein. Damals haben sie Josefs Kleid zerrissen. Jetzt zerreißen sie ihre eigenen Kleider."
1;1. Mose;44;Vor Josef;14;17;"„Gott hat die Schuld deiner Diener ans Licht gebracht.“ Juda meint nicht den Becher – den haben sie ja nicht gestohlen. Er meint die alte Schuld: das, was sie Josef angetan haben. Er glaubt, Gott bestraft sie jetzt dafür.
Josef bietet ihnen den bequemen Weg an: Geht nach Hause. Lasst Benjamin hier. Genau so, wie sie damals Josef zurückgelassen haben.
Jetzt kommt es darauf an."
1;1. Mose;44;Judas Rede;18;34;"Das ist die längste Rede im ganzen 1. Buch Mose. Und eine der bewegendsten.
Juda erzählt alles noch einmal. Er verschweigt nicht einmal, dass sein Vater Benjamin mehr liebt als ihn selbst. Er sagt es ohne Bitterkeit. Früher hat die Bevorzugung eines Bruders die Brüder zu Hass getrieben. Jetzt nimmt Juda sie einfach hin, aus Liebe zu seinem Vater.
Und dann das Unglaubliche: Juda bietet sich selbst als Sklave an, damit Benjamin frei sein kann.
Juda, der einst vorgeschlagen hat, Josef als Sklaven zu verkaufen, will jetzt selbst Sklave werden, um seinen Bruder zu retten. Die Brüder haben sich wirklich verändert.
Christen sehen hier ein Bild für Jesus, der aus dem Stamm Juda kommt: Er gibt sich selbst hin, damit andere frei werden."
1;1. Mose;45;Josef gibt sich zu erkennen;1;4;"Judas Rede hat Josef tief getroffen. Er sieht: Meine Brüder sind nicht mehr dieselben. Jetzt kann er sich nicht mehr verstellen.
Er schickt alle Ägypter hinaus. Was jetzt kommt, gehört nur der Familie.
„Ich bin Josef!“ – Drei Worte, die alles verändern. Die Brüder sind starr vor Schreck. Der mächtige Herrscher, vor dem sie gezittert haben, ist ihr Bruder. Der Bruder, den sie verkauft haben.
Josef sagt die Wahrheit ganz offen: „den ihr verkauft habt.“ Er verschweigt nichts. Aber er sagt es ohne Vorwurf."
1;1. Mose;45;Gott hat es zum Guten gelenkt;5;8;"Das ist der Kern der ganzen Josefsgeschichte. Josef sieht sein Leben mit neuen Augen: Hinter allem Leid, hinter der Grube, der Sklaverei und dem Gefängnis hat Gott einen Plan verfolgt.
Die Brüder haben Böses getan. Das sagt Josef ganz klar. Aber Gott hat daraus etwas Gutes gemacht: die Rettung vieler Menschen.
Josef vergibt seinen Brüdern. Er will nicht, dass sie sich weiter quälen.
Wörtlich steht da: Gott hat mich zum „Vater“ des Pharao gemacht. Das war ein Titel für den wichtigsten Berater des Königs."
1;1. Mose;45;Holt meinen Vater!;9;15;"Goschen ist ein fruchtbares Gebiet im Nordosten Ägyptens, im Nildelta. Dort gab es gute Weiden für die Herden.
Josef will seinen Vater so schnell wie möglich wiedersehen.
Josef umarmt erst Benjamin, dann alle Brüder. Er weint mit jedem.
Der letzte Satz ist ganz schlicht, aber wunderschön: „Danach redeten seine Brüder mit ihm.“ Früher konnten sie „kein freundliches Wort mehr mit ihm reden“ (Kapitel 37,4). Jetzt reden sie wieder miteinander. Die Familie ist versöhnt."
1;1. Mose;45;Der Pharao lädt die Familie ein;16;20;"Der Pharao ist großzügig. Er weiß: Josef hat Ägypten gerettet. Jetzt will er Josefs Familie etwas Gutes tun.
Wagen waren damals etwas Besonderes. Im Land Kanaan gab es kaum welche. Man reiste zu Fuß oder auf Eseln."
1;1. Mose;45;Die Brüder kehren heim;21;28;"Josef hat einmal ein besonderes Kleid bekommen, und das brachte Neid. Jetzt schenkt er allen Brüdern Kleider.
Benjamin bekommt wieder mehr. Aber diesmal werden die Brüder nicht neidisch.
„Streitet euch nicht unterwegs!“ – vielleicht ein kleines Augenzwinkern von Josef. Er kennt seine Brüder. Vielleicht meint er auch: Gebt euch jetzt nicht gegenseitig die Schuld für das, was damals geschah.
Jakob kann es zuerst nicht glauben. 22 Jahre hat er um Josef getrauert. Erst als er die Wagen sieht, wird es wirklich.
Die Brüder müssen ihrem Vater jetzt wohl auch die Wahrheit erzählen: dass Josef nicht von einem wilden Tier gefressen wurde. Die Bibel sagt nicht, wie dieses Gespräch verlief."
1;1. Mose;46;Gott ermutigt Jakob;1;4;"Beerscheba ist der letzte Ort im Süden des Landes Kanaan. Jakob macht hier Halt, bevor er das versprochene Land verlässt. Abraham und Isaak haben hier gebetet.
Jakob hat wohl Angst: Darf er das Land verlassen, das Gott versprochen hat? Isaak durfte damals nicht nach Ägypten gehen (Kapitel 26,2).
Gott beruhigt ihn: Diesmal ist es richtig. Und: Ich gehe mit. Gott ist nicht an ein Land gebunden.
„Ich bringe dich wieder herauf“ – das meint Jakobs Nachkommen. Davon erzählt das 2. Buch Mose.
„Josef wird dir die Augen schließen“ heißt: Josef wird bei dir sein, wenn du stirbst. Ein großer Trost für den alten Vater."
1;1. Mose;46;Siebzig Personen;26;27;"Diese lange Liste ist wichtig: Sie nennt die Familien, aus denen später die zwölf Stämme Israels werden.
Die Zahlen sind etwas kompliziert gerechnet. Bei den 33 Personen von Lea ist zum Beispiel Jakob selbst mitgezählt, Er und Onan aber nicht. Bei den 70 sind Josef und seine Söhne mitgezählt, obwohl sie schon in Ägypten waren.
Wichtig ist die Zahl 70. Sie erinnert an die 70 Völker in Kapitel 10. Die Familie Jakobs ist wie eine kleine Welt für sich. Aus diesen 70 Menschen wird in Ägypten ein großes Volk.
Auch Frauen werden genannt: Dina und Serach, die Tochter von Ascher."
1;1. Mose;46;Das Wiedersehen;28;30;"Juda geht voraus. Er ist jetzt der Anführer unter den Brüdern.
Nach 22 Jahren sehen sich Vater und Sohn wieder. Die Bibel beschreibt es ganz schlicht. Aber jeder spürt, wie viel Gefühl in diesem Moment liegt.
Jakob hat nichts mehr zu wünschen. Sein größter Schmerz ist geheilt."
1;1. Mose;46;Josef bereitet die Brüder auf den Pharao vor;31;34;"Josef ist klug. Er weiß: Die Ägypter wollen mit Hirten nichts zu tun haben. Gerade darum wird man seine Familie in Ruhe lassen und ihr ein eigenes Gebiet geben.
So bleibt Israel ein eigenes Volk und vermischt sich nicht mit den Ägyptern. Es kann seinen Glauben und seine Lebensweise bewahren."
1;1. Mose;47;Die Brüder vor dem Pharao;1;6;"Alles läuft so, wie Josef es geplant hat. Die Brüder sind ehrlich und bescheiden.
Der Pharao ist großzügig. Er gibt Josefs Familie sogar Arbeit bei seinen eigenen Herden."
1;1. Mose;47;Jakob segnet den Pharao;7;12;"Eine erstaunliche Szene: Ein alter Hirte segnet den mächtigsten König der Welt. Eigentlich segnet ja der Größere den Kleineren. Aber Jakob trägt Gottes Segen. Und so wird durch Abrahams Familie auch Ägypten gesegnet.
Jakob nennt sein Leben eine „Wanderschaft“. Er war nie wirklich zu Hause. Und er ist ehrlich: Es waren schwere Jahre. Er hat viel Leid erlebt – und auch viel selbst verschuldet.
Ramses ist eine Gegend im Nildelta. Der Name kommt von einem späteren Pharao. Der Erzähler benutzt den Namen, den seine Leser kannten."
1;1. Mose;47;Die Ägypter verkaufen sich und ihr Land;18;26;"Dieser Abschnitt ist für heutige Leser nicht leicht. Josef rettet zwar die Ägypter vor dem Hungertod. Aber am Ende gehören alles Geld, alles Vieh und alles Land dem Pharao. Die Menschen sind abhängig von ihm geworden.
Die Ägypter selbst empfinden es als Rettung: „Du hast uns das Leben gerettet!“ Eine Abgabe von einem Fünftel war damals eher mild. In anderen Ländern verlangten Herrscher oft viel mehr.
Manche Ausleger sehen Josef hier als klugen Verwalter in einer Notlage. Andere sehen kritisch, dass er die Macht des Pharao so stark vergrößert hat. Später wird ein Pharao genau diese Macht nutzen, um Josefs Nachkommen zu Sklaven zu machen (2. Mose 1).
Die Bibel erzählt es, ohne es ausdrücklich zu loben oder zu tadeln."
1;1. Mose;47;Jakob will in Kanaan begraben werden;27;31;"In Ägypten erfüllt sich Gottes Versprechen: Die Familie wird groß und zahlreich.
17 Jahre lang hat Josef seinen Vater am Anfang seines Lebens gehabt. Jetzt hat Jakob 17 Jahre mit Josef in Ägypten. So bekommt er die verlorenen Jahre zurück.
„Die Hand unter die Hüfte legen“ ist ein feierlicher Schwur, wie bei Abraham und seinem Knecht (Kapitel 24).
Jakob will nicht in Ägypten bleiben, auch nicht als Toter. Sein Herz gehört dem Land, das Gott versprochen hat. Er will bei Abraham, Sara, Isaak, Rebekka und Lea in der Höhle Machpela begraben werden.
Am Ende neigt sich Jakob über sein Bett und betet Gott an. Er dankt Gott."
1;1. Mose;48;Josef besucht seinen kranken Vater;1;7;"Lus ist der alte Name von Bet-El, wo Jakob die Himmelstreppe sah.
Jakob nimmt Josefs Söhne als seine eigenen Söhne an. Das heißt: Josef bekommt einen doppelten Anteil am Erbe. Aus ihm werden später zwei Stämme Israels: Efraim und Manasse.
Eigentlich stand der doppelte Anteil dem Erstgeborenen zu, also Ruben. Aber Ruben hat dieses Recht verloren (Kapitel 35,22). Jetzt bekommt es Josef, der erste Sohn von Rahel.
Jakob denkt an Rahel. Auch am Ende seines Lebens trauert er noch um seine geliebte Frau. Vielleicht erklärt er Josef damit auch: Rahel hätte noch mehr Kinder haben sollen. Darum nehme ich deine Söhne an."
1;1. Mose;48;Der Großvater und die Enkel;8;12;"Wie sein Vater Isaak ist auch Jakob im Alter fast blind. Erinnerst du dich? Als Isaak blind war, hat Jakob ihn betrogen (Kapitel 27). Jetzt ist Jakob selbst der blinde Vater, der segnet.
Jakob ist überwältigt vor Dankbarkeit: Er dachte, Josef sei tot. Jetzt hält er sogar Josefs Kinder im Arm.
Die Kinder auf den Schoß zu nehmen, war ein Zeichen: Ich nehme sie als meine eigenen an."
1;1. Mose;48;Der Jüngere vor dem Älteren;13;20;"Die rechte Hand galt als die wichtigere. Sie war für den Erstgeborenen bestimmt.
Wieder geschieht dasselbe wie so oft im 1. Buch Mose: Der Jüngere wird vor den Älteren gestellt. Abel vor Kain, Isaak vor Ismael, Jakob vor Esau, Josef vor seinen älteren Brüdern, Perez vor Serach. Gott hält sich nicht an die Regeln der Menschen. Er wählt oft die, die zuerst übersehen werden.
Jakob, der früher selbst den Segen erschlichen hat, gibt ihn jetzt ganz bewusst und offen. Er weiß, was er tut.
Jakob nennt Gott seinen „Hirten“. Er war selbst sein Leben lang Hirte. Jetzt erkennt er: Gott hat mich gehütet. Dieses Bild kommt später im berühmten Psalm 23 wieder: „Der HERR ist mein Hirte.“
Bis heute segnen jüdische Väter am Freitagabend ihre Söhne mit den Worten: „Gott mache dich wie Efraim und Manasse.“"
1;1. Mose;48;Ein besonderes Geschenk für Josef;21;22;"Jakob ist sicher: Gott wird sein Versprechen halten. Die Familie wird nach Kanaan zurückkehren.
Im Hebräischen steht hier für „Stück Land“ das Wort „Schechem“. Es ist auch der Name der Stadt Sichem. Wahrscheinlich ist dieses Land gemeint. Dort wird Josef später tatsächlich begraben (Josua 24,32).
Von einem Kampf Jakobs gegen die Amoriter erzählt die Bibel sonst nichts. Vielleicht denkt Jakob an den Überfall seiner Söhne auf Sichem (Kapitel 34) oder an eine andere Begebenheit."
1;1. Mose;49;Versammelt euch!;1;2;"Am Ende seines Lebens spricht Jakob zu jedem seiner Söhne. Diese Worte sind wie ein Gedicht. In alten Bibeln steht dieser Text oft in Versform.
Jakob sagt nicht nur Gutes. Er spricht offen aus, was jeder getan hat und was aus ihm werden wird. Die Worte gelten nicht nur den Söhnen, sondern auch den Stämmen, die von ihnen abstammen werden.
Manche Bilder in diesem Kapitel sind schwer zu verstehen. Auch Fachleute sind sich bei einigen Versen nicht sicher, was genau gemeint ist."
1;1. Mose;49;Ruben;3;4;"Ruben hätte als Ältester der Anführer werden sollen. Aber er hat mit Bilha geschlafen, der Nebenfrau seines Vaters (Kapitel 35,22). Darum verliert er sein Vorrecht.
„Wie kochendes Wasser“ heißt: unbeherrscht, ohne Selbstkontrolle.
Tatsächlich spielte der Stamm Ruben später in Israel keine große Rolle."
1;1. Mose;49;Simeon und Levi;5;7;"Jakob erinnert an das Blutbad in Sichem (Kapitel 34). Damals hat er nur an sich selbst gedacht. Jetzt verurteilt er die Gewalt seiner Söhne deutlich.
Wichtig: Jakob verflucht nicht seine Söhne. Er verflucht ihren Zorn und ihre Gewalt.
„Sie werden zerstreut“: Der Stamm Simeon bekam später kein eigenes Gebiet, sondern lebte mitten im Gebiet von Juda. Der Stamm Levi bekam auch kein eigenes Land. Aber aus Levi wurden die Priester, die überall im Land wohnten. So wurde aus dem Fluch am Ende ein Segen."
1;1. Mose;49;Juda;8;12;"Juda bekommt den größten Segen. Er hat sich verändert: Er hat seine Schuld bei Tamar zugegeben und sich für Benjamin geopfert. Jetzt wird er der Anführer unter den Brüdern.
Der Löwe ist ein Bild für Kraft und Königswürde. Bis heute ist der Löwe das Wappentier von Jerusalem.
Ein Zepter ist ein Stab, den Könige als Zeichen ihrer Macht tragen. Aus dem Stamm Juda kam später König David und alle Könige in Jerusalem.
„Bis der kommt, dem es gehört“ – dieser Satz ist schwer zu übersetzen. Juden und Christen haben ihn schon sehr früh auf den Messias bezogen, den kommenden König, den Gott schicken wird. Christen sehen darin einen Hinweis auf Jesus. In der Offenbarung wird Jesus „der Löwe aus dem Stamm Juda“ genannt (Offenbarung 5,5).
Die Verse 11 und 12 malen ein Bild von unglaublichem Überfluss: So viel Wein, dass man Esel an edle Reben bindet und seine Kleider darin wäscht."
1;1. Mose;49;Sebulon und Issachar;13;15;"Sebulon bekam später ein Gebiet in Richtung Mittelmeer, im Norden des Landes. Sidon ist eine Hafenstadt im heutigen Libanon.
Issachar wird mit einem starken Lastesel verglichen. Sein Land war sehr fruchtbar. Aber weil er es bequem haben wollte, unterwarf er sich anderen und musste für sie arbeiten."
1;1. Mose;49;Dan, Gad, Ascher und Naftali;16;21;"„Dan“ bedeutet „Richter“. Ein kleiner Stamm, aber listig und gefährlich wie eine Schlange. Aus Dan kam später der Richter Simson.
Mitten in den Segensworten seufzt Jakob plötzlich zu Gott: „Auf deine Rettung warte ich, HERR!“ Vielleicht merkt er: Meine Söhne und ihre Nachkommen werden viel Kampf und Not erleben. Am Ende hilft nur Gott.
„Gad“ klingt wie „Räuberschar“ und „angreifen“. Der Stamm Gad lebte östlich vom Jordan und musste sich oft gegen Angreifer wehren.
„Ascher“ bedeutet „glücklich“. Er bekam ein sehr fruchtbares Gebiet an der Küste.
Bei Naftali ist der hebräische Text schwer zu verstehen. Manche Bibeln übersetzen „schöne Junge“, andere „schöne Worte“. Klar ist: Naftali wird mit einem freien, flinken Tier verglichen."
1;1. Mose;49;Josef;22;26;"Josef bekommt den längsten und herzlichsten Segen.
Die „Bogenschützen“ sind ein Bild für alle, die Josef gequält haben: die Brüder, Potifars Frau, das Gefängnis. Aber Josef ist nicht zerbrochen. Gott hat ihn stark gemacht.
Jakob nennt Gott mit vielen schönen Namen: der Starke Jakobs, der Hirte, der Felsen Israels, der Allmächtige. Ein Fels ist fest und sicher. Auf ihn kann man bauen.
Der Segen ist vollständig: Regen vom Himmel, Wasser aus der Erde und viele Kinder."
1;1. Mose;49;Benjamin;27;27;Der kleine, behütete Benjamin wird ein Stamm von Kämpfern. Tatsächlich waren die Benjaminiter später als mutige und gefährliche Krieger bekannt. Aus Benjamin kam Saul, der erste König Israels. Und auch der Apostel Paulus stammte aus dem Stamm Benjamin (Philipper 3,5).
1;1. Mose;49;Jakob stirbt;28;33;"Hier steht zum ersten Mal in der Bibel: „die zwölf Stämme Israels“. Aus einer Familie ist ein Volk geworden.
Jakob will bei Lea begraben werden, nicht bei Rahel. Lea, die so lange um seine Liebe gekämpft hat, liegt am Ende an seiner Seite – und mit ihr die Väter und Mütter des Glaubens.
Hier erfahren wir auch, dass Rebekka und Lea gestorben sind. Die Bibel hatte es vorher nicht erzählt.
Jakobs Tod wird ruhig und friedlich beschrieben. Er hat alles gesagt, was er sagen wollte. Dann legt er sich hin und stirbt."
1;1. Mose;50;Die Trauer um Jakob;1;3;"Einbalsamieren heißt: einen Toten mit besonderen Salben und Ölen behandeln, damit der Körper nicht verwest. So machten die Ägypter Mumien. Das war nötig, weil Jakob noch weit nach Kanaan gebracht werden sollte.
70 Tage Trauer – fast so lange, wie die Ägypter um einen Pharao trauerten. Jakob wird in Ägypten hoch geehrt."
1;1. Mose;50;Der große Trauerzug nach Kanaan;4;14;"Josef hält sein Versprechen an den Vater.
Josef muss den Pharao um Erlaubnis bitten. Er verspricht zurückzukommen. Er ist zwar mächtig, aber er ist auch ein Diener des Pharao.
Eine Tenne ist ein fester, flacher Platz, auf dem man Getreide drischt.
„Abel-Mizrajim“ bedeutet „Trauer der Ägypter“ oder „Wiese der Ägypter“.
Ein riesiger ägyptischer Trauerzug zieht in das versprochene Land. Fast wie ein Vorgeschmack auf den Auszug aus Ägypten viele Jahre später."
1;1. Mose;50;Die Angst der Brüder;15;18;"17 Jahre lang haben die Brüder mit Josef in Ägypten gelebt. Trotzdem haben sie immer noch Angst. Vielleicht dachten sie: Josef war nur wegen unseres Vaters freundlich. Jetzt, wo der Vater tot ist, wird er sich rächen.
Sie schicken eine Botschaft angeblich von Jakob. Ob Jakob das wirklich gesagt hat, wissen wir nicht. Vielleicht haben die Brüder es sich ausgedacht, weil sie so große Angst hatten.
Josef weint. Es tut ihm weh, dass seine Brüder ihm immer noch nicht vertrauen.
Zum letzten Mal verneigen sich die Brüder vor Josef. Sie bieten sich ihm als Sklaven an. Damals haben sie ihn als Sklaven verkauft."
1;1. Mose;50;„Ihr wolltet Böses – Gott hat es zum Guten gemacht“;19;21;"Das ist einer der wichtigsten Sätze der ganzen Bibel: „Ihr hattet Böses geplant. Aber Gott hat es zum Guten gewendet.“
Josef beschönigt nichts. Was die Brüder getan haben, war böse. Aber Gott ist größer als das Böse der Menschen. Er kann sogar aus großem Unrecht etwas Gutes machen.
„Stehe ich an Gottes Stelle?“ heißt: Es ist nicht meine Aufgabe, euch zu bestrafen. Das Urteil gehört Gott. Und ich vergebe euch.
Josef vergibt nicht nur mit Worten. Er sorgt für seine Brüder und ihre Kinder. Echte Vergebung zeigt sich in Taten.
Das 1. Buch Mose begann mit einer Familie, in der ein Bruder den anderen tötete (Kain und Abel). Es endet mit einer Familie, in der ein Bruder seinen Brüdern vergibt."
1;1. Mose;50;Josefs letzte Jahre und sein Tod;22;26;"110 Jahre galt in Ägypten als das ideale, vollkommene Lebensalter.
„Auf Josefs Knien geboren“ heißt: Josef hat sie als seine eigenen Kinder angenommen, so wie Jakob es mit Efraim und Manasse getan hat.
Josef lebt in Ägypten, aber sein Herz gehört dem versprochenen Land. Er glaubt fest: Gott wird sein Volk eines Tages herausführen.
Seine Gebeine (seine Knochen) sollen dann mitgenommen werden. Viele Jahre später, beim Auszug aus Ägypten, wird Mose genau das tun (2. Mose 13,19). Und Josef wird in Sichem begraben (Josua 24,32).
Das 1. Buch Mose endet mit einem Sarg in Ägypten. Das klingt traurig. Aber es endet auch mit einer großen Hoffnung: „Gott wird sich um euch kümmern.“ Die Geschichte ist noch nicht zu Ende. Sie geht weiter im 2. Buch Mose."
2;2. Mose;1;Aus einer Familie wird ein Volk;1;7;"Das 2. Buch Mose knüpft direkt an das 1. Buch an. Wieder werden die Söhne Jakobs genannt.
Gott hatte Abraham versprochen: Deine Nachkommen werden so zahlreich sein wie die Sterne. In Ägypten geht das in Erfüllung. Aus 70 Menschen wird ein großes Volk.
Die Worte „fruchtbar sein“ und „sich vermehren“ erinnern an Gottes Segen bei der Schöpfung (1. Mose 1,28). Gottes Segen wirkt – auch in einem fremden Land."
2;2. Mose;1;Ein neuer König;8;14;"Viele Jahre sind vergangen. Der neue Pharao „wusste nichts von Josef“. Das heißt: Er erinnert sich nicht mehr daran, dass ein Israelit Ägypten einst vor dem Hunger gerettet hat. Oder es ist ihm egal.
Der Pharao hat Angst vor den Fremden in seinem Land. Aus Angst wird Unterdrückung. Das ist leider bis heute ein bekanntes Muster: Man macht eine Minderheit zum Sündenbock.
Die Israeliten werden zu Sklaven. Sie müssen Ziegel aus Lehm herstellen und damit Städte bauen.
Aber Gott lässt sein Volk trotzdem wachsen. Die Unterdrückung erreicht das Gegenteil von dem, was der Pharao will."
2;2. Mose;1;Die mutigen Hebammen;15;21;"Eine Hebamme ist eine Frau, die bei der Geburt hilft.
Der Pharao befiehlt einen grausamen Massenmord an Babys. Aber zwei Frauen widersetzen sich – mitten im mächtigsten Reich der Welt.
Sie haben mehr Respekt vor Gott als vor dem König. Das ist der erste Akt von gewaltlosem Widerstand in der Bibel.
Schifra und Pua werden mit Namen genannt. Der Name des Pharao wird nicht genannt. Für die Bibel sind diese mutigen Frauen wichtiger als der mächtige König.
Ob sie lügen oder die Wahrheit sagen, ist nicht ganz klar. Klar ist: Gott steht auf ihrer Seite, weil sie Leben retten."
2;2. Mose;1;Der Befehl des Pharao;22;22;"Jetzt wird es noch schlimmer. Der Pharao befiehlt allen Ägyptern, die hebräischen Jungen zu töten.
Der Nil war für die Ägypter ein Gott, der Leben schenkt. Jetzt soll er ein Ort des Todes werden.
Aber gerade im Nil wird Gott ein Kind retten: Mose. Davon erzählt das nächste Kapitel."
2;2. Mose;2;Das Kind im Körbchen;1;10;"Mose kommt aus der Familie Levi. Später erfahren wir die Namen seiner Eltern: Amram und Jochebed (Kapitel 6,20). Seine Schwester heißt Mirjam.
Das Wort für „Körbchen“ ist im Hebräischen dasselbe Wort wie „Arche“ bei Noah. Wie Noah in seiner Arche wird auch Mose in seinem kleinen „Kasten“ vor dem Tod im Wasser gerettet.
Papyrus ist eine Schilfpflanze am Nil. Daraus machte man auch Papier.
Wieder sind es Frauen, die Leben retten: die Mutter, die Schwester – und sogar die Tochter des Pharao, die ihrem eigenen Vater nicht gehorcht.
Was für eine Wendung: Die Mutter bekommt ihr eigenes Kind zurück – und wird sogar noch dafür bezahlt!
Der Name „Mose“ ist wohl ägyptisch und bedeutet „Sohn“ oder „geboren“. Im Hebräischen klingt er wie „herausziehen“. Später wird Mose selbst sein Volk aus Ägypten „herausziehen“."
2;2. Mose;2;Mose tötet einen Ägypter;11;15;"Mose ist am Hof des Pharao aufgewachsen. Aber er weiß, dass er ein Hebräer ist. Er nennt die Sklaven „seine Brüder“.
Er sieht Unrecht und will helfen. Aber er tut es auf eigene Faust und mit Gewalt. Er tötet einen Menschen und versteckt die Leiche.
Die Bibel lobt das nicht. Mose will Gerechtigkeit, aber auf dem falschen Weg. Er muss erst lernen, auf Gott zu hören.
Midian ist ein Wüstengebiet östlich von Ägypten, wahrscheinlich im Nordwesten des heutigen Saudi-Arabien. Die Midianiter stammten von Abraham und Ketura ab (1. Mose 25,2)."
2;2. Mose;2;Mose in Midian;16;22;"Wieder eine Begegnung am Brunnen, wie bei Rebekka und bei Rahel. Und wieder führt sie zu einer Hochzeit.
Mose setzt sich wieder für Schwache ein. Diesmal ohne Gewalt.
Die Frauen halten Mose für einen Ägypter, weil er wie einer gekleidet ist.
Der Priester von Midian hat zwei Namen: Reguël und Jitro (Kapitel 3,1).
„Gerschom“ klingt wie „ein Fremder dort“. Mose fühlt sich heimatlos: In Ägypten war er ein Hebräer, in Midian ist er ein Fremder."
2;2. Mose;2;Gott hört das Schreien seines Volkes;23;25;"Diese drei Verse sind der Wendepunkt. Viermal steht hier „Gott“: Gott hört. Gott denkt an seinen Bund. Gott sieht. Gott weiß Bescheid.
Das Volk hat lange gelitten. Es schien, als sei Gott weit weg. Aber Gott hat nichts vergessen. Er hat jeden Schrei gehört.
„Gott wusste Bescheid“ heißt mehr als: Er hatte Informationen. Es heißt: Er kennt ihr Leid von innen. Er fühlt mit ihnen.
Diese Botschaft gilt bis heute für alle, die unterdrückt werden: Gott hört euer Schreien."
2;2. Mose;3;Ein Busch, der brennt und nicht verbrennt;1;6;"Mose ist jetzt ein einfacher Hirte in der Wüste. Er ist etwa 80 Jahre alt (siehe Kapitel 7,7). Er hat wohl nicht mehr damit gerechnet, dass in seinem Leben noch etwas Großes passiert.
Der Horeb ist ein anderer Name für den Berg Sinai.
Ein Feuer, das brennt, aber nicht verbrennt – ein Zeichen für Gottes Gegenwart. Gott ist wie ein Feuer: voller Kraft, aber er zerstört nicht.
Mose ist neugierig. Gott ruft ihn bei seinem Namen, zweimal – so wie bei Abraham und Jakob.
„Heiliger Boden“: Wo Gott ist, wird ein gewöhnlicher Ort besonders. Die Schuhe auszuziehen ist ein Zeichen von Ehrfurcht. In vielen Kulturen zieht man bis heute die Schuhe aus, wenn man einen heiligen Ort betritt."
2;2. Mose;3;Gott hat das Elend gesehen;7;10;"Gott sagt: Ich habe gesehen, gehört, ich kenne die Schmerzen, ich bin herabgekommen, ich will retten. Gott bleibt nicht im Himmel. Er kommt herab zu den Leidenden.
„Ein Land, in dem Milch und Honig fließen“ – das heißt: ein reiches, fruchtbares Land, in dem es alles im Überfluss gibt. Milch von den Herden, Honig von den Bienen oder aus Datteln.
Und dann die Überraschung: Gott will retten – und schickt dafür Mose. Gott handelt oft durch Menschen."
2;2. Mose;3;„Wer bin ich?“;11;12;"Früher wollte Mose aus eigener Kraft seinem Volk helfen. Jetzt, wo Gott ihn ruft, fühlt er sich zu klein.
Gott antwortet nicht mit „Du schaffst das schon“. Er sagt: „**Ich** werde mit dir sein.“ Es kommt nicht darauf an, wer Mose ist, sondern wer mit ihm geht.
Das Zeichen ist seltsam: Es kommt erst, wenn alles geschafft ist. Mose muss zuerst vertrauen und losgehen."
2;2. Mose;3;Gottes Name;13;15;"Das ist eine der wichtigsten Stellen der ganzen Bibel: Gott sagt seinen Namen.
„Ich bin, der ich bin“ kann man auch übersetzen: „Ich werde sein, der ich sein werde“ oder „Ich bin da, als der ich da bin“. Der Name bedeutet: Gott ist immer da. Er ist da für sein Volk. Aber er lässt sich nicht festlegen oder einsperren. Er bleibt ein Geheimnis.
Aus diesem „Ich bin“ kommt der Gottesname „JHWH“ (wahrscheinlich „Jahwe“ ausgesprochen). In dieser Bibel steht dafür „der HERR“.
Aus Ehrfurcht sprechen Juden diesen Namen nicht aus. Sie sagen stattdessen „Adonai“ (mein Herr) oder „HaSchem“ (der Name).
Jesus sagt im Johannes-Evangelium mehrmals „Ich bin“: „Ich bin das Licht der Welt“, „Ich bin der gute Hirte“. Christen sehen darin einen Hinweis auf diesen Namen Gottes."
2;2. Mose;3;Gottes Plan;16;22;"Älteste waren die erfahrenen, angesehenen Männer, die ein Volk oder eine Stadt leiteten.
Gott sagt Mose ehrlich voraus: Es wird nicht leicht. Der Pharao wird sich weigern.
Die erste Bitte ist bescheiden: nur drei Tage in die Wüste, um Gott zu feiern. Selbst das wird der Pharao verweigern. Das zeigt, wie hart er ist.
Die Israeliten sollen nicht mit leeren Händen gehen. Nach so vielen Jahren unbezahlter Sklavenarbeit ist das wie ein später Lohn. Gott hatte es schon Abraham versprochen: „Sie werden mit großem Besitz herausziehen“ (1. Mose 15,14)."
2;2. Mose;4;Drei Zeichen;1;9;"Mose hat immer noch Zweifel. Gott ist geduldig und gibt ihm Zeichen, die er den Israeliten zeigen kann.
Der Stab war ein einfacher Hirtenstab – das Werkzeug seiner täglichen Arbeit. Gott macht daraus etwas Besonderes. Gott benutzt das, was wir schon in der Hand haben.
Die Schlange war in Ägypten ein Zeichen für die Macht des Pharao. Mose packt sie am Schwanz. Das zeigt: Gott ist stärker als die Macht Ägyptens.
Aussatz war eine gefürchtete Hautkrankheit. Gott kann krank machen und heilen.
Der Nil war für die Ägypter heilig. Wenn sein Wasser zu Blut wird, zeigt das: Gott ist auch über die Götter Ägyptens Herr."
2;2. Mose;4;„Ich kann nicht gut reden“;10;17;"Mose sucht immer neue Ausreden. Vielleicht stotterte er. Vielleicht hatte er nach 40 Jahren in der Wüste die ägyptische Sprache verlernt.
Gottes Antwort: Ich habe dich gemacht, ich kenne deine Schwächen. Ich helfe dir.
Als Mose dann einfach sagt „Schick einen anderen“, wird Gott zornig. Hinter den Ausreden steckt die Angst, Gott zu vertrauen.
Aber Gott gibt trotzdem nach und schickt Hilfe: Moses Bruder Aaron. Gott nimmt Rücksicht auf unsere Schwächen.
„Du wirst für ihn wie Gott sein“ heißt: Mose bekommt die Botschaft von Gott und gibt sie an Aaron weiter, so wie Gott zu einem Propheten spricht."
2;2. Mose;4;Mose kehrt nach Ägypten zurück;18;23;"Mose ist respektvoll. Er bittet seinen Schwiegervater um Erlaubnis.
Der Hirtenstab heißt jetzt „Stab Gottes“. Ein einfacher Gegenstand ist durch Gottes Auftrag etwas Besonderes geworden.
„Ich werde sein Herz hart machen“ – das ist für viele Leser eine schwierige Stelle. Heißt das, der Pharao hat keine Wahl? In den nächsten Kapiteln steht oft auch: Der Pharao machte **selbst** sein Herz hart. Viele Ausleger verstehen es so: Der Pharao entscheidet sich immer wieder gegen Gott. Und Gott lässt ihn bei seiner Entscheidung bleiben und bestätigt sie.
„Israel ist mein erstgeborener Sohn“ – Gott liebt sein Volk wie ein Vater sein Kind. Der Pharao will Gottes Sohn nicht freilassen. Darum wird er seinen eigenen Sohn verlieren. Das ist die letzte und schlimmste der zehn Plagen (Kapitel 12)."
2;2. Mose;4;Eine rätselhafte Nacht;24;26;"Das ist einer der rätselhaftesten Abschnitte der ganzen Bibel. Niemand kann ihn ganz sicher erklären.
Die häufigste Erklärung: Mose hatte seinen Sohn nicht beschnitten, obwohl die Beschneidung das Zeichen des Bundes mit Gott war (1. Mose 17). Wer Gottes Volk führen soll, muss selbst Gottes Bund ernst nehmen.
Zippora, eine Ausländerin, erkennt die Gefahr und handelt schnell. Sie rettet Mose das Leben – wie schon die Hebammen, seine Mutter, seine Schwester und die Tochter des Pharao.
Wessen Füße sie berührt – die von Mose oder die des Sohnes – ist im Text nicht ganz klar. „Füße“ kann im Hebräischen auch ein zurückhaltendes Wort für die Geschlechtsteile sein.
„Blutbräutigam“ war vielleicht ein alter Ausdruck, der mit der Beschneidung zu tun hatte. Was er genau bedeutet, weiß man heute nicht mehr."
2;2. Mose;4;Mose und Aaron beim Volk;27;31;"Die Brüder treffen sich am Berg Gottes, dort, wo Gott Mose im Dornbusch begegnet ist.
Mose hatte Angst, dass niemand ihm glaubt. Aber genau das Gegenteil geschieht: Das Volk glaubt und betet Gott an.
Nach langen Jahren der Unterdrückung hören die Menschen endlich: Gott hat uns nicht vergessen. Er hat unser Leid gesehen. Das ist die beste Nachricht, die man ihnen bringen kann."
2;2. Mose;5;„Lass mein Volk ziehen!“;1;5;"„Lass mein Volk ziehen!“ – Dieser Satz wurde berühmt. Er wurde später zum Ruf vieler unterdrückter Menschen, zum Beispiel der schwarzen Sklaven in Amerika („Let my people go“).
Der Pharao hält sich selbst für einen Gott. Für ihn ist der Gott der Sklaven ein Niemand: „Wer ist denn der HERR? Ich kenne ihn nicht.“ In den nächsten Kapiteln wird er ihn kennenlernen.
Der Pharao denkt nur an die Arbeitskraft der Sklaven. Für ihn sind sie keine Menschen, sondern Arbeiter."
2;2. Mose;5;Ziegel ohne Stroh;6;14;"Ziegel machte man aus Lehm, Wasser und gehacktem Stroh. Das Stroh machte die Ziegel fester.
Jetzt müssen die Israeliten das Stroh selbst suchen – und trotzdem genauso viele Ziegel machen. Das ist unmöglich. Der Pharao will sie absichtlich fertigmachen.
„Stoppeln“ sind die kurzen Halmreste, die nach der Ernte auf dem Feld stehen bleiben.
Die Aufseher waren Israeliten, die ihre eigenen Leute beaufsichtigen mussten. Sie stehen zwischen den Fronten – und werden geschlagen, wenn ihre Leute es nicht schaffen."
2;2. Mose;5;Die Klage der Aufseher;15;21;"Die Aufseher bitten den Pharao um Gerechtigkeit. Aber der Pharao verhöhnt sie nur.
„Faul“ – so redet der Unterdrücker über Menschen, die er ausbeutet.
Jetzt geben die Israeliten Mose und Aaron die Schuld. Gerade eben haben sie noch Gott angebetet. Jetzt ist alles schlimmer geworden. Die Hoffnung ist weg.
Das kennen viele: Manchmal wird es zuerst schlimmer, bevor es besser wird."
2;2. Mose;5;Mose klagt Gott an;22;23;"Mose ist verzweifelt. Er hat getan, was Gott wollte – und alles ist schlimmer geworden.
Er bringt seine Enttäuschung direkt vor Gott. Er klagt Gott sogar an: „Warum hast du das getan?“
Das ist erlaubt. In der Bibel dürfen Menschen ihren Schmerz, ihre Wut und ihre Enttäuschung vor Gott aussprechen. Ein ehrliches Klagegebet ist auch ein Gebet.
Im nächsten Kapitel antwortet Gott ihm."
2;2. Mose;6;„Ich bin der HERR“;1;8;"Mose hatte Gott angeklagt (Kapitel 5). Gott antwortet nicht mit einer Erklärung, sondern mit Versprechen.
Vers 3 ist schwer zu verstehen: Die Väter haben den Namen „HERR“ im 1. Buch Mose schon benutzt. Viele Ausleger verstehen es so: Die Väter kannten den Namen, aber sie haben noch nicht erlebt, was er bedeutet. Erst jetzt, bei der Befreiung aus Ägypten, zeigt Gott, wer er wirklich ist: der Gott, der da ist und rettet.
Der Anfang und das Ende dieser Rede ist derselbe Satz: „Ich bin der HERR.“ Alles, was Gott verspricht, steht auf diesem Fundament.
Gott verspricht sieben Dinge: herausführen, retten, befreien, als Volk annehmen, Gott sein, ins Land bringen, das Land geben. Bis heute erinnern sich Juden beim Passafest mit vier Bechern Wein an diese Versprechen.
„Mit erhobener Hand versprechen“ heißt: feierlich schwören."
2;2. Mose;6;Niemand hört zu;9;13;"Die Israeliten können die gute Nachricht nicht mehr hören. Sie sind zu erschöpft und zu verzweifelt. Wer sehr leidet, kann manchmal keine Hoffnung mehr annehmen.
Das ist verständlich. Gott wirft es ihnen nicht vor.
Mose sagt wörtlich: „Ich habe unbeschnittene Lippen.“ Das ist ein altes Bild und heißt: Ich bin ungeschickt beim Reden."
2;2. Mose;6;Die Familien von Ruben, Simeon und Levi;14;25;"Mitten in der spannenden Geschichte kommt plötzlich eine Familienliste. Sie zeigt: Mose und Aaron sind nicht irgendwer. Sie haben eine Herkunft. Sie stammen von Levi ab, einem Sohn Jakobs.
Die Liste beginnt mit Ruben und Simeon, den ältesten Söhnen Jakobs, und kommt dann zu Levi. Bei Levi wird sie ausführlich, denn aus diesem Stamm kommen Mose und Aaron und später alle Priester.
Moses Eltern heißen Amram und Jochebed. Jochebed war die Tante von Amram. Später hat Gott solche Ehen verboten (3. Mose 18,12).
Einige Namen werden später noch wichtig: Korach wird einen Aufstand gegen Mose anführen (4. Mose 16). Nadab und Abihu sterben, weil sie Gott nicht ehren (3. Mose 10). Pinhas wird ein mutiger Priester.
Nachschon war später der Anführer des Stammes Juda und ein Vorfahr von König David."
2;2. Mose;6;Mose und Aaron;26;30;"Nach der Liste kehrt die Erzählung genau dorthin zurück, wo sie aufgehört hat: zu Moses Zweifel.
„Heerscharen“ heißt hier: das Volk, geordnet wie ein großes Heer. Die Sklaven sollen nicht als ungeordnete Flüchtlinge ausziehen, sondern als Gottes Volk."
2;2. Mose;7;Mose und Aaron bekommen ihren Auftrag;1;7;"Ein Prophet ist jemand, der Gottes Worte an andere weitergibt. Hier gibt Mose Gottes Worte an Aaron, und Aaron sagt sie dem Pharao.
Der Pharao hält sich selbst für einen Gott. Jetzt steht ein alter Hirte vor ihm, der mit der Macht des wahren Gottes spricht.
Immer wieder steht: Die Ägypter sollen „erkennen, dass ich der HERR bin“. Erinnere dich: Der Pharao hatte gesagt: „Ich kenne den HERRN nicht“ (Kapitel 5,2). Jetzt wird er ihn kennenlernen.
Mose ist 80 Jahre alt! Für Gott ist es nie zu spät, jemanden zu gebrauchen."
2;2. Mose;7;Der Stab wird zur Schlange;8;13;"Die ägyptischen Zauberer können den Trick nachmachen. Aber Aarons Stab frisst ihre Stäbe auf. Das zeigt: Gottes Macht ist größer als alle Zauberei Ägyptens.
Trotzdem lässt sich der Pharao nicht beeindrucken. Ein hartes Herz sieht auch ein Wunder nicht.
Die Zauberer werden später „Jannes und Jambres“ genannt (2. Timotheus 3,8). In diesem Kapitel stehen ihre Namen aber nicht."
2;2. Mose;7;Die erste Plage: Das Wasser wird zu Blut;14;25;"Jetzt beginnen die zehn Plagen. Eine Plage ist ein großes Unglück, das über ein Land kommt.
Der Nil war das Herz Ägyptens. Die Ägypter verehrten ihn als Gott. Gott zeigt: Der Nil ist kein Gott. Ich bin der Herr über ihn.
Erinnere dich: Der Pharao hat befohlen, die hebräischen Babys in den Nil zu werfen (Kapitel 1,22). Jetzt wird der Nil selbst zu Blut.
Der Pharao geht einfach nach Hause. Er hat ja genug zu trinken. Das Leid seines Volkes ist ihm egal.
Manche Forscher versuchen, die Plagen mit natürlichen Ereignissen zu erklären, zum Beispiel mit roten Algen im Nil. Die Bibel erzählt sie als Taten Gottes. Wichtig ist nicht, wie es geschah, sondern was es zeigt: Gott ist mächtiger als der Pharao und seine Götter."
2;2. Mose;8;Die zweite Plage: Frösche;1;15;"In deutschen Bibeln stehen die Verse dieses Kapitels oft mit anderen Nummern. Dort ist der Anfang (Vers 1–4) noch Teil von Kapitel 7. Diese Übertragung folgt der Zählung der englischen Vorlage.
Frösche überall: im Bett, im Backofen, im Teig. Eine eklige, lästige Plage. Die Ägypter verehrten eine Göttin mit Froschkopf, die für Fruchtbarkeit stand. Jetzt werden Frösche zur Plage.
Die Zauberer können zwar noch mehr Frösche herbeizaubern – aber nicht ein einziger verschwindet durch sie. Nur Gott kann die Plage beenden.
Mose lässt den Pharao den Zeitpunkt bestimmen. So kann niemand sagen, es sei ein Zufall gewesen.
Kaum ist die Not vorbei, vergisst der Pharao sein Versprechen. Das kennt man auch von Menschen heute: In der Not beten sie, danach ist alles vergessen."
2;2. Mose;8;Die dritte Plage: Läuse;16;19;"Das hebräische Wort kann Läuse, kleine Stechmücken oder Flöhe meinen. Gemeint sind winzige Plagegeister, die überall krabbeln und stechen.
Diese Plage kommt ohne Vorwarnung.
Jetzt sind die Zauberer am Ende. Sie geben zu: „Das ist der Finger Gottes!“ Das heißt: Hier wirkt eine Macht, die größer ist als alle menschliche Kunst.
Die eigenen Berater des Pharao erkennen es. Nur der Pharao will es nicht sehen."
2;2. Mose;8;Die vierte Plage: Fliegen;20;32;"Neu bei dieser Plage: Gott macht einen Unterschied. Das Gebiet Goschen, wo die Israeliten wohnen, bleibt verschont. Das zeigt: Es ist kein Zufall. Gott steht auf der Seite seines Volkes.
Der Pharao beginnt zu verhandeln: Erst „Opfert hier im Land“, dann „Geht, aber nicht zu weit“. Er will ein bisschen nachgeben, aber nicht ganz.
Die Israeliten opferten Schafe, Ziegen und Rinder. Manche dieser Tiere waren in Ägypten heilig. Ein Opfer vor den Augen der Ägypter hätte großen Zorn ausgelöst.
„Betet auch für mich!“ – Der mächtige Pharao braucht die Gebete seiner Sklaven."
2;2. Mose;9;Die fünfte Plage: Das Vieh stirbt;1;7;"Jetzt trifft es das Vieh. Das war der Reichtum Ägyptens. Auch hier verehrten die Ägypter Götter in Tiergestalt, zum Beispiel einen heiligen Stier.
Wieder macht Gott einen Unterschied. Der Pharao überprüft es sogar selbst – und es stimmt. Trotzdem gibt er nicht nach.
„Alles Vieh“ heißt hier wohl: das Vieh auf den Feldern. Denn bei der Hagelplage ist wieder von Vieh die Rede."
2;2. Mose;9;Die sechste Plage: Geschwüre;8;12;"Ein Geschwür ist eine entzündete, schmerzhafte Stelle auf der Haut, die voller Eiter ist.
Asche aus dem Brennofen – vielleicht aus einem Ofen, in dem Ziegel gebrannt wurden. Mit Ziegeln wurden die Israeliten gequält. Jetzt kommt aus diesem Ofen die Strafe.
Die Zauberer können nicht einmal mehr stehen. Sie sind selbst krank.
Zum ersten Mal steht hier ausdrücklich: „Der HERR machte das Herz des Pharao hart.“ Vorher hat der Pharao es selbst getan, fünfmal. Jetzt bestätigt Gott seine Entscheidung."
2;2. Mose;9;Die siebte Plage: Hagel;13;35;"Diese Plage ist besonders. Gott warnt vorher und gibt einen Rat: Bringt Menschen und Tiere in Sicherheit. Gott will nicht, dass Menschen sterben.
Und einige Ägypter hören auf ihn! Mitten in Ägypten gibt es Menschen, die Gottes Wort ernst nehmen. Gott rettet jeden, der auf ihn hört – egal, aus welchem Volk er kommt.
Zum ersten Mal sagt der Pharao: „Ich habe gesündigt.“ Aber Mose durchschaut ihn: Das ist keine echte Reue. Der Pharao hat nur Angst.
Flachs ist eine Pflanze, aus der man Leinen macht. Gerste und Weizen sind Getreide. Dinkel ist eine alte Weizenart.
Dass Weizen und Dinkel noch nicht zerschlagen sind, ist wichtig: So bleibt noch etwas übrig – für die nächste Plage, die Heuschrecken.
Vers 16 zitiert der Apostel Paulus im Neuen Testament (Römer 9,17)."
2;2. Mose;10;Warnung vor den Heuschrecken;1;6;"Gott erklärt hier, warum er das alles tut: Die Geschichte soll weitererzählt werden, von Eltern zu Kindern und Enkeln. Bis heute erzählen jüdische Familien diese Geschichte jedes Jahr am Passafest ihren Kindern.
Heuschrecken sind große Insekten. Sie fliegen in riesigen Schwärmen mit Millionen von Tieren und fressen in kurzer Zeit alles Grüne kahl. Bis heute sind Heuschreckenschwärme in Afrika und im Nahen Osten eine gefürchtete Plage.
„Dich vor mir beugen“ heißt: demütig werden, zugeben, dass Gott größer ist."
2;2. Mose;10;Die Beamten werden ungeduldig;7;11;"Jetzt drängen sogar die eigenen Beamten den Pharao. Sie sehen: Ägypten geht kaputt. Aber der Pharao bleibt stur.
Der Pharao will nur die Männer ziehen lassen. Die Frauen und Kinder sollen als Pfand dableiben. Dann würden die Männer bestimmt zurückkommen.
Mose besteht darauf: Alle gehören dazu. Jung und Alt, Männer und Frauen. Ein Fest für Gott ist ein Fest für die ganze Familie.
„Der HERR soll mit euch sein“ meint der Pharao spöttisch. Er glaubt nicht daran."
2;2. Mose;10;Die achte Plage: Heuschrecken;12;20;"Was der Hagel übrig gelassen hat, fressen jetzt die Heuschrecken. Ägypten ist kahl. Es droht eine Hungersnot.
Der Pharao gibt seine Schuld zu – wieder nur aus Not.
Im hebräischen Urtext heißt das Meer „Schilfmeer“. Viele Bibeln sagen „Rotes Meer“. Durch dieses Meer werden die Israeliten später ziehen."
2;2. Mose;10;Die neunte Plage: Finsternis;21;29;"Der höchste Gott der Ägypter war der Sonnengott Re. Der Pharao galt als sein Sohn. Jetzt ist die Sonne drei Tage lang verschwunden. Der Sonnengott ist machtlos.
Aber bei den Israeliten ist Licht. Das ist ein starkes Bild: Mitten in der Dunkelheit hat Gottes Volk Licht.
Wieder will der Pharao verhandeln: Jetzt dürfen alle Menschen gehen, aber das Vieh soll bleiben. Ohne Vieh könnten sie in der Wüste nicht überleben – und müssten zurückkommen.
„Nicht eine Klaue“ heißt: kein einziges Tier.
Der Pharao droht Mose mit dem Tod. Mose antwortet ruhig: Gut, wir werden uns nicht wiedersehen. Das Gespräch ist zu Ende. Jetzt kommt die letzte Plage."
2;2. Mose;11;Noch eine Plage;1;3;"Gott erinnert an sein Versprechen aus Kapitel 3: Die Israeliten sollen nicht mit leeren Händen gehen.
Interessant: Die Ägypter haben inzwischen großen Respekt vor Mose und den Israeliten. Sie haben gesehen, wer der wahre Gott ist. Nur der Pharao will es nicht wahrhaben."
2;2. Mose;11;Die Ankündigung;4;8;"Dies ist die schrecklichste Plage. Viele Leser fragen: Wie kann Gott so etwas tun?
Die Bibel erzählt es so: Der Pharao hat zuerst die hebräischen Babys töten lassen (Kapitel 1). Gott hat ihn gewarnt: „Israel ist mein erstgeborener Sohn. Wenn du ihn nicht ziehen lässt, töte ich deinen Erstgeborenen“ (Kapitel 4,22–23). Neunmal hatte der Pharao die Chance umzukehren. Er hat sie nicht genutzt.
Die Plage trifft alle, von der Familie des Königs bis zur ärmsten Sklavin an der Mühle. Der Pharao bringt durch seine Sturheit unendliches Leid über sein eigenes Volk.
Die Bibel beschönigt das nicht. Sie zeigt: Wer sich Gott dauerhaft verweigert und andere unterdrückt, bringt Tod über sich und andere.
Viele Juden lassen bis heute am Passafest beim Erzählen der Plagen einen Tropfen Wein aus dem Becher fallen. Damit zeigen sie: Wir freuen uns über unsere Befreiung – aber wir trauern auch über das Leid der Ägypter.
„Nicht einmal ein Hund wird knurren“ heißt: Die Israeliten bleiben völlig ungestört.
Mose ist zornig – wegen der Sturheit des Pharao und wegen des Leides, das jetzt kommen wird."
2;2. Mose;11;Zusammenfassung;9;10;"Diese zwei Verse sind wie ein Rückblick auf die neun Plagen. Alles ist so gekommen, wie Gott es angekündigt hat.
Im nächsten Kapitel geschieht die letzte Plage – und das Volk Israel feiert zum ersten Mal das Passafest."
2;2. Mose;12;Ein neuer Kalender;1;2;"Die Befreiung ist so wichtig, dass mit ihr ein neues Jahr beginnt. Das Leben des Volkes fängt ganz neu an.
Dieser Monat liegt im Frühling, im März oder April. Später hieß er „Nisan“."
2;2. Mose;12;Das Passalamm;3;11;"„Passa“ (auf Hebräisch „Pessach“) bedeutet „vorübergehen“ oder „verschonen“. Gott geht an den Häusern der Israeliten vorüber und verschont sie.
Jede Familie soll mitfeiern. Auch kleine und arme Familien: Sie tun sich mit den Nachbarn zusammen.
Das Blut an der Tür ist ein Schutzzeichen.
Ungesäuertes Brot ist Brot ohne Sauerteig oder Hefe. Es ist flach und geht schnell. Man hat keine Zeit zu warten, bis der Teig aufgeht.
Die bitteren Kräuter erinnern an das bittere Leben in der Sklaverei (Kapitel 1,14).
Man isst angezogen und reisefertig, mit Schuhen an den Füßen. Gleich geht es los in die Freiheit."
2;2. Mose;12;Gottes Gericht und das Zeichen des Blutes;12;14;"Die Plagen waren auch ein Gericht über die Götter Ägyptens. Sie haben gezeigt: Diese Götter können nicht helfen.
Das Blut des Lammes rettet. An dem Haus mit dem Blut geht der Tod vorbei.
Bis heute feiern Juden jedes Jahr das Passafest, über 3000 Jahre lang, Generation für Generation.
Für Christen hat dieses Fest eine besondere Bedeutung: Jesus starb genau zur Zeit des Passafestes. Er feierte vorher mit seinen Jüngern das Passamahl – das letzte Abendmahl. Im Neuen Testament wird Jesus „unser Passalamm“ genannt (1. Korinther 5,7). Christen glauben: Sein Blut rettet vom Tod."
2;2. Mose;12;Das Fest der ungesäuerten Brote;15;20;"Neben dem Passamahl in der einen Nacht gibt es ein sieben Tage langes Fest. Eine ganze Woche lang wird nur flaches, ungesäuertes Brot gegessen. Juden nennen es „Matze“.
Sauerteig steht in der Bibel oft für etwas Altes, das sich überall ausbreitet. Bevor der neue Anfang kommt, wird das Alte weggeräumt. Bis heute putzen jüdische Familien vor dem Passafest das ganze Haus und suchen jeden Krümel gesäuertes Brot.
„Ausgeschlossen werden“ heißt: nicht mehr zur Gemeinschaft des Volkes gehören."
2;2. Mose;12;Mose gibt die Anweisungen weiter;21;28;"Ysop ist eine kleine Pflanze mit vielen Blättern. Man konnte sie wie einen Pinsel benutzen.
Der „Verderber“ ist ein Bild für den Tod, der durch das Land geht.
Die Kinder sollen fragen. Und die Eltern sollen erzählen. Bis heute fragt beim Passafest das jüngste Kind: „Warum ist diese Nacht anders als alle anderen Nächte?“ Dann erzählen die Erwachsenen die Geschichte der Befreiung.
Glaube wird weitergegeben, indem man erzählt, was Gott getan hat."
2;2. Mose;12;Die letzte Plage;29;36;"Es geschieht, was Gott angekündigt hat. In jedem Haus Ägyptens trauert man – auch im Palast. Der Pharao verliert seinen eigenen Sohn.
Jetzt endlich gibt der Pharao nach. Er gibt alles, was er vorher verweigert hat: Alle dürfen gehen, mit allem Vieh.
„Segnet auch mich!“ – Der stolze Pharao, der sich für einen Gott hielt, bittet die Sklaven um ihren Segen.
Die Israeliten müssen so schnell aufbrechen, dass der Teig keine Zeit mehr zum Aufgehen hat. Daran erinnert das ungesäuerte Brot."
2;2. Mose;12;Der Aufbruch;37;42;"600.000 Männer – mit Frauen und Kindern wären das über zwei Millionen Menschen. Das ist eine riesige Zahl. Manche Fachleute meinen, das hebräische Wort für „tausend“ könnte hier auch „Familie“ oder „Gruppe“ bedeuten. Dann wären es weniger Menschen gewesen. Andere nehmen die Zahl wörtlich.
Eine „große Menge von anderen Leuten“ zieht mit. Das waren wohl Ägypter und andere Sklaven, die sich anschließen. Gottes Volk ist von Anfang an offen für Menschen aus anderen Völkern.
430 Jahre – eine lange Zeit. Gott hatte Abraham schon gesagt, dass seine Nachkommen lange in einem fremden Land leben würden (1. Mose 15,13).
Gott hat in dieser Nacht „gewacht“. Darum sollen auch die Israeliten in dieser Nacht wach bleiben und feiern."
2;2. Mose;12;Wer darf das Passa feiern?;43;51;"Das Passa ist ein Fest für das Volk des Bundes. Wer mitfeiern will, gehört dazu – durch die Beschneidung, das Zeichen des Bundes mit Abraham.
Aber auch Fremde dürfen dazukommen. Wenn sie sich zum Gott Israels bekennen, sind sie wie Einheimische. „Für den Einheimischen und für den Fremden gilt dasselbe Gesetz.“ Das ist ein großes Wort: Gleiches Recht für alle.
„Keinen Knochen zerbrechen“ – das Johannes-Evangelium erinnert daran, als es vom Tod Jesu erzählt: Bei ihm wurde kein Knochen gebrochen (Johannes 19,36)."
2;2. Mose;13;Alle Erstgeborenen gehören Gott;1;2;"In Ägypten sind die Erstgeborenen gestorben. Die Erstgeborenen Israels wurden verschont. Darum sollen sie jetzt in besonderer Weise Gott gehören.
„Weihen“ heißt: für Gott bestimmen, ihm übergeben."
2;2. Mose;13;Erinnert euch an diesen Tag;3;10;"„Abib“ ist der alte Name des Monats. Er bedeutet „junge Ähren“. Es ist die Zeit im Frühling, wenn das Getreide wächst. Später hieß der Monat „Nisan“.
Wichtig: Der Vater sagt nicht „was Gott für unsere Vorfahren getan hat“, sondern „was der HERR für **mich** getan hat“. Jede Generation soll die Befreiung so feiern, als wäre sie selbst dabei gewesen.
„Ein Zeichen an der Hand und zwischen den Augen“ heißt: Ihr sollt immer daran denken, bei allem, was ihr tut und seht. Fromme Juden nehmen das bis heute auch wörtlich. Beim Morgengebet binden sie kleine Kapseln mit Bibelversen an Arm und Stirn. Sie heißen „Tefillin“."
2;2. Mose;13;Die Erstgeborenen werden ausgelöst;11;16;"„Auslösen“ heißt: etwas zurückkaufen, indem man etwas anderes an seiner Stelle gibt.
Ein Esel galt als „unreines“ Tier. Man durfte ihn nicht opfern. Darum gibt man ein Lamm an seiner Stelle.
Ganz wichtig: Menschen werden **nie** geopfert. Die erstgeborenen Söhne werden immer ausgelöst. Gott will keine Menschenopfer (siehe auch 1. Mose 22).
Bis heute gibt es bei Juden eine Feier, wenn ein erstgeborener Sohn einen Monat alt ist. Sie heißt „Pidjon ha-Ben“, das heißt „Auslösung des Sohnes“.
Auch Jesus wurde als Erstgeborener im Tempel Gott dargestellt (Lukas 2,22–23)."
2;2. Mose;13;Gott wählt den Weg;17;22;"Der kürzeste Weg nach Kanaan führte an der Küste entlang. Dort lagen aber ägyptische Festungen und die kriegerischen Philister. Gott kennt sein Volk. Es ist nach der Sklaverei noch nicht bereit für einen Kampf. Darum wählt er einen längeren, aber sichereren Weg.
Manchmal ist Gottes Weg ein Umweg. Aber er hat einen guten Grund.
Mose hält das Versprechen, das Josef vor über 400 Jahren bekommen hat (1. Mose 50,25). Josefs Glaube an die Rückkehr geht in Erfüllung.
Die Wolkensäule und die Feuersäule zeigen: Gott ist mitten unter seinem Volk. Er führt. Er beschützt. Er ist immer da, am Tag und in der Nacht."
2;2. Mose;14;Gefangen zwischen Meer und Wüste;1;4;"Gott lässt die Israeliten absichtlich in eine Sackgasse ziehen: vor ihnen das Meer, hinter ihnen die Wüste. Aus menschlicher Sicht ein schlechter Plan.
Aber Gott hat einen Plan: Der Pharao soll glauben, er habe leichtes Spiel. Dann wird Gott zeigen, wer wirklich mächtig ist.
Wo genau die Orte Pi-Hahirot, Migdol und Baal-Zefon lagen, weiß man heute nicht mehr sicher."
2;2. Mose;14;Der Pharao jagt hinterher;5;9;"Kaum sind die Sklaven weg, bereut der Pharao es. Er denkt nur an die verlorene Arbeitskraft. Die Trauer um seinen Sohn hat ihn nicht verändert.
Streitwagen waren damals die stärkste Waffe. Sie waren schnell und gefährlich. Gegen Menschen zu Fuß waren sie fast unbesiegbar.
„Mit erhobener Hand“ heißt: mutig, selbstbewusst, wie Sieger."
2;2. Mose;14;„Fürchtet euch nicht!“;10;14;"Die Angst ist riesig. Vor ihnen das Meer, hinter ihnen die stärkste Armee der Welt. Die Menschen sehen keinen Ausweg.
In ihrer Panik wollen sie sogar zurück in die Sklaverei. Lieber unfrei und lebendig als frei und tot. Das ist menschlich und verständlich.
„Gab es keine Gräber in Ägypten?“ – ein bitterer Spott. Ägypten war berühmt für seine riesigen Grabmäler, die Pyramiden.
Moses Antwort ist einer der bekanntesten Sätze der Bibel: „Der HERR wird für euch kämpfen. Und ihr sollt still sein.“ Manchmal kann man selbst nichts tun. Dann darf man vertrauen, dass Gott handelt."
2;2. Mose;14;Das Meer teilt sich;15;22;"„Warum schreist du zu mir? Geh weiter!“ – Es gibt eine Zeit zum Beten und eine Zeit zum Handeln. Jetzt müssen die Israeliten den ersten Schritt tun.
Die Wolkensäule wird zum Schutzschild. Für die Ägypter ist sie dunkel, für die Israeliten hell. Dieselbe Gegenwart Gottes bedeutet für die einen Schutz, für die anderen Hindernis.
Gott benutzt einen Wind, wie bei der Schöpfung und nach der Sintflut (1. Mose 1,2; 8,1). Wieder schafft Gott trockenes Land mitten im Wasser. Es ist wie eine neue Schöpfung: Aus Sklaven wird ein freies Volk."
2;2. Mose;14;Die Ägypter gehen unter;23;31;"Die Nacht war damals in Wachen eingeteilt. Die letzte Nachtwache war kurz vor Sonnenaufgang.
Jetzt sagen sogar die Ägypter: „Der HERR kämpft für sie!“ Endlich erkennen sie, wer der wahre Gott ist – aber zu spät.
Der Pharao wollte die Babys der Israeliten im Wasser ertränken (Kapitel 1,22). Jetzt geht sein eigenes Heer im Wasser unter.
Die Befreiung ist vollständig. Die Sklaven sind frei. Die Unterdrücker können sie nie mehr verfolgen.
Das Volk sieht und glaubt. Dieser Durchzug durch das Meer ist für Israel bis heute das große Zeichen dafür, dass Gott rettet.
Christen sehen darin auch ein Bild für die Taufe: Durch das Wasser hindurch ins neue Leben (1. Korinther 10,1–2)."
