buch_nr;buch;kuerzel;kapitel;vers;stelle;abschnitt;leichte_sprache;englisch_web
1;1. Mose;1Mo;1;1;1Mo 1,1;Am Anfang;Am Anfang erschuf Gott den Himmel und die Erde.;In the beginning, God created the heavens and the earth.
1;1. Mose;1Mo;1;2;1Mo 1,2;Am Anfang;Die Erde war noch wüst und leer. Sie hatte keine Form. Es war dunkel über dem tiefen Wasser. Und Gottes Geist schwebte über dem Wasser.;The earth was formless and empty. Darkness was on the surface of the deep and God’s Spirit was hovering over the surface of the waters.
1;1. Mose;1Mo;1;3;1Mo 1,3;Der erste Tag: Gott macht das Licht;Gott sprach: „Es soll Licht werden.“ Und es wurde Licht.;God said, “Let there be light,” and there was light.
1;1. Mose;1Mo;1;4;1Mo 1,4;Der erste Tag: Gott macht das Licht;Gott sah das Licht an. Er sah: Das Licht ist gut. Dann trennte Gott das Licht von der Dunkelheit.;God saw the light, and saw that it was good. God divided the light from the darkness.
1;1. Mose;1Mo;1;5;1Mo 1,5;Der erste Tag: Gott macht das Licht;Das Licht nannte Gott „Tag“. Und die Dunkelheit nannte er „Nacht“. Es wurde Abend, und es wurde Morgen. Das war der erste Tag.;God called the light “day”, and the darkness he called “night”. There was evening and there was morning, the first day.
1;1. Mose;1Mo;1;6;1Mo 1,6;Der zweite Tag: Gott macht den Himmel;Gott sprach: „Mitten im Wasser soll eine Wölbung entstehen. Sie soll das Wasser in zwei Teile trennen.“;God said, “Let there be an expanse in the middle of the waters, and let it divide the waters from the waters.”
1;1. Mose;1Mo;1;7;1Mo 1,7;Der zweite Tag: Gott macht den Himmel;Gott machte die Wölbung. So trennte er das Wasser unter der Wölbung von dem Wasser über der Wölbung. Und so geschah es.;"God made the expanse, and divided the waters which were under the expanse from the waters which were above the expanse; and it was so."
1;1. Mose;1Mo;1;8;1Mo 1,8;Der zweite Tag: Gott macht den Himmel;Die Wölbung nannte Gott „Himmel“. Es wurde Abend, und es wurde Morgen. Das war der zweite Tag.;God called the expanse “sky”. There was evening and there was morning, a second day.
1;1. Mose;1Mo;1;9;1Mo 1,9;Der dritte Tag: Land, Meer und Pflanzen;Gott sprach: „Das Wasser unter dem Himmel soll sich an einem Ort sammeln. Dann soll das trockene Land zu sehen sein.“ Und so geschah es.;"God said, “Let the waters under the sky be gathered together to one place, and let the dry land appear;” and it was so."
1;1. Mose;1Mo;1;10;1Mo 1,10;Der dritte Tag: Land, Meer und Pflanzen;Das trockene Land nannte Gott „Erde“. Und das gesammelte Wasser nannte er „Meer“. Gott sah: Es ist gut.;God called the dry land “earth”, and the gathering together of the waters he called “seas”. God saw that it was good.
1;1. Mose;1Mo;1;11;1Mo 1,11;Der dritte Tag: Land, Meer und Pflanzen;Gott sprach: „Die Erde soll Grünes wachsen lassen: Gras und Kräuter, die Samen tragen, und Bäume, die Früchte tragen. In den Früchten soll Samen sein. Jede Pflanze soll nach ihrer Art wachsen.“ Und so geschah es.;"God said, “Let the earth yield grass, herbs yielding seeds, and fruit trees bearing fruit after their kind, with their seeds in it, on the earth;” and it was so."
1;1. Mose;1Mo;1;12;1Mo 1,12;Der dritte Tag: Land, Meer und Pflanzen;Die Erde ließ Grünes wachsen: Gras und Kräuter, die Samen tragen, jedes nach seiner Art, und Bäume mit Früchten, in denen Samen ist, jeder nach seiner Art. Gott sah: Es ist gut.;"The earth yielded grass, herbs yielding seed after their kind, and trees bearing fruit, with their seeds in it, after their kind; and God saw that it was good."
1;1. Mose;1Mo;1;13;1Mo 1,13;Der dritte Tag: Land, Meer und Pflanzen;Es wurde Abend, und es wurde Morgen. Das war der dritte Tag.;There was evening and there was morning, a third day.
1;1. Mose;1Mo;1;14;1Mo 1,14;Der vierte Tag: Sonne, Mond und Sterne;Gott sprach: „Am Himmel sollen Lichter sein. Sie sollen den Tag von der Nacht trennen. Sie sollen Zeichen sein. Sie sollen die Festzeiten, die Tage und die Jahre anzeigen.;"God said, “Let there be lights in the expanse of the sky to divide the day from the night; and let them be for signs to mark seasons, days, and years;"
1;1. Mose;1Mo;1;15;1Mo 1,15;Der vierte Tag: Sonne, Mond und Sterne;Sie sollen Lichter am Himmel sein und auf die Erde scheinen.“ Und so geschah es.;"and let them be for lights in the expanse of the sky to give light on the earth;” and it was so."
1;1. Mose;1Mo;1;16;1Mo 1,16;Der vierte Tag: Sonne, Mond und Sterne;Gott machte die zwei großen Lichter: das große Licht, damit es über den Tag herrscht, und das kleine Licht, damit es über die Nacht herrscht. Und er machte die Sterne.;God made the two great lights: the greater light to rule the day, and the lesser light to rule the night. He also made the stars.
1;1. Mose;1Mo;1;17;1Mo 1,17;Der vierte Tag: Sonne, Mond und Sterne;Gott setzte die Lichter an den Himmel. Sie sollen auf die Erde scheinen.;God set them in the expanse of the sky to give light to the earth,
1;1. Mose;1Mo;1;18;1Mo 1,18;Der vierte Tag: Sonne, Mond und Sterne;Sie sollen über den Tag und über die Nacht herrschen. Und sie sollen das Licht von der Dunkelheit trennen. Gott sah: Es ist gut.;and to rule over the day and over the night, and to divide the light from the darkness. God saw that it was good.
1;1. Mose;1Mo;1;19;1Mo 1,19;Der vierte Tag: Sonne, Mond und Sterne;Es wurde Abend, und es wurde Morgen. Das war der vierte Tag.;There was evening and there was morning, a fourth day.
1;1. Mose;1Mo;1;20;1Mo 1,20;Der fünfte Tag: Tiere im Wasser und Vögel;Gott sprach: „Im Wasser soll es von Lebewesen wimmeln. Und über der Erde sollen Vögel am Himmel fliegen.“;God said, “Let the waters abound with living creatures, and let birds fly above the earth in the open expanse of the sky.”
1;1. Mose;1Mo;1;21;1Mo 1,21;Der fünfte Tag: Tiere im Wasser und Vögel;Gott erschuf die großen Meerestiere und alle Lebewesen, die sich im Wasser bewegen und darin wimmeln, jedes nach seiner Art. Und er erschuf alle Vögel, jeden nach seiner Art. Gott sah: Es ist gut.;God created the large sea creatures and every living creature that moves, with which the waters swarmed, after their kind, and every winged bird after its kind. God saw that it was good.
1;1. Mose;1Mo;1;22;1Mo 1,22;Der fünfte Tag: Tiere im Wasser und Vögel;Gott segnete die Tiere. Segnen heißt: Gott wünscht Gutes und schenkt Kraft dazu. Er sprach: „Seid fruchtbar und werdet viele! Füllt das Wasser in den Meeren. Und die Vögel sollen viele werden auf der Erde.“;God blessed them, saying, “Be fruitful, and multiply, and fill the waters in the seas, and let birds multiply on the earth.”
1;1. Mose;1Mo;1;23;1Mo 1,23;Der fünfte Tag: Tiere im Wasser und Vögel;Es wurde Abend, und es wurde Morgen. Das war der fünfte Tag.;There was evening and there was morning, a fifth day.
1;1. Mose;1Mo;1;24;1Mo 1,24;Der sechste Tag: Landtiere und Menschen;Gott sprach: „Die Erde soll Lebewesen hervorbringen, jedes nach seiner Art: Haustiere, Kriechtiere und wilde Tiere, jedes nach seiner Art.“ Und so geschah es.;"God said, “Let the earth produce living creatures after their kind, livestock, creeping things, and animals of the earth after their kind;” and it was so."
1;1. Mose;1Mo;1;25;1Mo 1,25;Der sechste Tag: Landtiere und Menschen;Gott machte die wilden Tiere, jedes nach seiner Art, die Haustiere, jedes nach seiner Art, und alle Tiere, die auf dem Boden kriechen, jedes nach seiner Art. Gott sah: Es ist gut.;God made the animals of the earth after their kind, and the livestock after their kind, and everything that creeps on the ground after its kind. God saw that it was good.
1;1. Mose;1Mo;1;26;1Mo 1,26;Der sechste Tag: Landtiere und Menschen;Dann sprach Gott: „Lasst uns Menschen machen als unser Bild, uns ähnlich. Sie sollen herrschen über die Fische im Meer und über die Vögel am Himmel, über die Haustiere und über die ganze Erde und über alle Tiere, die auf der Erde kriechen.“;God said, “Let’s make man in our image, after our likeness. Let them have dominion over the fish of the sea, and over the birds of the sky, and over the livestock, and over all the earth, and over every creeping thing that creeps on the earth.”
1;1. Mose;1Mo;1;27;1Mo 1,27;Der sechste Tag: Landtiere und Menschen;Und Gott erschuf den Menschen als sein Bild. Als Bild Gottes erschuf er ihn. Als Mann und Frau erschuf er sie.;"God created man in his own image. In God’s image he created him; male and female he created them."
1;1. Mose;1Mo;1;28;1Mo 1,28;Der sechste Tag: Landtiere und Menschen;Gott segnete die Menschen. Er sprach zu ihnen: „Seid fruchtbar und werdet viele! Füllt die Erde und macht sie euch untertan. Herrscht über die Fische im Meer, über die Vögel am Himmel und über alle Lebewesen, die sich auf der Erde bewegen.“;God blessed them. God said to them, “Be fruitful, multiply, fill the earth, and subdue it. Have dominion over the fish of the sea, over the birds of the sky, and over every living thing that moves on the earth.”
1;1. Mose;1Mo;1;29;1Mo 1,29;Der sechste Tag: Landtiere und Menschen;Und Gott sprach: „Schaut her: Ich gebe euch alle Pflanzen auf der ganzen Erde, die Samen tragen, und alle Bäume, die Früchte mit Samen tragen. Das soll euer Essen sein.;God said, “Behold, I have given you every herb yielding seed, which is on the surface of all the earth, and every tree, which bears fruit yielding seed. It will be your food.
1;1. Mose;1Mo;1;30;1Mo 1,30;Der sechste Tag: Landtiere und Menschen;Und allen Tieren auf der Erde, allen Vögeln am Himmel und allem, was auf der Erde kriecht und lebt, gebe ich alle grünen Pflanzen zum Essen.“ Und so geschah es.;"To every animal of the earth, and to every bird of the sky, and to everything that creeps on the earth, in which there is life, I have given every green herb for food;” and it was so."
1;1. Mose;1Mo;1;31;1Mo 1,31;Der sechste Tag: Landtiere und Menschen;Gott sah alles an, was er gemacht hatte. Und schau: Es war sehr gut. Es wurde Abend, und es wurde Morgen. Das war der sechste Tag.;God saw everything that he had made, and, behold, it was very good. There was evening and there was morning, a sixth day.
1;1. Mose;1Mo;2;1;1Mo 2,1;Der siebte Tag: Gott ruht;So wurden der Himmel und die Erde fertig, mit allem, was dazugehört.;The heavens, the earth, and all their vast array were finished.
1;1. Mose;1Mo;2;2;1Mo 2,2;Der siebte Tag: Gott ruht;Am siebten Tag hatte Gott seine Arbeit vollendet. Und am siebten Tag ruhte er von all seiner Arbeit, die er getan hatte.;"On the seventh day God finished his work which he had done; and he rested on the seventh day from all his work which he had done."
1;1. Mose;1Mo;2;3;1Mo 2,3;Der siebte Tag: Gott ruht;Gott segnete den siebten Tag. Und er machte ihn heilig. Heilig heißt: Der Tag ist ganz besonders. Er gehört Gott. Denn an diesem Tag ruhte Gott von all seiner Arbeit, mit der er die Welt erschaffen hatte.;God blessed the seventh day, and made it holy, because he rested in it from all his work of creation which he had done.
1;1. Mose;1Mo;2;4;1Mo 2,4;Gott formt den Menschen aus Erde;Das ist die Geschichte von Himmel und Erde, als sie erschaffen wurden. Es war an dem Tag, als Gott, der HERR, Erde und Himmel machte.;This is the history of the generations of the heavens and of the earth when they were created, in the day that Yahweh God made the earth and the heavens.
1;1. Mose;1Mo;2;5;1Mo 2,5;Gott formt den Menschen aus Erde;Damals gab es auf dem Feld noch keine Sträucher. Und auf dem Feld wuchs noch kein Kraut. Denn Gott, der HERR, hatte es noch nicht auf die Erde regnen lassen. Und es gab noch keinen Menschen, der den Ackerboden bearbeitete.;"No plant of the field was yet in the earth, and no herb of the field had yet sprung up; for Yahweh God had not caused it to rain on the earth. There was not a man to till the ground,"
1;1. Mose;1Mo;2;6;1Mo 2,6;Gott formt den Menschen aus Erde;Aber ein Nebel stieg von der Erde auf. Er machte den ganzen Ackerboden nass.;but a mist went up from the earth, and watered the whole surface of the ground.
1;1. Mose;1Mo;2;7;1Mo 2,7;Gott formt den Menschen aus Erde;Da formte Gott, der HERR, den Menschen aus Staub vom Ackerboden. Er blies ihm den Atem des Lebens in die Nase. So wurde der Mensch ein lebendiges Wesen.;"Yahweh God formed man from the dust of the ground, and breathed into his nostrils the breath of life; and man became a living soul."
1;1. Mose;1Mo;2;8;1Mo 2,8;Der Garten Eden;Gott, der HERR, pflanzte einen Garten in Eden, im Osten. Dort hinein setzte er den Menschen, den er geformt hatte.;Yahweh God planted a garden eastward, in Eden, and there he put the man whom he had formed.
1;1. Mose;1Mo;2;9;1Mo 2,9;Der Garten Eden;Gott, der HERR, ließ aus dem Boden viele Bäume wachsen. Sie waren schön anzusehen, und ihre Früchte waren gut zum Essen. Mitten im Garten stand der Baum des Lebens. Und dort stand auch der Baum der Erkenntnis von Gut und Böse.;Out of the ground Yahweh God made every tree to grow that is pleasant to the sight, and good for food, including the tree of life in the middle of the garden and the tree of the knowledge of good and evil.
1;1. Mose;1Mo;2;10;1Mo 2,10;Der Garten Eden;Ein Fluss kam aus Eden heraus. Er bewässerte den Garten. Danach teilte er sich in vier Arme.;"A river went out of Eden to water the garden; and from there it was parted, and became the source of four rivers."
1;1. Mose;1Mo;2;11;1Mo 2,11;Der Garten Eden;Der erste Fluss heißt Pischon. Er fließt um das ganze Land Hawila herum. Dort gibt es Gold.;"The name of the first is Pishon: it flows through the whole land of Havilah, where there is gold;"
1;1. Mose;1Mo;2;12;1Mo 2,12;Der Garten Eden;Das Gold aus diesem Land ist gut. Dort gibt es auch Bdellium, ein duftendes Harz, und den Edelstein Onyx.;and the gold of that land is good. Bdellium and onyx stone are also there.
1;1. Mose;1Mo;2;13;1Mo 2,13;Der Garten Eden;Der zweite Fluss heißt Gihon. Er fließt um das ganze Land Kusch herum.;The name of the second river is Gihon. It is the same river that flows through the whole land of Cush.
1;1. Mose;1Mo;2;14;1Mo 2,14;Der Garten Eden;Der dritte Fluss heißt Tigris. Er fließt östlich von Assyrien. Der vierte Fluss ist der Euphrat.;The name of the third river is Hiddekel. This is the one which flows in front of Assyria. The fourth river is the Euphrates.
1;1. Mose;1Mo;2;15;1Mo 2,15;Eine Aufgabe und eine Grenze;Gott, der HERR, nahm den Menschen und setzte ihn in den Garten Eden. Der Mensch sollte den Garten bebauen und behüten.;Yahweh God took the man, and put him into the garden of Eden to cultivate and keep it.
1;1. Mose;1Mo;2;16;1Mo 2,16;Eine Aufgabe und eine Grenze;Gott, der HERR, gab dem Menschen ein Gebot. Er sagte: „Von allen Bäumen im Garten darfst du essen, so viel du willst.;"Yahweh God commanded the man, saying, “You may freely eat of every tree of the garden;"
1;1. Mose;1Mo;2;17;1Mo 2,17;Eine Aufgabe und eine Grenze;Aber vom Baum der Erkenntnis von Gut und Böse darfst du nicht essen. Denn an dem Tag, an dem du davon isst, musst du sterben.“;"but you shall not eat of the tree of the knowledge of good and evil; for in the day that you eat of it, you will surely die.”"
1;1. Mose;1Mo;2;18;1Mo 2,18;Allein sein ist nicht gut;Gott, der HERR, sprach: „Es ist nicht gut, dass der Mensch allein ist. Ich will ihm eine Hilfe machen, die zu ihm passt.“;Yahweh God said, “It is not good for the man to be alone. I will make him a helper comparable to him.”
1;1. Mose;1Mo;2;19;1Mo 2,19;Allein sein ist nicht gut;Gott, der HERR, formte aus dem Ackerboden alle Tiere des Feldes und alle Vögel des Himmels. Er brachte sie zu dem Menschen. Er wollte sehen, wie der Mensch sie nennen würde. Und so wie der Mensch jedes Lebewesen nannte, so sollte es heißen.;Out of the ground Yahweh God formed every animal of the field, and every bird of the sky, and brought them to the man to see what he would call them. Whatever the man called every living creature became its name.
1;1. Mose;1Mo;2;20;1Mo 2,20;Allein sein ist nicht gut;Der Mensch gab allen Haustieren, allen Vögeln des Himmels und allen Tieren des Feldes einen Namen. Aber für den Menschen fand sich keine Hilfe, die zu ihm passte.;"The man gave names to all livestock, and to the birds of the sky, and to every animal of the field; but for man there was not found a helper comparable to him."
1;1. Mose;1Mo;2;21;1Mo 2,21;Gott baut die Frau;Da ließ Gott, der HERR, einen tiefen Schlaf über den Menschen kommen. Und der Mensch schlief ein. Gott nahm eine von seinen Rippen heraus. Und er schloss die Stelle wieder mit Fleisch.;Yahweh God caused the man to fall into a deep sleep. As the man slept, he took one of his ribs, and closed up the flesh in its place.
1;1. Mose;1Mo;2;22;1Mo 2,22;Gott baut die Frau;Gott, der HERR, baute aus der Rippe, die er vom Menschen genommen hatte, eine Frau. Und er brachte sie zu dem Menschen.;Yahweh God made a woman from the rib which he had taken from the man, and brought her to the man.
1;1. Mose;1Mo;2;23;1Mo 2,23;Gott baut die Frau;Da sagte der Mensch: „Endlich! Diese hier ist Knochen von meinen Knochen und Fleisch von meinem Fleisch. Man soll sie ‚Frau‘ nennen, denn sie ist vom Mann genommen.“;The man said, “This is now bone of my bones, and flesh of my flesh. She will be called ‘woman,’ because she was taken out of Man.”
1;1. Mose;1Mo;2;24;1Mo 2,24;Gott baut die Frau;Darum verlässt ein Mann seinen Vater und seine Mutter. Er hält sich an seine Frau. Und die beiden werden ein Fleisch.;Therefore a man will leave his father and his mother, and will join with his wife, and they will be one flesh.
1;1. Mose;1Mo;2;25;1Mo 2,25;Gott baut die Frau;Der Mann und seine Frau waren beide nackt. Aber sie schämten sich nicht voreinander.;The man and his wife were both naked, and they were not ashamed.
1;1. Mose;1Mo;3;1;1Mo 3,1;Die Schlange und die Frau;Die Schlange war listiger als alle Tiere des Feldes, die Gott, der HERR, gemacht hatte. Sie sagte zu der Frau: „Hat Gott wirklich gesagt: ‚Ihr dürft von keinem Baum im Garten essen‘?“;Now the serpent was more subtle than any animal of the field which Yahweh God had made. He said to the woman, “Has God really said, ‘You shall not eat of any tree of the garden’?”
1;1. Mose;1Mo;3;2;1Mo 3,2;Die Schlange und die Frau;Die Frau antwortete der Schlange: „Wir dürfen von den Früchten der Bäume im Garten essen.;The woman said to the serpent, “We may eat fruit from the trees of the garden,
1;1. Mose;1Mo;3;3;1Mo 3,3;Die Schlange und die Frau;Nur von den Früchten des Baumes in der Mitte des Gartens nicht. Gott hat gesagt: ‚Esst nicht davon, und fasst ihn nicht an. Sonst müsst ihr sterben.‘“;but not the fruit of the tree which is in the middle of the garden. God has said, ‘You shall not eat of it. You shall not touch it, lest you die.’”
1;1. Mose;1Mo;3;4;1Mo 3,4;Die Schlange und die Frau;Da sagte die Schlange zu der Frau: „Ihr werdet bestimmt nicht sterben.;The serpent said to the woman, “You won’t really die,
1;1. Mose;1Mo;3;5;1Mo 3,5;Die Schlange und die Frau;Gott weiß genau: An dem Tag, an dem ihr davon esst, gehen euch die Augen auf. Dann seid ihr wie Gott. Dann wisst ihr, was gut und was böse ist.“;for God knows that in the day you eat it, your eyes will be opened, and you will be like God, knowing good and evil.”
1;1. Mose;1Mo;3;6;1Mo 3,6;Sie essen;Die Frau sah den Baum an. Sie sah: Von dem Baum kann man gut essen. Er ist eine Freude für die Augen. Und er ist verlockend, weil er klug macht. Da nahm sie von seiner Frucht und aß. Sie gab auch ihrem Mann davon, der bei ihr war. Und auch er aß.;When the woman saw that the tree was good for food, and that it was a delight to the eyes, and that the tree was to be desired to make one wise, she took some of its fruit, and ate. Then she gave some to her husband with her, and he ate it, too.
1;1. Mose;1Mo;3;7;1Mo 3,7;Sie essen;Da gingen den beiden die Augen auf. Und sie erkannten: Wir sind nackt. Sie nähten Feigenblätter zusammen und machten sich daraus Schurze.;Their eyes were opened, and they both knew that they were naked. They sewed fig leaves together, and made coverings for themselves.
1;1. Mose;1Mo;3;8;1Mo 3,8;Gott sucht den Menschen;Sie hörten die Stimme von Gott, dem HERRN. Er ging im Garten umher, als der Abendwind wehte. Da versteckten sich der Mensch und seine Frau vor Gott, dem HERRN, zwischen den Bäumen des Gartens.;They heard Yahweh God’s voice walking in the garden in the cool of the day, and the man and his wife hid themselves from the presence of Yahweh God among the trees of the garden.
1;1. Mose;1Mo;3;9;1Mo 3,9;Gott sucht den Menschen;Gott, der HERR, rief nach dem Menschen. Er sagte zu ihm: „Wo bist du?“;Yahweh God called to the man, and said to him, “Where are you?”
1;1. Mose;1Mo;3;10;1Mo 3,10;Gott sucht den Menschen;Der Mensch antwortete: „Ich habe dich im Garten gehört. Da bekam ich Angst, weil ich nackt bin. Darum habe ich mich versteckt.“;"The man said, “I heard your voice in the garden, and I was afraid, because I was naked; so I hid myself.”"
1;1. Mose;1Mo;3;11;1Mo 3,11;Gott sucht den Menschen;Gott sagte: „Wer hat dir gesagt, dass du nackt bist? Hast du von dem Baum gegessen, von dem ich dir gesagt habe: Iss nicht davon?“;God said, “Who told you that you were naked? Have you eaten from the tree that I commanded you not to eat from?”
1;1. Mose;1Mo;3;12;1Mo 3,12;Gott sucht den Menschen;Der Mensch sagte: „Die Frau, die du mir an die Seite gestellt hast – sie hat mir von dem Baum gegeben. Da habe ich gegessen.“;The man said, “The woman whom you gave to be with me, she gave me fruit from the tree, and I ate it.”
1;1. Mose;1Mo;3;13;1Mo 3,13;Gott sucht den Menschen;Gott, der HERR, sagte zu der Frau: „Was hast du da getan?“ Die Frau sagte: „Die Schlange hat mich getäuscht. Da habe ich gegessen.“;Yahweh God said to the woman, “What have you done?” The woman said, “The serpent deceived me, and I ate.”
1;1. Mose;1Mo;3;14;1Mo 3,14;Was jetzt kommt;Gott, der HERR, sagte zur Schlange: „Weil du das getan hast, bist du verflucht. Du bist verflucht vor allen Haustieren und vor allen Tieren des Feldes. Auf dem Bauch sollst du kriechen. Staub sollst du fressen, dein ganzes Leben lang.;Yahweh God said to the serpent, “Because you have done this, you are cursed above all livestock, and above every animal of the field. You shall go on your belly and you shall eat dust all the days of your life.
1;1. Mose;1Mo;3;15;1Mo 3,15;Was jetzt kommt;Ich setze Feindschaft zwischen dich und die Frau, zwischen deine Nachkommen und ihre Nachkommen. Er wird dir den Kopf zertreten. Und du wirst ihn in die Ferse beißen.“;I will put hostility between you and the woman, and between your offspring and her offspring. He will bruise your head, and you will bruise his heel.”
1;1. Mose;1Mo;3;16;1Mo 3,16;Was jetzt kommt;Zur Frau sagte Gott: „Ich mache die Mühen deiner Schwangerschaft sehr groß. Unter Schmerzen wirst du Kinder gebären. Du wirst dich nach deinem Mann sehnen. Aber er wird über dich herrschen.“;To the woman he said, “I will greatly multiply your pain in childbirth. You will bear children in pain. Your desire will be for your husband, and he will rule over you.”
1;1. Mose;1Mo;3;17;1Mo 3,17;Was jetzt kommt;Und zu Adam sagte Gott: „Du hast auf die Stimme deiner Frau gehört. Und du hast von dem Baum gegessen, von dem ich dir gesagt habe: ‚Iss nicht davon.‘ Darum ist der Ackerboden verflucht – deinetwegen. Mit Mühe wirst du dich von ihm ernähren, dein ganzes Leben lang.;To Adam he said, “Because you have listened to your wife’s voice, and have eaten from the tree, about which I commanded you, saying, ‘You shall not eat of it,’ the ground is cursed for your sake. You will eat from it with much labor all the days of your life.
1;1. Mose;1Mo;3;18;1Mo 3,18;Was jetzt kommt;Dornen und Disteln wird er dir wachsen lassen. Und du wirst die Pflanzen des Feldes essen.;"It will yield thorns and thistles to you; and you will eat the herb of the field."
1;1. Mose;1Mo;3;19;1Mo 3,19;Was jetzt kommt;Im Schweiß deines Gesichts wirst du dein Brot essen, bis du zum Ackerboden zurückkehrst. Denn von ihm bist du genommen. Ja, Staub bist du, und zum Staub kehrst du zurück.“;You will eat bread by the sweat of your face until you return to the ground, for you were taken out of it. For you are dust, and you shall return to dust.”
1;1. Mose;1Mo;3;20;1Mo 3,20;Gott sorgt trotzdem;Adam nannte seine Frau Eva. Das heißt „Leben“. Denn sie wurde die Mutter von allen, die leben.;The man called his wife Eve because she would be the mother of all the living.
1;1. Mose;1Mo;3;21;1Mo 3,21;Gott sorgt trotzdem;Gott, der HERR, machte für Adam und seine Frau Kleider aus Fellen. Und er zog sie ihnen an.;Yahweh God made garments of animal skins for Adam and for his wife, and clothed them.
1;1. Mose;1Mo;3;22;1Mo 3,22;Gott sorgt trotzdem;Gott, der HERR, sagte: „Schaut, der Mensch ist geworden wie einer von uns. Er weiß, was gut und böse ist. Jetzt soll er nicht auch noch seine Hand ausstrecken, vom Baum des Lebens nehmen, essen und für immer leben …“;Yahweh God said, “Behold, the man has become like one of us, knowing good and evil. Now, lest he reach out his hand, and also take of the tree of life, and eat, and live forever—”
1;1. Mose;1Mo;3;23;1Mo 3,23;Gott sorgt trotzdem;Darum schickte Gott, der HERR, den Menschen aus dem Garten Eden weg. Er sollte den Ackerboden bebauen, von dem er genommen war.;Therefore Yahweh God sent him out from the garden of Eden, to till the ground from which he was taken.
1;1. Mose;1Mo;3;24;1Mo 3,24;Gott sorgt trotzdem;Gott vertrieb den Menschen. Und östlich vom Garten Eden stellte er die Kerubim auf. Das sind mächtige Engelwesen. Und er stellte ein Schwert aus Feuer auf, das hin und her zuckte. Sie sollten den Weg zum Baum des Lebens bewachen.;"So he drove out the man; and he placed cherubim at the east of the garden of Eden, and a flaming sword which turned every way, to guard the way to the tree of life."
1;1. Mose;1Mo;4;1;1Mo 4,1;Zwei Brüder;Adam schlief mit seiner Frau Eva. Sie wurde schwanger und brachte Kain zur Welt. Sie sagte: „Ich habe einen Mann bekommen – mit der Hilfe des HERRN.“;The man knew Eve his wife. She conceived, and gave birth to Cain, and said, “I have gotten a man with Yahweh’s help.”
1;1. Mose;1Mo;4;2;1Mo 4,2;Zwei Brüder;Danach bekam sie noch einen Sohn: Abel, den Bruder von Kain. Abel wurde ein Hirte von Schafen und Ziegen. Kain wurde ein Bauer, der den Acker bebaute.;Again she gave birth, to Cain’s brother Abel. Abel was a keeper of sheep, but Cain was a tiller of the ground.
1;1. Mose;1Mo;4;3;1Mo 4,3;Die Opfer der Brüder;Nach einiger Zeit brachte Kain dem HERRN ein Opfer. Ein Opfer ist ein Geschenk für Gott. Kain brachte etwas von den Früchten seines Ackers.;As time passed, Cain brought an offering to Yahweh from the fruit of the ground.
1;1. Mose;1Mo;4;4;1Mo 4,4;Die Opfer der Brüder;Auch Abel brachte ein Opfer. Er brachte die Erstgeborenen aus seiner Herde und von ihnen das Fett, also das Beste. Der HERR sah Abel und sein Opfer freundlich an.;Abel also brought some of the firstborn of his flock and of its fat. Yahweh respected Abel and his offering,
1;1. Mose;1Mo;4;5;1Mo 4,5;Die Opfer der Brüder;Aber Kain und sein Opfer sah er nicht freundlich an. Da wurde Kain sehr zornig. Er ließ den Kopf hängen und schaute finster.;but he didn’t respect Cain and his offering. Cain was very angry, and the expression on his face fell.
1;1. Mose;1Mo;4;6;1Mo 4,6;Die Opfer der Brüder;Der HERR sagte zu Kain: „Warum bist du so zornig? Warum lässt du den Kopf hängen?;Yahweh said to Cain, “Why are you angry? Why has the expression of your face fallen?
1;1. Mose;1Mo;4;7;1Mo 4,7;Die Opfer der Brüder;Wenn du Gutes tust, dann kannst du den Kopf frei heben. Wenn du aber nichts Gutes tust, dann liegt die Sünde vor der Tür auf der Lauer. Sie hat es auf dich abgesehen. Aber du sollst über sie herrschen.“;If you do well, won’t it be lifted up? If you don’t do well, sin crouches at the door. Its desire is for you, but you are to rule over it.”
1;1. Mose;1Mo;4;8;1Mo 4,8;Der erste Mord;Kain redete mit seinem Bruder Abel. Und als sie auf dem Feld waren, fiel Kain über seinen Bruder Abel her und schlug ihn tot.;Cain said to Abel, his brother, “Let’s go into the field.” While they were in the field, Cain rose up against Abel, his brother, and killed him.
1;1. Mose;1Mo;4;9;1Mo 4,9;Der erste Mord;Da fragte der HERR Kain: „Wo ist dein Bruder Abel?“ Kain antwortete: „Ich weiß es nicht. Bin ich etwa der Hüter meines Bruders?“;Yahweh said to Cain, “Where is Abel, your brother?” He said, “I don’t know. Am I my brother’s keeper?”
1;1. Mose;1Mo;4;10;1Mo 4,10;Der erste Mord;Der HERR sagte: „Was hast du getan? Hör doch: Das Blut deines Bruders schreit vom Ackerboden zu mir!;Yahweh said, “What have you done? The voice of your brother’s blood cries to me from the ground.
1;1. Mose;1Mo;4;11;1Mo 4,11;Der erste Mord;Darum bist du jetzt verflucht. Du musst weg vom Ackerboden, der seinen Mund aufgemacht hat, um das Blut deines Bruders aus deiner Hand zu trinken.;Now you are cursed because of the ground, which has opened its mouth to receive your brother’s blood from your hand.
1;1. Mose;1Mo;4;12;1Mo 4,12;Der erste Mord;Wenn du den Ackerboden bebaust, wird er dir keinen Ertrag mehr geben. Unstet und flüchtig wirst du auf der Erde sein.“;From now on, when you till the ground, it won’t yield its strength to you. You will be a fugitive and a wanderer on the earth.”
1;1. Mose;1Mo;4;13;1Mo 4,13;Gott schützt Kain;Kain sagte zum HERRN: „Meine Strafe ist zu groß. Ich kann sie nicht tragen.;Cain said to Yahweh, “My punishment is greater than I can bear.
1;1. Mose;1Mo;4;14;1Mo 4,14;Gott schützt Kain;Schau: Du jagst mich heute vom Ackerboden weg. Ich muss mich vor deinem Angesicht verbergen. Ich werde unstet und flüchtig auf der Erde sein. Und jeder, der mich findet, wird mich töten.“;Behold, you have driven me out today from the surface of the ground. I will be hidden from your face, and I will be a fugitive and a wanderer on the earth. Whoever finds me will kill me.”
1;1. Mose;1Mo;4;15;1Mo 4,15;Gott schützt Kain;Der HERR sagte zu ihm: „Nein! Wer Kain tötet, an dem wird es siebenfach gerächt.“ Und der HERR machte an Kain ein Zeichen. Damit ihn keiner erschlägt, der ihn findet.;Yahweh said to him, “Therefore whoever slays Cain, vengeance will be taken on him sevenfold.” Yahweh appointed a sign for Cain, so that anyone finding him would not strike him.
1;1. Mose;1Mo;4;16;1Mo 4,16;Gott schützt Kain;Dann ging Kain weg vom Angesicht des HERRN. Er wohnte im Land Nod, östlich von Eden.;Cain left Yahweh’s presence, and lived in the land of Nod, east of Eden.
1;1. Mose;1Mo;4;17;1Mo 4,17;Kains Familie;Kain schlief mit seiner Frau. Sie wurde schwanger und brachte Henoch zur Welt. Kain baute eine Stadt. Er nannte die Stadt nach dem Namen seines Sohnes: Henoch.;Cain knew his wife. She conceived, and gave birth to Enoch. He built a city, and named the city after the name of his son, Enoch.
1;1. Mose;1Mo;4;18;1Mo 4,18;Kains Familie;Henoch bekam einen Sohn: Irad. Irad wurde der Vater von Mehujaël. Mehujaël wurde der Vater von Metuschaël. Und Metuschaël wurde der Vater von Lamech.;Irad was born to Enoch. Irad became the father of Mehujael. Mehujael became the father of Methushael. Methushael became the father of Lamech.
1;1. Mose;1Mo;4;19;1Mo 4,19;Kains Familie;Lamech nahm sich zwei Frauen. Die eine hieß Ada, die andere hieß Zilla.;Lamech took two wives: the name of the first one was Adah, and the name of the second one was Zillah.
1;1. Mose;1Mo;4;20;1Mo 4,20;Kains Familie;Ada brachte Jabal zur Welt. Er wurde der Stammvater von allen, die in Zelten wohnen und Vieh halten.;Adah gave birth to Jabal, who was the father of those who dwell in tents and have livestock.
1;1. Mose;1Mo;4;21;1Mo 4,21;Kains Familie;Sein Bruder hieß Jubal. Er wurde der Stammvater von allen, die Harfe und Flöte spielen.;His brother’s name was Jubal, who was the father of all who handle the harp and pipe.
1;1. Mose;1Mo;4;22;1Mo 4,22;Kains Familie;Auch Zilla bekam einen Sohn: Tubal-Kain. Er war ein Schmied, der alle möglichen Geräte aus Bronze und Eisen machte. Die Schwester von Tubal-Kain hieß Naama.;Zillah also gave birth to Tubal Cain, the forger of every cutting instrument of bronze and iron. Tubal Cain’s sister was Naamah.
1;1. Mose;1Mo;4;23;1Mo 4,23;Kains Familie;Lamech sagte zu seinen Frauen: „Ada und Zilla, hört auf meine Stimme! Ihr Frauen Lamechs, hört, was ich sage: Einen Mann habe ich erschlagen, weil er mich verwundet hat. Einen jungen Mann, weil er mir eine Beule geschlagen hat.;Lamech said to his wives, “Adah and Zillah, hear my voice. You wives of Lamech, listen to my speech, for I have slain a man for wounding me, a young man for bruising me.
1;1. Mose;1Mo;4;24;1Mo 4,24;Kains Familie;Wenn Kain siebenfach gerächt wird, dann Lamech siebenundsiebzigfach!“;If Cain will be avenged seven times, truly Lamech seventy-seven times.”
1;1. Mose;1Mo;4;25;1Mo 4,25;Ein neuer Anfang;Adam schlief wieder mit seiner Frau. Sie brachte einen Sohn zur Welt und nannte ihn Set. Sie sagte: „Gott hat mir einen anderen Nachkommen gegeben, an Abels Stelle. Denn Kain hat ihn erschlagen.“;Adam knew his wife again. She gave birth to a son, and named him Seth, saying, “for God has given me another child instead of Abel, for Cain killed him.”
1;1. Mose;1Mo;4;26;1Mo 4,26;Ein neuer Anfang;Auch Set bekam einen Sohn. Er nannte ihn Enosch. Damals fing man an, den Namen des HERRN anzurufen.;A son was also born to Seth, and he named him Enosh. At that time men began to call on Yahweh’s name.
1;1. Mose;1Mo;5;1;1Mo 5,1;Gottes Bild;Das ist das Buch von der Familie Adams. Als Gott den Menschen erschuf, machte er ihn Gott ähnlich.;This is the book of the generations of Adam. In the day that God created man, he made him in God’s likeness.
1;1. Mose;1Mo;5;2;1Mo 5,2;Gottes Bild;Als Mann und Frau erschuf er sie. Er segnete sie. Und an dem Tag, als sie erschaffen wurden, gab er ihnen den Namen „Mensch“.;He created them male and female, and blessed them. On the day they were created, he named them Adam.
1;1. Mose;1Mo;5;3;1Mo 5,3;Adam, Set und Enosch;Adam war 130 Jahre alt, als er einen Sohn bekam. Der Sohn war ihm ähnlich, wie ein Abbild. Er nannte ihn Set.;Adam lived one hundred thirty years, and became the father of a son in his own likeness, after his image, and named him Seth.
1;1. Mose;1Mo;5;4;1Mo 5,4;Adam, Set und Enosch;Nachdem Set geboren war, lebte Adam noch 800 Jahre. Er bekam noch weitere Söhne und Töchter.;The days of Adam after he became the father of Seth were eight hundred years, and he became the father of other sons and daughters.
1;1. Mose;1Mo;5;5;1Mo 5,5;Adam, Set und Enosch;Adam lebte insgesamt 930 Jahre. Dann starb er.;All the days that Adam lived were nine hundred thirty years, then he died.
1;1. Mose;1Mo;5;6;1Mo 5,6;Adam, Set und Enosch;Set war 105 Jahre alt, als er Enosch bekam.;Seth lived one hundred five years, then became the father of Enosh.
1;1. Mose;1Mo;5;7;1Mo 5,7;Adam, Set und Enosch;Nachdem Enosch geboren war, lebte Set noch 807 Jahre. Er bekam noch weitere Söhne und Töchter.;Seth lived after he became the father of Enosh eight hundred seven years, and became the father of other sons and daughters.
1;1. Mose;1Mo;5;8;1Mo 5,8;Adam, Set und Enosch;Set lebte insgesamt 912 Jahre. Dann starb er.;All of the days of Seth were nine hundred twelve years, then he died.
1;1. Mose;1Mo;5;9;1Mo 5,9;Adam, Set und Enosch;Enosch war 90 Jahre alt, als er Kenan bekam.;Enosh lived ninety years, and became the father of Kenan.
1;1. Mose;1Mo;5;10;1Mo 5,10;Adam, Set und Enosch;Nachdem Kenan geboren war, lebte Enosch noch 815 Jahre. Er bekam noch weitere Söhne und Töchter.;Enosh lived after he became the father of Kenan eight hundred fifteen years, and became the father of other sons and daughters.
1;1. Mose;1Mo;5;11;1Mo 5,11;Adam, Set und Enosch;Enosch lebte insgesamt 905 Jahre. Dann starb er.;All of the days of Enosh were nine hundred five years, then he died.
1;1. Mose;1Mo;5;12;1Mo 5,12;Kenan, Mahalalel und Jered;Kenan war 70 Jahre alt, als er Mahalalel bekam.;Kenan lived seventy years, then became the father of Mahalalel.
1;1. Mose;1Mo;5;13;1Mo 5,13;Kenan, Mahalalel und Jered;Nachdem Mahalalel geboren war, lebte Kenan noch 840 Jahre. Er bekam noch weitere Söhne und Töchter.;Kenan lived after he became the father of Mahalalel eight hundred forty years, and became the father of other sons and daughters
1;1. Mose;1Mo;5;14;1Mo 5,14;Kenan, Mahalalel und Jered;Kenan lebte insgesamt 910 Jahre. Dann starb er.;and all of the days of Kenan were nine hundred ten years, then he died.
1;1. Mose;1Mo;5;15;1Mo 5,15;Kenan, Mahalalel und Jered;Mahalalel war 65 Jahre alt, als er Jered bekam.;Mahalalel lived sixty-five years, then became the father of Jared.
1;1. Mose;1Mo;5;16;1Mo 5,16;Kenan, Mahalalel und Jered;Nachdem Jered geboren war, lebte Mahalalel noch 830 Jahre. Er bekam noch weitere Söhne und Töchter.;Mahalalel lived after he became the father of Jared eight hundred thirty years, and became the father of other sons and daughters.
1;1. Mose;1Mo;5;17;1Mo 5,17;Kenan, Mahalalel und Jered;Mahalalel lebte insgesamt 895 Jahre. Dann starb er.;All of the days of Mahalalel were eight hundred ninety-five years, then he died.
1;1. Mose;1Mo;5;18;1Mo 5,18;Kenan, Mahalalel und Jered;Jered war 162 Jahre alt, als er Henoch bekam.;Jared lived one hundred sixty-two years, then became the father of Enoch.
1;1. Mose;1Mo;5;19;1Mo 5,19;Kenan, Mahalalel und Jered;Nachdem Henoch geboren war, lebte Jered noch 800 Jahre. Er bekam noch weitere Söhne und Töchter.;Jared lived after he became the father of Enoch eight hundred years, and became the father of other sons and daughters.
1;1. Mose;1Mo;5;20;1Mo 5,20;Kenan, Mahalalel und Jered;Jered lebte insgesamt 962 Jahre. Dann starb er.;All of the days of Jared were nine hundred sixty-two years, then he died.
1;1. Mose;1Mo;5;21;1Mo 5,21;Henoch geht mit Gott;Henoch war 65 Jahre alt, als er Metuschelach bekam.;Enoch lived sixty-five years, then became the father of Methuselah.
1;1. Mose;1Mo;5;22;1Mo 5,22;Henoch geht mit Gott;Nachdem Metuschelach geboren war, ging Henoch noch 300 Jahre lang seinen Weg mit Gott. Er bekam noch weitere Söhne und Töchter.;After Methuselah’s birth, Enoch walked with God for three hundred years, and became the father of more sons and daughters.
1;1. Mose;1Mo;5;23;1Mo 5,23;Henoch geht mit Gott;Henoch lebte insgesamt 365 Jahre.;All the days of Enoch were three hundred sixty-five years.
1;1. Mose;1Mo;5;24;1Mo 5,24;Henoch geht mit Gott;Henoch ging seinen Weg mit Gott. Dann war er nicht mehr da. Denn Gott hatte ihn zu sich genommen.;Enoch walked with God, and he was not found, for God took him.
1;1. Mose;1Mo;5;25;1Mo 5,25;Metuschelach, Lamech und Noah;Metuschelach war 187 Jahre alt, als er Lamech bekam.;Methuselah lived one hundred eighty-seven years, then became the father of Lamech.
1;1. Mose;1Mo;5;26;1Mo 5,26;Metuschelach, Lamech und Noah;Nachdem Lamech geboren war, lebte Metuschelach noch 782 Jahre. Er bekam noch weitere Söhne und Töchter.;Methuselah lived after he became the father of Lamech seven hundred eighty-two years, and became the father of other sons and daughters.
1;1. Mose;1Mo;5;27;1Mo 5,27;Metuschelach, Lamech und Noah;Metuschelach lebte insgesamt 969 Jahre. Dann starb er.;All the days of Methuselah were nine hundred sixty-nine years, then he died.
1;1. Mose;1Mo;5;28;1Mo 5,28;Metuschelach, Lamech und Noah;Lamech war 182 Jahre alt, als er einen Sohn bekam.;Lamech lived one hundred eighty-two years, then became the father of a son.
1;1. Mose;1Mo;5;29;1Mo 5,29;Metuschelach, Lamech und Noah;Er nannte ihn Noah. Er sagte: „Dieser wird uns trösten bei unserer Arbeit und bei der Mühe unserer Hände auf dem Ackerboden, den der HERR verflucht hat.“;He named him Noah, saying, “This one will comfort us in our work and in the toil of our hands, caused by the ground which Yahweh has cursed.”
1;1. Mose;1Mo;5;30;1Mo 5,30;Metuschelach, Lamech und Noah;Nachdem Noah geboren war, lebte Lamech noch 595 Jahre. Er bekam noch weitere Söhne und Töchter.;Lamech lived after he became the father of Noah five hundred ninety-five years, and became the father of other sons and daughters.
1;1. Mose;1Mo;5;31;1Mo 5,31;Metuschelach, Lamech und Noah;Lamech lebte insgesamt 777 Jahre. Dann starb er.;All the days of Lamech were seven hundred seventy-seven years, then he died.
1;1. Mose;1Mo;5;32;1Mo 5,32;Metuschelach, Lamech und Noah;Noah war 500 Jahre alt. Dann bekam Noah drei Söhne: Sem, Ham und Jafet.;Noah was five hundred years old, then Noah became the father of Shem, Ham, and Japheth.
1;1. Mose;1Mo;6;1;1Mo 6,1;Die Söhne Gottes und die Riesen;Die Menschen fingen an, sich auf der Erde zu vermehren. Und es wurden ihnen Töchter geboren.;When men began to multiply on the surface of the ground, and daughters were born to them,
1;1. Mose;1Mo;6;2;1Mo 6,2;Die Söhne Gottes und die Riesen;Da sahen die Söhne Gottes, dass die Töchter der Menschen schön waren. Und sie nahmen sich die zu Frauen, die ihnen gefielen.;God’s sons saw that men’s daughters were beautiful, and they took any that they wanted for themselves as wives.
1;1. Mose;1Mo;6;3;1Mo 6,3;Die Söhne Gottes und die Riesen;Da sagte der HERR: „Mein Geist soll nicht für immer im Menschen bleiben. Denn auch er ist nur Fleisch. Seine Lebenszeit soll 120 Jahre sein.“;"Yahweh said, “My Spirit will not strive with man forever, because he also is flesh; so his days will be one hundred twenty years.”"
1;1. Mose;1Mo;6;4;1Mo 6,4;Die Söhne Gottes und die Riesen;In jener Zeit lebten die Nefilim auf der Erde. Das waren Riesen. Auch später gab es sie noch. Sie entstanden, als die Söhne Gottes zu den Töchtern der Menschen kamen und mit ihnen Kinder bekamen. Das waren die Helden der Vorzeit, die berühmten Männer.;The Nephilim were on the earth in those days, and also after that, when God’s sons came in to men’s daughters and had children with them. Those were the mighty men who were of old, men of renown.
1;1. Mose;1Mo;6;5;1Mo 6,5;Gott ist im Herzen traurig;Der HERR sah, dass die Bosheit der Menschen auf der Erde groß war. Alles, was ihr Herz dachte und plante, war immer nur böse, den ganzen Tag.;Yahweh saw that the wickedness of man was great on the earth, and that every imagination of the thoughts of man’s heart was continually only evil.
1;1. Mose;1Mo;6;6;1Mo 6,6;Gott ist im Herzen traurig;Da bereute es der HERR, dass er die Menschen auf der Erde gemacht hatte. Und es tat ihm weh in seinem Herzen.;Yahweh was sorry that he had made man on the earth, and it grieved him in his heart.
1;1. Mose;1Mo;6;7;1Mo 6,7;Gott ist im Herzen traurig;Der HERR sagte: „Ich will die Menschen, die ich erschaffen habe, vom Erdboden wegwischen. Die Menschen und auch die Tiere, die Kriechtiere und die Vögel des Himmels. Denn es reut mich, dass ich sie gemacht habe.“;Yahweh said, “I will destroy man whom I have created from the surface of the ground—man, along with animals, creeping things, and birds of the sky—for I am sorry that I have made them.”
1;1. Mose;1Mo;6;8;1Mo 6,8;Gott ist im Herzen traurig;Aber Noah fand Gnade in den Augen des HERRN.;But Noah found favor in Yahweh’s eyes.
1;1. Mose;1Mo;6;9;1Mo 6,9;Noah, ein gerechter Mann;Das ist die Geschichte von Noah. Noah war ein gerechter Mann. Unter den Menschen seiner Zeit war er ohne Tadel. Noah ging seinen Weg mit Gott.;This is the history of the generations of Noah: Noah was a righteous man, blameless among the people of his time. Noah walked with God.
1;1. Mose;1Mo;6;10;1Mo 6,10;Noah, ein gerechter Mann;Noah bekam drei Söhne: Sem, Ham und Jafet.;Noah became the father of three sons: Shem, Ham, and Japheth.
1;1. Mose;1Mo;6;11;1Mo 6,11;Noah, ein gerechter Mann;Aber die Erde war verdorben vor Gott. Die Erde war voll von Gewalt.;The earth was corrupt before God, and the earth was filled with violence.
1;1. Mose;1Mo;6;12;1Mo 6,12;Noah, ein gerechter Mann;Gott sah die Erde an. Und schau: Sie war verdorben. Denn alle Lebewesen auf der Erde hatten ihren Weg verdorben.;God saw the earth, and saw that it was corrupt, for all flesh had corrupted their way on the earth.
1;1. Mose;1Mo;6;13;1Mo 6,13;Noah, ein gerechter Mann;Da sagte Gott zu Noah: „Das Ende aller Lebewesen ist vor mir angekommen. Denn die Erde ist durch sie voll von Gewalt. Schau: Ich will sie zusammen mit der Erde verderben.“;God said to Noah, “I will bring an end to all flesh, for the earth is filled with violence through them. Behold, I will destroy them and the earth.
1;1. Mose;1Mo;6;14;1Mo 6,14;Bau ein Schiff!;„Mach dir eine Arche aus Goferholz. Eine Arche ist ein großes, kastenförmiges Schiff. Mach Kammern in die Arche. Und streich sie innen und außen mit Pech ab, damit sie dicht ist.;Make a ship of gopher wood. You shall make rooms in the ship, and shall seal it inside and outside with pitch.
1;1. Mose;1Mo;6;15;1Mo 6,15;Bau ein Schiff!;So sollst du sie machen: 150 Meter lang, 25 Meter breit und 15 Meter hoch.;This is how you shall make it. The length of the ship shall be three hundred cubits, its width fifty cubits, and its height thirty cubits.
1;1. Mose;1Mo;6;16;1Mo 6,16;Bau ein Schiff!;Mach ein Dach für die Arche. Unter dem Dach lass ringsum einen halben Meter offen, für Licht und Luft. Setz die Tür an die Seite der Arche. Und bau sie mit drei Stockwerken: unten, in der Mitte und oben.“;You shall make a roof in the ship, and you shall finish it to a cubit upward. You shall set the door of the ship in its side. You shall make it with lower, second, and third levels.
1;1. Mose;1Mo;6;17;1Mo 6,17;Gottes Bund mit Noah;„Denn schau: Ich lasse eine Flut kommen, Wasser über die Erde. Ich will alles Leben unter dem Himmel verderben, alles, was Lebensatem hat. Alles, was auf der Erde ist, wird sterben.;I, even I, will bring the flood of waters on this earth, to destroy all flesh having the breath of life from under the sky. Everything that is on the earth will die.
1;1. Mose;1Mo;6;18;1Mo 6,18;Gottes Bund mit Noah;Aber mit dir schließe ich meinen Bund. Ein Bund ist ein festes Versprechen. Du sollst in die Arche gehen: du, deine Söhne, deine Frau und die Frauen deiner Söhne mit dir.;But I will establish my covenant with you. You shall come into the ship, you, your sons, your wife, and your sons’ wives with you.
1;1. Mose;1Mo;6;19;1Mo 6,19;Gottes Bund mit Noah;Und von allem, was lebt, von allen Lebewesen, sollst du je zwei in die Arche bringen, damit sie mit dir am Leben bleiben. Ein Männchen und ein Weibchen sollen es sein.;Of every living thing of all flesh, you shall bring two of every sort into the ship, to keep them alive with you. They shall be male and female.
1;1. Mose;1Mo;6;20;1Mo 6,20;Gottes Bund mit Noah;Von den Vögeln nach ihrer Art, vom Vieh nach seiner Art, von allen Kriechtieren am Boden nach ihrer Art – von allen sollen je zwei zu dir kommen, damit sie am Leben bleiben.;Of the birds after their kind, of the livestock after their kind, of every creeping thing of the ground after its kind, two of every sort will come to you, to keep them alive.
1;1. Mose;1Mo;6;21;1Mo 6,21;Gottes Bund mit Noah;Und du: Nimm dir von allem Essen, das man essen kann. Sammle es bei dir. Es soll für dich und für die Tiere zum Essen sein.“;"Take with you some of all food that is eaten, and gather it to yourself; and it will be for food for you, and for them.”"
1;1. Mose;1Mo;6;22;1Mo 6,22;Gottes Bund mit Noah;Und Noah tat es. Er tat alles genau so, wie Gott es ihm befohlen hatte.;Thus Noah did. He did all that God commanded him.
1;1. Mose;1Mo;7;1;1Mo 7,1;Geh in die Arche;Der HERR sagte zu Noah: „Geh in die Arche, du und deine ganze Familie. Denn ich habe gesehen: Unter den Menschen dieser Zeit bist du gerecht vor mir.;Yahweh said to Noah, “Come with all of your household into the ship, for I have seen your righteousness before me in this generation.
1;1. Mose;1Mo;7;2;1Mo 7,2;Geh in die Arche;Nimm von allen reinen Tieren je sieben Paare mit, ein Männchen und sein Weibchen. Und von den Tieren, die nicht rein sind, nimm je ein Paar mit, ein Männchen und sein Weibchen.;You shall take seven pairs of every clean animal with you, the male and his female. Of the animals that are not clean, take two, the male and his female.
1;1. Mose;1Mo;7;3;1Mo 7,3;Geh in die Arche;Auch von den Vögeln des Himmels nimm je sieben Paare mit, Männchen und Weibchen. So sollen ihre Nachkommen auf der ganzen Erde am Leben bleiben.;Also of the birds of the sky, seven and seven, male and female, to keep seed alive on the surface of all the earth.
1;1. Mose;1Mo;7;4;1Mo 7,4;Geh in die Arche;Denn in sieben Tagen lasse ich es auf die Erde regnen. 40 Tage und 40 Nächte lang. Dann wische ich alles Leben, das ich gemacht habe, vom Erdboden weg.“;In seven days, I will cause it to rain on the earth for forty days and forty nights. I will destroy every living thing that I have made from the surface of the ground.”
1;1. Mose;1Mo;7;5;1Mo 7,5;Geh in die Arche;Und Noah tat alles, was der HERR ihm befohlen hatte.;Noah did everything that Yahweh commanded him.
1;1. Mose;1Mo;7;6;1Mo 7,6;Noah geht in die Arche;Noah war 600 Jahre alt, als die Flut kam, das Wasser über die Erde.;Noah was six hundred years old when the flood of waters came on the earth.
1;1. Mose;1Mo;7;7;1Mo 7,7;Noah geht in die Arche;Noah ging in die Arche, um dem Wasser der Flut zu entkommen. Mit ihm gingen seine Söhne, seine Frau und die Frauen seiner Söhne.;Noah went into the ship with his sons, his wife, and his sons’ wives, because of the floodwaters.
1;1. Mose;1Mo;7;8;1Mo 7,8;Noah geht in die Arche;Von den reinen Tieren und von den Tieren, die nicht rein sind, von den Vögeln und von allem, was auf dem Erdboden kriecht,;Clean animals, unclean animals, birds, and everything that creeps on the ground
1;1. Mose;1Mo;7;9;1Mo 7,9;Noah geht in die Arche;kamen je zwei zu Noah in die Arche, ein Männchen und ein Weibchen. So, wie Gott es Noah befohlen hatte.;went by pairs to Noah into the ship, male and female, as God commanded Noah.
1;1. Mose;1Mo;7;10;1Mo 7,10;Noah geht in die Arche;Nach den sieben Tagen kam das Wasser der Flut über die Erde.;After the seven days, the floodwaters came on the earth.
1;1. Mose;1Mo;7;11;1Mo 7,11;Der Himmel öffnet sich;Es war im 600. Lebensjahr von Noah, im zweiten Monat, am 17. Tag des Monats. An diesem Tag brachen alle Quellen der großen Tiefe auf. Und die Fenster des Himmels öffneten sich.;In the six hundredth year of Noah’s life, in the second month, on the seventeenth day of the month, on that day all the fountains of the great deep burst open, and the sky’s windows opened.
1;1. Mose;1Mo;7;12;1Mo 7,12;Der Himmel öffnet sich;Der Regen fiel auf die Erde, 40 Tage und 40 Nächte lang.;It rained on the earth forty days and forty nights.
1;1. Mose;1Mo;7;13;1Mo 7,13;Der Himmel öffnet sich;Genau an diesem Tag ging Noah in die Arche. Mit ihm gingen Sem, Ham und Jafet, die Söhne von Noah, dazu die Frau von Noah und die drei Frauen seiner Söhne.;In the same day Noah, and Shem, Ham, and Japheth—the sons of Noah—and Noah’s wife and the three wives of his sons with them, entered into the ship—
1;1. Mose;1Mo;7;14;1Mo 7,14;Der Himmel öffnet sich;Mit ihnen gingen alle wilden Tiere nach ihrer Art, alles Vieh nach seiner Art, alle Kriechtiere, die auf der Erde kriechen, nach ihrer Art, und alle Vögel nach ihrer Art – alles, was Federn und Flügel hat.;they, and every animal after its kind, all the livestock after their kind, every creeping thing that creeps on the earth after its kind, and every bird after its kind, every bird of every sort.
1;1. Mose;1Mo;7;15;1Mo 7,15;Der Himmel öffnet sich;Sie kamen zu Noah in die Arche, je zwei von allen Lebewesen, die Lebensatem haben.;Pairs from all flesh with the breath of life in them went into the ship to Noah.
1;1. Mose;1Mo;7;16;1Mo 7,16;Der Himmel öffnet sich;Es kamen immer ein Männchen und ein Weibchen von allen Lebewesen. So, wie Gott es Noah befohlen hatte. Und der HERR schloss hinter ihm zu.;"Those who went in, went in male and female of all flesh, as God commanded him; then Yahweh shut him in."
1;1. Mose;1Mo;7;17;1Mo 7,17;Das Wasser steigt;Die Flut kam 40 Tage lang über die Erde. Das Wasser stieg und hob die Arche hoch. So schwamm sie hoch über der Erde.;The flood was forty days on the earth. The waters increased, and lifted up the ship, and it was lifted up above the earth.
1;1. Mose;1Mo;7;18;1Mo 7,18;Das Wasser steigt;Das Wasser wurde gewaltig und stieg immer höher auf der Erde. Und die Arche fuhr auf dem Wasser.;"The waters rose, and increased greatly on the earth; and the ship floated on the surface of the waters."
1;1. Mose;1Mo;7;19;1Mo 7,19;Das Wasser steigt;Das Wasser wurde immer gewaltiger auf der Erde. Alle hohen Berge unter dem ganzen Himmel wurden bedeckt.;The waters rose very high on the earth. All the high mountains that were under the whole sky were covered.
1;1. Mose;1Mo;7;20;1Mo 7,20;Das Wasser steigt;Sieben Meter hoch stand das Wasser über den Bergen. So waren die Berge bedeckt.;The waters rose fifteen cubits higher, and the mountains were covered.
1;1. Mose;1Mo;7;21;1Mo 7,21;Das Wasser steigt;Da starben alle Lebewesen, die sich auf der Erde bewegten: die Vögel, das Vieh, die wilden Tiere, alles, was auf der Erde wimmelte, und alle Menschen.;All flesh died that moved on the earth, including birds, livestock, animals, every creeping thing that creeps on the earth, and every man.
1;1. Mose;1Mo;7;22;1Mo 7,22;Das Wasser steigt;Alles, was auf dem trockenen Land lebte und Lebensatem in der Nase hatte, starb.;All on the dry land, in whose nostrils was the breath of the spirit of life, died.
1;1. Mose;1Mo;7;23;1Mo 7,23;Das Wasser steigt;So wischte Gott alles Leben vom Erdboden weg: die Menschen, das Vieh, die Kriechtiere und die Vögel des Himmels. Sie wurden von der Erde weggewischt. Nur Noah blieb übrig und alle, die mit ihm in der Arche waren.;Every living thing was destroyed that was on the surface of the ground, including man, livestock, creeping things, and birds of the sky. They were destroyed from the earth. Only Noah was left, and those who were with him in the ship.
1;1. Mose;1Mo;7;24;1Mo 7,24;Das Wasser steigt;Das Wasser blieb 150 Tage lang gewaltig über der Erde.;The waters flooded the earth one hundred fifty days.
1;1. Mose;1Mo;8;1;1Mo 8,1;Gott denkt an Noah;Da dachte Gott an Noah und an alle wilden Tiere und an alles Vieh, das bei ihm in der Arche war. Gott ließ einen Wind über die Erde wehen. Da sank das Wasser.;"God remembered Noah, all the animals, and all the livestock that were with him in the ship; and God made a wind to pass over the earth. The waters subsided."
1;1. Mose;1Mo;8;2;1Mo 8,2;Gott denkt an Noah;Die Quellen der Tiefe wurden verschlossen und die Fenster des Himmels auch. Und der Regen vom Himmel hörte auf.;The deep’s fountains and the sky’s windows were also stopped, and the rain from the sky was restrained.
1;1. Mose;1Mo;8;3;1Mo 8,3;Gott denkt an Noah;Das Wasser lief nach und nach von der Erde ab. Nach 150 Tagen war das Wasser weniger geworden.;The waters continually receded from the earth. After the end of one hundred fifty days the waters receded.
1;1. Mose;1Mo;8;4;1Mo 8,4;Gott denkt an Noah;Im siebten Monat, am 17. Tag des Monats, setzte die Arche auf. Sie blieb auf den Bergen von Ararat liegen.;The ship rested in the seventh month, on the seventeenth day of the month, on Ararat’s mountains.
1;1. Mose;1Mo;8;5;1Mo 8,5;Gott denkt an Noah;Das Wasser nahm immer weiter ab, bis zum zehnten Monat. Am ersten Tag des zehnten Monats wurden die Spitzen der Berge sichtbar.;The waters receded continually until the tenth month. In the tenth month, on the first day of the month, the tops of the mountains were visible.
1;1. Mose;1Mo;8;6;1Mo 8,6;Der Rabe und die Taube;Nach 40 Tagen öffnete Noah das Fenster der Arche, das er gemacht hatte.;At the end of forty days, Noah opened the window of the ship which he had made,
1;1. Mose;1Mo;8;7;1Mo 8,7;Der Rabe und die Taube;Er ließ einen Raben hinaus. Der Rabe flog hin und her, bis das Wasser auf der Erde ausgetrocknet war.;and he sent out a raven. It went back and forth, until the waters were dried up from the earth.
1;1. Mose;1Mo;8;8;1Mo 8,8;Der Rabe und die Taube;Dann ließ Noah eine Taube hinaus. Er wollte sehen, ob das Wasser auf dem Erdboden weniger geworden war.;He himself sent out a dove to see if the waters were abated from the surface of the ground,
1;1. Mose;1Mo;8;9;1Mo 8,9;Der Rabe und die Taube;Aber die Taube fand keinen Platz, wo ihr Fuß ausruhen konnte. Denn auf der ganzen Erde war noch Wasser. Darum kam sie zu ihm in die Arche zurück. Noah streckte seine Hand aus, nahm sie und holte sie zu sich in die Arche.;but the dove found no place to rest her foot, and she returned into the ship to him, for the waters were on the surface of the whole earth. He put out his hand, and took her, and brought her to him into the ship.
1;1. Mose;1Mo;8;10;1Mo 8,10;Der Rabe und die Taube;Noah wartete noch einmal sieben Tage. Dann ließ er die Taube wieder aus der Arche.;"He waited yet another seven days; and again he sent the dove out of the ship."
1;1. Mose;1Mo;8;11;1Mo 8,11;Der Rabe und die Taube;Am Abend kam die Taube zu ihm zurück. Und schau: Sie hatte ein frisches Olivenblatt im Schnabel. Da wusste Noah: Das Wasser auf der Erde ist weniger geworden.;The dove came back to him at evening and, behold, in her mouth was a freshly plucked olive leaf. So Noah knew that the waters were abated from the earth.
1;1. Mose;1Mo;8;12;1Mo 8,12;Der Rabe und die Taube;Noah wartete noch einmal sieben Tage. Dann ließ er die Taube wieder hinaus. Diesmal kam sie nicht mehr zu ihm zurück.;"He waited yet another seven days, and sent out the dove; and she didn’t return to him any more."
1;1. Mose;1Mo;8;13;1Mo 8,13;Raus aus der Arche;Im 601. Lebensjahr von Noah, im ersten Monat, am ersten Tag des Monats, war das Wasser von der Erde abgetrocknet. Noah nahm das Dach von der Arche ab und schaute hinaus. Und schau: Der Erdboden war trocken.;In the six hundred first year, in the first month, the first day of the month, the waters were dried up from the earth. Noah removed the covering of the ship, and looked. He saw that the surface of the ground was dry.
1;1. Mose;1Mo;8;14;1Mo 8,14;Raus aus der Arche;Im zweiten Monat, am 27. Tag des Monats, war die Erde ganz trocken.;In the second month, on the twenty-seventh day of the month, the earth was dry.
1;1. Mose;1Mo;8;15;1Mo 8,15;Raus aus der Arche;Da sprach Gott zu Noah:;God spoke to Noah, saying,
1;1. Mose;1Mo;8;16;1Mo 8,16;Raus aus der Arche;„Geh aus der Arche, du und deine Frau, deine Söhne und die Frauen deiner Söhne mit dir.;“Go out of the ship, you, your wife, your sons, and your sons’ wives with you.
1;1. Mose;1Mo;8;17;1Mo 8,17;Raus aus der Arche;Bring alle Tiere mit dir heraus, die bei dir sind, von allen Lebewesen: die Vögel, das Vieh und alle Kriechtiere, die auf der Erde kriechen. Sie sollen sich auf der Erde tummeln. Sie sollen fruchtbar sein und sich auf der Erde vermehren.“;Bring out with you every living thing that is with you of all flesh, including birds, livestock, and every creeping thing that creeps on the earth, that they may breed abundantly on the earth, and be fruitful, and multiply on the earth.”
1;1. Mose;1Mo;8;18;1Mo 8,18;Raus aus der Arche;Da ging Noah hinaus, mit seinen Söhnen, seiner Frau und den Frauen seiner Söhne.;Noah went out, with his sons, his wife, and his sons’ wives with him.
1;1. Mose;1Mo;8;19;1Mo 8,19;Raus aus der Arche;Auch alle Tiere gingen aus der Arche, alle Kriechtiere und alle Vögel, alles, was sich auf der Erde bewegt, nach ihren Familien.;Every animal, every creeping thing, and every bird, whatever moves on the earth, after their families, went out of the ship.
1;1. Mose;1Mo;8;20;1Mo 8,20;Noahs Dank und Gottes Versprechen;Noah baute dem HERRN einen Altar. Ein Altar ist ein Tisch aus Steinen oder Erde, auf dem man Gott Opfer bringt. Er nahm von allen reinen Tieren und von allen reinen Vögeln. Und er brachte sie auf dem Altar als Brandopfer dar. Das heißt: Er verbrannte sie ganz für Gott.;Noah built an altar to Yahweh, and took of every clean animal, and of every clean bird, and offered burnt offerings on the altar.
1;1. Mose;1Mo;8;21;1Mo 8,21;Noahs Dank und Gottes Versprechen;Der HERR roch den angenehmen Duft. Und der HERR sagte in seinem Herzen: „Ich will den Ackerboden nie mehr verfluchen wegen der Menschen. Denn was das Herz des Menschen sich ausdenkt, ist böse von seiner Jugend an. Und ich will nie mehr alles Lebendige schlagen, so wie ich es getan habe.;Yahweh smelled the pleasant aroma. Yahweh said in his heart, “I will not again curse the ground any more for man’s sake because the imagination of man’s heart is evil from his youth. I will never again strike every living thing, as I have done.
1;1. Mose;1Mo;8;22;1Mo 8,22;Noahs Dank und Gottes Versprechen;Solange die Erde besteht, sollen nicht aufhören: Saat und Ernte, Kälte und Hitze, Sommer und Winter, Tag und Nacht.“;While the earth remains, seed time and harvest, and cold and heat, and summer and winter, and day and night will not cease.”
1;1. Mose;1Mo;9;1;1Mo 9,1;Ein neuer Segen;Gott segnete Noah und seine Söhne. Er sagte zu ihnen: „Seid fruchtbar und werdet viele! Füllt die Erde!;God blessed Noah and his sons, and said to them, “Be fruitful, multiply, and replenish the earth.
1;1. Mose;1Mo;9;2;1Mo 9,2;Ein neuer Segen;Furcht und Schrecken vor euch soll über alle Tiere der Erde kommen und über alle Vögel des Himmels, über alles, was sich auf dem Erdboden bewegt, und über alle Fische im Meer. Ich gebe sie in eure Hand.;The fear of you and the dread of you will be on every animal of the earth, and on every bird of the sky. Everything that moves along the ground, and all the fish of the sea, are delivered into your hand.
1;1. Mose;1Mo;9;3;1Mo 9,3;Ein neuer Segen;Alles, was sich bewegt und lebt, soll euer Essen sein. So wie ich euch die grünen Pflanzen gegeben habe, so gebe ich euch nun alles.;Every moving thing that lives will be food for you. As I gave you the green herb, I have given everything to you.
1;1. Mose;1Mo;9;4;1Mo 9,4;Ein neuer Segen;Nur Fleisch, in dem noch sein Leben ist – das ist sein Blut –, dürft ihr nicht essen.;But flesh with its life, that is, its blood, you shall not eat.
1;1. Mose;1Mo;9;5;1Mo 9,5;Ein neuer Segen;Und für euer eigenes Blut, für euer Leben, werde ich Rechenschaft verlangen. Von jedem Tier werde ich sie verlangen. Und von jedem Menschen. Von jedem werde ich Rechenschaft für das Leben seines Mitmenschen verlangen – denn jeder ist sein Bruder.;I will surely require accounting for your life’s blood. At the hand of every animal I will require it. At the hand of man, even at the hand of every man’s brother, I will require the life of man.
1;1. Mose;1Mo;9;6;1Mo 9,6;Ein neuer Segen;Wer Menschenblut vergießt, dessen Blut soll durch Menschen vergossen werden. Denn Gott hat den Menschen als sein Bild gemacht.;Whoever sheds man’s blood, his blood will be shed by man, for God made man in his own image.
1;1. Mose;1Mo;9;7;1Mo 9,7;Ein neuer Segen;Und ihr: Seid fruchtbar und werdet viele! Breitet euch aus auf der Erde und vermehrt euch auf ihr.“;Be fruitful and multiply. Increase abundantly on the earth, and multiply in it.”
1;1. Mose;1Mo;9;8;1Mo 9,8;Gottes Bund und das Zeichen;Gott sprach zu Noah und zu seinen Söhnen, die bei ihm waren:;God spoke to Noah and to his sons with him, saying,
1;1. Mose;1Mo;9;9;1Mo 9,9;Gottes Bund und das Zeichen;„Schaut: Ich schließe meinen Bund mit euch und mit euren Nachkommen nach euch;“As for me, behold, I establish my covenant with you, and with your offspring after you,
1;1. Mose;1Mo;9;10;1Mo 9,10;Gottes Bund und das Zeichen;und mit allen Lebewesen, die bei euch sind: mit den Vögeln, mit dem Vieh und mit allen wilden Tieren bei euch, mit allen, die aus der Arche gekommen sind, mit allen Tieren der Erde.;and with every living creature that is with you: the birds, the livestock, and every animal of the earth with you, of all that go out of the ship, even every animal of the earth.
1;1. Mose;1Mo;9;11;1Mo 9,11;Gottes Bund und das Zeichen;Ich schließe meinen Bund mit euch: Nie mehr sollen alle Lebewesen durch das Wasser einer Flut ausgerottet werden. Nie mehr soll eine Flut kommen, die die Erde verdirbt.“;I will establish my covenant with you: All flesh will not be cut off any more by the waters of the flood. There will never again be a flood to destroy the earth.”
1;1. Mose;1Mo;9;12;1Mo 9,12;Gottes Bund und das Zeichen;Und Gott sprach: „Das ist das Zeichen für den Bund, den ich mache zwischen mir und euch und allen Lebewesen bei euch, für alle Generationen, für immer:;God said, “This is the token of the covenant which I make between me and you and every living creature that is with you, for perpetual generations:
1;1. Mose;1Mo;9;13;1Mo 9,13;Gottes Bund und das Zeichen;Meinen Bogen setze ich in die Wolken. Er soll das Zeichen sein für den Bund zwischen mir und der Erde.;I set my rainbow in the cloud, and it will be a sign of a covenant between me and the earth.
1;1. Mose;1Mo;9;14;1Mo 9,14;Gottes Bund und das Zeichen;Wenn ich Wolken über der Erde zusammenziehe und der Bogen in den Wolken erscheint,;When I bring a cloud over the earth, that the rainbow will be seen in the cloud,
1;1. Mose;1Mo;9;15;1Mo 9,15;Gottes Bund und das Zeichen;dann denke ich an meinen Bund zwischen mir und euch und allen Lebewesen. Nie mehr soll das Wasser zu einer Flut werden, die alles Leben verdirbt.;I will remember my covenant, which is between me and you and every living creature of all flesh, and the waters will no more become a flood to destroy all flesh.
1;1. Mose;1Mo;9;16;1Mo 9,16;Gottes Bund und das Zeichen;Wenn der Bogen in den Wolken steht, dann sehe ich ihn an. Dann denke ich an den ewigen Bund zwischen Gott und allen Lebewesen auf der Erde.“;The rainbow will be in the cloud. I will look at it, that I may remember the everlasting covenant between God and every living creature of all flesh that is on the earth.”
1;1. Mose;1Mo;9;17;1Mo 9,17;Gottes Bund und das Zeichen;Gott sagte zu Noah: „Das ist das Zeichen für den Bund, den ich geschlossen habe zwischen mir und allen Lebewesen auf der Erde.“;God said to Noah, “This is the token of the covenant which I have established between me and all flesh that is on the earth.”
1;1. Mose;1Mo;9;18;1Mo 9,18;Die Söhne Noahs;Die Söhne von Noah, die aus der Arche gingen, waren Sem, Ham und Jafet. Ham ist der Vater von Kanaan.;The sons of Noah who went out from the ship were Shem, Ham, and Japheth. Ham is the father of Canaan.
1;1. Mose;1Mo;9;19;1Mo 9,19;Die Söhne Noahs;Diese drei sind die Söhne von Noah. Von ihnen stammen alle Menschen ab, die über die ganze Erde verstreut sind.;These three were the sons of Noah, and from these the whole earth was populated.
1;1. Mose;1Mo;9;20;1Mo 9,20;Noah und der Wein;Noah wurde ein Bauer. Er war der Erste, der einen Weinberg pflanzte.;Noah began to be a farmer, and planted a vineyard.
1;1. Mose;1Mo;9;21;1Mo 9,21;Noah und der Wein;Er trank von dem Wein und wurde betrunken. Dann lag er nackt in seinem Zelt.;He drank of the wine and got drunk. He was uncovered within his tent.
1;1. Mose;1Mo;9;22;1Mo 9,22;Noah und der Wein;Ham, der Vater von Kanaan, sah die Blöße seines Vaters. Er ging hinaus und erzählte es seinen beiden Brüdern.;Ham, the father of Canaan, saw the nakedness of his father, and told his two brothers outside.
1;1. Mose;1Mo;9;23;1Mo 9,23;Noah und der Wein;Da nahmen Sem und Jafet einen Mantel. Sie legten ihn sich beide auf die Schultern. Dann gingen sie rückwärts in das Zelt und deckten die Blöße ihres Vaters zu. Ihre Gesichter hielten sie abgewandt. So sahen sie die Blöße ihres Vaters nicht.;Shem and Japheth took a garment, and laid it on both their shoulders, went in backwards, and covered the nakedness of their father. Their faces were backwards, and they didn’t see their father’s nakedness.
1;1. Mose;1Mo;9;24;1Mo 9,24;Noah und der Wein;Noah wachte aus seinem Rausch auf. Er erfuhr, was sein jüngster Sohn ihm angetan hatte.;Noah awoke from his wine, and knew what his youngest son had done to him.
1;1. Mose;1Mo;9;25;1Mo 9,25;Noah und der Wein;Da sagte er: „Verflucht sei Kanaan! Ein Knecht der Knechte soll er sein für seine Brüder.“;He said, “Canaan is cursed. He will be a servant of servants to his brothers.”
1;1. Mose;1Mo;9;26;1Mo 9,26;Noah und der Wein;Und er sagte: „Gepriesen sei der HERR, der Gott von Sem! Kanaan soll sein Knecht sein.;He said, “Blessed be Yahweh, the God of Shem. Let Canaan be his servant.
1;1. Mose;1Mo;9;27;1Mo 9,27;Noah und der Wein;Gott schaffe Jafet weiten Raum. Er soll in den Zelten von Sem wohnen. Und Kanaan soll sein Knecht sein.“;May God enlarge Japheth. Let him dwell in the tents of Shem. Let Canaan be his servant.”
1;1. Mose;1Mo;9;28;1Mo 9,28;Noah und der Wein;Nach der Flut lebte Noah noch 350 Jahre.;Noah lived three hundred fifty years after the flood.
1;1. Mose;1Mo;9;29;1Mo 9,29;Noah und der Wein;Noah lebte insgesamt 950 Jahre. Dann starb er.;All the days of Noah were nine hundred fifty years, and then he died.
1;1. Mose;1Mo;10;1;1Mo 10,1;Die Söhne Noahs;Das ist die Geschichte der Familien der Söhne Noahs: Sem, Ham und Jafet. Nach der Flut wurden ihnen Söhne geboren.;Now this is the history of the generations of the sons of Noah and of Shem, Ham, and Japheth. Sons were born to them after the flood.
1;1. Mose;1Mo;10;2;1Mo 10,2;Die Nachkommen von Jafet;Die Söhne von Jafet waren: Gomer, Magog, Madai, Jawan, Tubal, Meschech und Tiras.;The sons of Japheth were: Gomer, Magog, Madai, Javan, Tubal, Meshech, and Tiras.
1;1. Mose;1Mo;10;3;1Mo 10,3;Die Nachkommen von Jafet;Die Söhne von Gomer waren: Aschkenas, Rifat und Togarma.;The sons of Gomer were: Ashkenaz, Riphath, and Togarmah.
1;1. Mose;1Mo;10;4;1Mo 10,4;Die Nachkommen von Jafet;Die Söhne von Jawan waren: Elischa, Tarschisch, die Kittäer und die Dodaniter.;The sons of Javan were: Elishah, Tarshish, Kittim, and Dodanim.
1;1. Mose;1Mo;10;5;1Mo 10,5;Die Nachkommen von Jafet;Von ihnen haben sich die Völker der Küsten und Inseln abgezweigt. Sie leben in ihren Ländern, jedes Volk mit seiner eigenen Sprache, nach ihren Familien und Völkern.;Of these were the islands of the nations divided in their lands, everyone after his language, after their families, in their nations.
1;1. Mose;1Mo;10;6;1Mo 10,6;Die Nachkommen von Ham;Die Söhne von Ham waren: Kusch, Mizrajim, Put und Kanaan.;The sons of Ham were: Cush, Mizraim, Put, and Canaan.
1;1. Mose;1Mo;10;7;1Mo 10,7;Die Nachkommen von Ham;Die Söhne von Kusch waren: Seba, Hawila, Sabta, Ragma und Sabtecha. Die Söhne von Ragma waren: Saba und Dedan.;The sons of Cush were: Seba, Havilah, Sabtah, Raamah, and Sabteca. The sons of Raamah were: Sheba and Dedan.
1;1. Mose;1Mo;10;8;1Mo 10,8;Die Nachkommen von Ham;Kusch wurde der Vater von Nimrod. Nimrod war der Erste, der ein mächtiger Herrscher auf der Erde wurde.;Cush became the father of Nimrod. He began to be a mighty one on the earth.
1;1. Mose;1Mo;10;9;1Mo 10,9;Die Nachkommen von Ham;Er war ein gewaltiger Jäger vor dem HERRN. Darum sagt man: „Ein gewaltiger Jäger vor dem HERRN wie Nimrod.“;He was a mighty hunter before Yahweh. Therefore it is said, “like Nimrod, a mighty hunter before Yahweh”.
1;1. Mose;1Mo;10;10;1Mo 10,10;Die Nachkommen von Ham;Sein Königreich fing an mit Babel, Erech, Akkad und Kalne im Land Schinar.;The beginning of his kingdom was Babel, Erech, Accad, and Calneh, in the land of Shinar.
1;1. Mose;1Mo;10;11;1Mo 10,11;Die Nachkommen von Ham;Von diesem Land zog er nach Assur. Dort baute er Ninive, Rehobot-Ir und Kelach;Out of that land he went into Assyria, and built Nineveh, Rehoboth Ir, Calah,
1;1. Mose;1Mo;10;12;1Mo 10,12;Die Nachkommen von Ham;und Resen zwischen Ninive und Kelach. Das ist die große Stadt.;and Resen between Nineveh and the great city Calah.
1;1. Mose;1Mo;10;13;1Mo 10,13;Die Nachkommen von Ham;Mizrajim wurde der Vater der Luditer, Anamiter, Lehabiter, Naftuhiter,;Mizraim became the father of Ludim, Anamim, Lehabim, Naphtuhim,
1;1. Mose;1Mo;10;14;1Mo 10,14;Die Nachkommen von Ham;Patrusiter und Kasluhiter – von ihnen stammen die Philister ab – und der Kaftoriter.;Pathrusim, Casluhim (which the Philistines descended from), and Caphtorim.
1;1. Mose;1Mo;10;15;1Mo 10,15;Die Nachkommen von Ham;Kanaan wurde der Vater von Sidon, seinem ersten Sohn, und von Het,;Canaan became the father of Sidon (his firstborn), Heth,
1;1. Mose;1Mo;10;16;1Mo 10,16;Die Nachkommen von Ham;dazu der Jebusiter, der Amoriter und der Girgaschiter,;the Jebusites, the Amorites, the Girgashites,
1;1. Mose;1Mo;10;17;1Mo 10,17;Die Nachkommen von Ham;der Hiwiter, der Arkiter und der Siniter,;the Hivites, the Arkites, the Sinites,
1;1. Mose;1Mo;10;18;1Mo 10,18;Die Nachkommen von Ham;der Arwaditer, der Zemariter und der Hamatiter. Danach breiteten sich die Familien der Kanaaniter aus.;the Arvadites, the Zemarites, and the Hamathites. Afterward the families of the Canaanites were spread abroad.
1;1. Mose;1Mo;10;19;1Mo 10,19;Die Nachkommen von Ham;Das Gebiet der Kanaaniter reichte von Sidon in Richtung Gerar bis nach Gaza, und in Richtung Sodom, Gomorra, Adma und Zebojim bis nach Lescha.;The border of the Canaanites was from Sidon—as you go toward Gerar—to Gaza—as you go toward Sodom, Gomorrah, Admah, and Zeboiim—to Lasha.
1;1. Mose;1Mo;10;20;1Mo 10,20;Die Nachkommen von Ham;Das sind die Söhne von Ham nach ihren Familien und Sprachen, in ihren Ländern und Völkern.;These are the sons of Ham, after their families, according to their languages, in their lands and their nations.
1;1. Mose;1Mo;10;21;1Mo 10,21;Die Nachkommen von Sem;Auch Sem wurden Kinder geboren. Er war der ältere Bruder von Jafet und der Stammvater aller Nachkommen von Eber.;Children were also born to Shem (the elder brother of Japheth), the father of all the children of Eber.
1;1. Mose;1Mo;10;22;1Mo 10,22;Die Nachkommen von Sem;Die Söhne von Sem waren: Elam, Assur, Arpachschad, Lud und Aram.;The sons of Shem were: Elam, Asshur, Arpachshad, Lud, and Aram.
1;1. Mose;1Mo;10;23;1Mo 10,23;Die Nachkommen von Sem;Die Söhne von Aram waren: Uz, Hul, Geter und Masch.;The sons of Aram were: Uz, Hul, Gether, and Mash.
1;1. Mose;1Mo;10;24;1Mo 10,24;Die Nachkommen von Sem;Arpachschad wurde der Vater von Schelach. Und Schelach wurde der Vater von Eber.;Arpachshad became the father of Shelah. Shelah became the father of Eber.
1;1. Mose;1Mo;10;25;1Mo 10,25;Die Nachkommen von Sem;Eber wurden zwei Söhne geboren. Der eine hieß Peleg, das bedeutet „Teilung“. Denn zu seiner Zeit wurde die Erde geteilt. Sein Bruder hieß Joktan.;To Eber were born two sons. The name of the one was Peleg, for in his days the earth was divided. His brother’s name was Joktan.
1;1. Mose;1Mo;10;26;1Mo 10,26;Die Nachkommen von Sem;Joktan wurde der Vater von Almodad, Schelef, Hazarmawet, Jerach,;Joktan became the father of Almodad, Sheleph, Hazarmaveth, Jerah,
1;1. Mose;1Mo;10;27;1Mo 10,27;Die Nachkommen von Sem;Hadoram, Usal, Dikla,;Hadoram, Uzal, Diklah,
1;1. Mose;1Mo;10;28;1Mo 10,28;Die Nachkommen von Sem;Obal, Abimaël, Saba,;Obal, Abimael, Sheba,
1;1. Mose;1Mo;10;29;1Mo 10,29;Die Nachkommen von Sem;Ofir, Hawila und Jobab. Das alles sind Söhne von Joktan.;Ophir, Havilah, and Jobab. All these were the sons of Joktan.
1;1. Mose;1Mo;10;30;1Mo 10,30;Die Nachkommen von Sem;Ihr Wohngebiet reichte von Mescha in Richtung Sefar, bis zum Gebirge im Osten.;Their dwelling extended from Mesha, as you go toward Sephar, the mountain of the east.
1;1. Mose;1Mo;10;31;1Mo 10,31;Die Nachkommen von Sem;Das sind die Söhne von Sem nach ihren Familien und Sprachen, in ihren Ländern und Völkern.;These are the sons of Shem, by their families, according to their languages, lands, and nations.
1;1. Mose;1Mo;10;32;1Mo 10,32;Alle Völker;Das sind die Familien der Söhne Noahs nach ihrer Abstammung, in ihren Völkern. Von ihnen haben sich nach der Flut die Völker auf der Erde verteilt.;These are the families of the sons of Noah, by their generations, according to their nations. The nations divided from these on the earth after the flood.
1;1. Mose;1Mo;11;1;1Mo 11,1;Eine Stadt und ein Turm;Die ganze Erde hatte eine einzige Sprache und dieselben Worte.;The whole earth was of one language and of one speech.
1;1. Mose;1Mo;11;2;1Mo 11,2;Eine Stadt und ein Turm;Als die Menschen nach Osten zogen, fanden sie eine Ebene im Land Schinar. Dort ließen sie sich nieder.;As they traveled east, they found a plain in the land of Shinar, and they lived there.
1;1. Mose;1Mo;11;3;1Mo 11,3;Eine Stadt und ein Turm;Sie sagten zueinander: „Kommt, wir machen Ziegel und brennen sie im Feuer!“ So nahmen sie Ziegel als Steine und Erdpech als Mörtel.;They said to one another, “Come, let’s make bricks, and burn them thoroughly.” They had brick for stone, and they used tar for mortar.
1;1. Mose;1Mo;11;4;1Mo 11,4;Eine Stadt und ein Turm;Dann sagten sie: „Kommt, wir bauen uns eine Stadt und einen Turm. Seine Spitze soll bis an den Himmel reichen. So machen wir uns einen Namen. Dann werden wir nicht über die ganze Erde zerstreut.“;They said, “Come, let’s build ourselves a city, and a tower whose top reaches to the sky, and let’s make a name for ourselves, lest we be scattered abroad on the surface of the whole earth.”
1;1. Mose;1Mo;11;5;1Mo 11,5;Gott verwirrt die Sprache;Da stieg der HERR herab. Er wollte sich die Stadt und den Turm ansehen, die die Menschenkinder bauten.;Yahweh came down to see the city and the tower, which the children of men built.
1;1. Mose;1Mo;11;6;1Mo 11,6;Gott verwirrt die Sprache;Der HERR sagte: „Schaut: Sie sind ein Volk und haben alle eine Sprache. Und das ist erst der Anfang von dem, was sie tun. Jetzt wird ihnen nichts mehr unmöglich sein, was sie sich vornehmen.;Yahweh said, “Behold, they are one people, and they all have one language, and this is what they begin to do. Now nothing will be withheld from them, which they intend to do.
1;1. Mose;1Mo;11;7;1Mo 11,7;Gott verwirrt die Sprache;Kommt, wir steigen hinab und verwirren dort ihre Sprache, so dass keiner mehr die Sprache des anderen versteht.“;Come, let’s go down, and there confuse their language, that they may not understand one another’s speech.”
1;1. Mose;1Mo;11;8;1Mo 11,8;Gott verwirrt die Sprache;So zerstreute der HERR sie von dort über die ganze Erde. Und sie hörten auf, die Stadt zu bauen.;So Yahweh scattered them abroad from there on the surface of all the earth. They stopped building the city.
1;1. Mose;1Mo;11;9;1Mo 11,9;Gott verwirrt die Sprache;Darum nennt man die Stadt Babel. Denn dort hat der HERR die Sprache der ganzen Erde verwirrt. Und von dort hat der HERR die Menschen über die ganze Erde zerstreut.;Therefore its name was called Babel, because there Yahweh confused the language of all the earth. From there, Yahweh scattered them abroad on the surface of all the earth.
1;1. Mose;1Mo;11;10;1Mo 11,10;Von Sem bis Terach;Das ist die Familiengeschichte von Sem. Sem war 100 Jahre alt, als er Arpachschad bekam. Das war zwei Jahre nach der Flut.;This is the history of the generations of Shem: Shem was one hundred years old when he became the father of Arpachshad two years after the flood.
1;1. Mose;1Mo;11;11;1Mo 11,11;Von Sem bis Terach;Nachdem Arpachschad geboren war, lebte Sem noch 500 Jahre. Er bekam noch weitere Söhne und Töchter.;Shem lived five hundred years after he became the father of Arpachshad, and became the father of more sons and daughters.
1;1. Mose;1Mo;11;12;1Mo 11,12;Von Sem bis Terach;Arpachschad war 35 Jahre alt, als er Schelach bekam.;Arpachshad lived thirty-five years and became the father of Shelah.
1;1. Mose;1Mo;11;13;1Mo 11,13;Von Sem bis Terach;Nachdem Schelach geboren war, lebte Arpachschad noch 403 Jahre. Er bekam noch weitere Söhne und Töchter.;Arpachshad lived four hundred three years after he became the father of Shelah, and became the father of more sons and daughters.
1;1. Mose;1Mo;11;14;1Mo 11,14;Von Sem bis Terach;Schelach war 30 Jahre alt, als er Eber bekam.;Shelah lived thirty years, and became the father of Eber.
1;1. Mose;1Mo;11;15;1Mo 11,15;Von Sem bis Terach;Nachdem Eber geboren war, lebte Schelach noch 403 Jahre. Er bekam noch weitere Söhne und Töchter.;Shelah lived four hundred three years after he became the father of Eber, and became the father of more sons and daughters.
1;1. Mose;1Mo;11;16;1Mo 11,16;Von Sem bis Terach;Eber war 34 Jahre alt, als er Peleg bekam.;Eber lived thirty-four years, and became the father of Peleg.
1;1. Mose;1Mo;11;17;1Mo 11,17;Von Sem bis Terach;Nachdem Peleg geboren war, lebte Eber noch 430 Jahre. Er bekam noch weitere Söhne und Töchter.;Eber lived four hundred thirty years after he became the father of Peleg, and became the father of more sons and daughters.
1;1. Mose;1Mo;11;18;1Mo 11,18;Von Sem bis Terach;Peleg war 30 Jahre alt, als er Regu bekam.;Peleg lived thirty years, and became the father of Reu.
1;1. Mose;1Mo;11;19;1Mo 11,19;Von Sem bis Terach;Nachdem Regu geboren war, lebte Peleg noch 209 Jahre. Er bekam noch weitere Söhne und Töchter.;Peleg lived two hundred nine years after he became the father of Reu, and became the father of more sons and daughters.
1;1. Mose;1Mo;11;20;1Mo 11,20;Von Sem bis Terach;Regu war 32 Jahre alt, als er Serug bekam.;Reu lived thirty-two years, and became the father of Serug.
1;1. Mose;1Mo;11;21;1Mo 11,21;Von Sem bis Terach;Nachdem Serug geboren war, lebte Regu noch 207 Jahre. Er bekam noch weitere Söhne und Töchter.;Reu lived two hundred seven years after he became the father of Serug, and became the father of more sons and daughters.
1;1. Mose;1Mo;11;22;1Mo 11,22;Von Sem bis Terach;Serug war 30 Jahre alt, als er Nahor bekam.;Serug lived thirty years, and became the father of Nahor.
1;1. Mose;1Mo;11;23;1Mo 11,23;Von Sem bis Terach;Nachdem Nahor geboren war, lebte Serug noch 200 Jahre. Er bekam noch weitere Söhne und Töchter.;Serug lived two hundred years after he became the father of Nahor, and became the father of more sons and daughters.
1;1. Mose;1Mo;11;24;1Mo 11,24;Von Sem bis Terach;Nahor war 29 Jahre alt, als er Terach bekam.;Nahor lived twenty-nine years, and became the father of Terah.
1;1. Mose;1Mo;11;25;1Mo 11,25;Von Sem bis Terach;Nachdem Terach geboren war, lebte Nahor noch 119 Jahre. Er bekam noch weitere Söhne und Töchter.;Nahor lived one hundred nineteen years after he became the father of Terah, and became the father of more sons and daughters.
1;1. Mose;1Mo;11;26;1Mo 11,26;Von Sem bis Terach;Terach war 70 Jahre alt. Dann bekam er Abram, Nahor und Haran.;Terah lived seventy years, and became the father of Abram, Nahor, and Haran.
1;1. Mose;1Mo;11;27;1Mo 11,27;Die Familie von Terach;Das ist die Familiengeschichte von Terach. Terach wurde der Vater von Abram, Nahor und Haran. Und Haran wurde der Vater von Lot.;Now this is the history of the generations of Terah. Terah became the father of Abram, Nahor, and Haran. Haran became the father of Lot.
1;1. Mose;1Mo;11;28;1Mo 11,28;Die Familie von Terach;Haran starb vor seinem Vater Terach in dem Land, in dem er geboren war: in Ur in Chaldäa.;Haran died in the land of his birth, in Ur of the Chaldees, while his father Terah was still alive.
1;1. Mose;1Mo;11;29;1Mo 11,29;Die Familie von Terach;Abram und Nahor nahmen sich Frauen. Die Frau von Abram hieß Sarai. Die Frau von Nahor hieß Milka. Sie war die Tochter von Haran. Haran war der Vater von Milka und von Jiska.;Abram and Nahor married wives. The name of Abram’s wife was Sarai, and the name of Nahor’s wife was Milcah, the daughter of Haran, who was also the father of Iscah.
1;1. Mose;1Mo;11;30;1Mo 11,30;Die Familie von Terach;Sarai war unfruchtbar. Sie hatte kein Kind.;Sarai was barren. She had no child.
1;1. Mose;1Mo;11;31;1Mo 11,31;Die Familie von Terach;Terach nahm seinen Sohn Abram, seinen Enkel Lot, den Sohn von Haran, und seine Schwiegertochter Sarai, die Frau seines Sohnes Abram. Sie zogen zusammen aus Ur in Chaldäa weg. Sie wollten in das Land Kanaan gehen. Sie kamen bis nach Haran und ließen sich dort nieder.;Terah took Abram his son, Lot the son of Haran, his son’s son, and Sarai his daughter-in-law, his son Abram’s wife. They went from Ur of the Chaldees, to go into the land of Canaan. They came to Haran and lived there.
1;1. Mose;1Mo;11;32;1Mo 11,32;Die Familie von Terach;Terach lebte 205 Jahre. Dann starb Terach in Haran.;The days of Terah were two hundred five years. Terah died in Haran.
1;1. Mose;1Mo;12;1;1Mo 12,1;Gottes Ruf und Gottes Versprechen;Der HERR sprach zu Abram: „Geh weg aus deinem Land, weg von deinen Verwandten und weg aus dem Haus deines Vaters. Geh in das Land, das ich dir zeigen werde.;Now Yahweh said to Abram, “Leave your country, and your relatives, and your father’s house, and go to the land that I will show you.
1;1. Mose;1Mo;12;2;1Mo 12,2;Gottes Ruf und Gottes Versprechen;Ich will dich zu einem großen Volk machen. Ich will dich segnen und deinen Namen groß machen. Und du sollst ein Segen sein.;I will make of you a great nation. I will bless you and make your name great. You will be a blessing.
1;1. Mose;1Mo;12;3;1Mo 12,3;Gottes Ruf und Gottes Versprechen;Ich will segnen, die dich segnen. Und wer dich verachtet, den will ich verfluchen. Durch dich sollen alle Familien der Erde gesegnet werden.“;I will bless those who bless you, and I will curse him who treats you with contempt. All the families of the earth will be blessed through you.”
1;1. Mose;1Mo;12;4;1Mo 12,4;Abram bricht auf;Da ging Abram los, so wie der HERR es ihm gesagt hatte. Und Lot ging mit ihm. Abram war 75 Jahre alt, als er aus Haran wegzog.;So Abram went, as Yahweh had told him. Lot went with him. Abram was seventy-five years old when he departed from Haran.
1;1. Mose;1Mo;12;5;1Mo 12,5;Abram bricht auf;Abram nahm seine Frau Sarai mit und Lot, den Sohn seines Bruders, und alles, was sie besaßen, und die Menschen, die in Haran zu ihnen gehörten. Sie zogen los, um in das Land Kanaan zu gehen. Und sie kamen in das Land Kanaan.;Abram took Sarai his wife, Lot his brother’s son, all their possessions that they had gathered, and the people whom they had acquired in Haran, and they went to go into the land of Canaan. They entered into the land of Canaan.
1;1. Mose;1Mo;12;6;1Mo 12,6;Abram bricht auf;Abram zog durch das Land bis zu dem Ort Sichem, bis zur Eiche von More. Damals wohnten die Kanaaniter im Land.;Abram passed through the land to the place of Shechem, to the oak of Moreh. At that time, Canaanites were in the land.
1;1. Mose;1Mo;12;7;1Mo 12,7;Abram bricht auf;Da erschien der HERR dem Abram. Er sagte: „Deinen Nachkommen will ich dieses Land geben.“ Abram baute dort einen Altar für den HERRN, der ihm erschienen war.;Yahweh appeared to Abram and said, “I will give this land to your offspring.” He built an altar there to Yahweh, who had appeared to him.
1;1. Mose;1Mo;12;8;1Mo 12,8;Abram bricht auf;Von dort zog er weiter auf das Bergland östlich von Bet-El. Er schlug sein Zelt so auf, dass Bet-El im Westen lag und Ai im Osten. Dort baute er dem HERRN einen Altar und rief den Namen des HERRN an.;He left from there to go to the mountain on the east of Bethel and pitched his tent, having Bethel on the west, and Ai on the east. There he built an altar to Yahweh and called on Yahweh’s name.
1;1. Mose;1Mo;12;9;1Mo 12,9;Abram bricht auf;Dann zog Abram weiter, von Lagerplatz zu Lagerplatz, immer weiter in den Süden.;Abram traveled, still going on toward the South.
1;1. Mose;1Mo;12;10;1Mo 12,10;Abram in Ägypten;Es kam eine Hungersnot über das Land. Da zog Abram hinab nach Ägypten. Er wollte dort als Fremder leben. Denn die Hungersnot im Land war schwer.;There was a famine in the land. Abram went down into Egypt to live as a foreigner there, for the famine was severe in the land.
1;1. Mose;1Mo;12;11;1Mo 12,11;Abram in Ägypten;Als er nahe an Ägypten herankam, sagte er zu seiner Frau Sarai: „Hör zu: Ich weiß, dass du eine schöne Frau bist.;When he had come near to enter Egypt, he said to Sarai his wife, “See now, I know that you are a beautiful woman to look at.
1;1. Mose;1Mo;12;12;1Mo 12,12;Abram in Ägypten;Wenn die Ägypter dich sehen, werden sie sagen: ‚Das ist seine Frau.‘ Dann werden sie mich umbringen. Dich aber werden sie am Leben lassen.;It will happen that when the Egyptians see you, they will say, ‘This is his wife.’ They will kill me, but they will save you alive.
1;1. Mose;1Mo;12;13;1Mo 12,13;Abram in Ägypten;Sag doch bitte, du bist meine Schwester. Dann geht es mir gut deinetwegen. Und ich bleibe durch dich am Leben.“;Please say that you are my sister, that it may be well with me for your sake, and that my soul may live because of you.”
1;1. Mose;1Mo;12;14;1Mo 12,14;Abram in Ägypten;Als Abram nach Ägypten kam, sahen die Ägypter, dass die Frau sehr schön war.;When Abram had come into Egypt, some Egyptians saw that the woman was very beautiful.
1;1. Mose;1Mo;12;15;1Mo 12,15;Abram in Ägypten;Auch die hohen Beamten des Pharao sahen sie. Der Pharao ist der König von Ägypten. Sie lobten sie vor dem Pharao. Da wurde die Frau in das Haus des Pharao geholt.;"The princes of Pharaoh saw her, and praised her to Pharaoh; and the woman was taken into Pharaoh’s house."
1;1. Mose;1Mo;12;16;1Mo 12,16;Abram in Ägypten;Dem Abram tat der Pharao Gutes, ihretwegen. Abram bekam Schafe und Rinder, Esel, Knechte und Mägde, Eselinnen und Kamele.;He dealt well with Abram for her sake. He had sheep, cattle, male donkeys, male servants, female servants, female donkeys, and camels.
1;1. Mose;1Mo;12;17;1Mo 12,17;Abram in Ägypten;Aber der HERR schlug den Pharao und sein ganzes Haus mit schweren Plagen, wegen Sarai, der Frau von Abram.;Yahweh afflicted Pharaoh and his house with great plagues because of Sarai, Abram’s wife.
1;1. Mose;1Mo;12;18;1Mo 12,18;Abram in Ägypten;Da rief der Pharao Abram zu sich. Er sagte: „Was hast du mir da angetan? Warum hast du mir nicht gesagt, dass sie deine Frau ist?;Pharaoh called Abram and said, “What is this that you have done to me? Why didn’t you tell me that she was your wife?
1;1. Mose;1Mo;12;19;1Mo 12,19;Abram in Ägypten;Warum hast du gesagt: ‚Sie ist meine Schwester‘? So habe ich sie mir zur Frau genommen. Und jetzt: Hier ist deine Frau. Nimm sie und geh!“;Why did you say, ‘She is my sister,’ so that I took her to be my wife? Now therefore, see your wife, take her, and go your way.”
1;1. Mose;1Mo;12;20;1Mo 12,20;Abram in Ägypten;Der Pharao gab seinen Männern Befehl wegen Abram. Sie brachten ihn aus dem Land, ihn und seine Frau und alles, was er hatte.;Pharaoh commanded men concerning him, and they escorted him away with his wife and all that he had.
1;1. Mose;1Mo;13;1;1Mo 13,1;Zurück an den Anfang;Abram zog aus Ägypten hinauf in den Süden von Kanaan, er und seine Frau und alles, was er hatte. Und Lot war bei ihm.;Abram went up out of Egypt—he, his wife, all that he had, and Lot with him—into the South.
1;1. Mose;1Mo;13;2;1Mo 13,2;Zurück an den Anfang;Abram war sehr reich an Vieh, an Silber und an Gold.;Abram was very rich in livestock, in silver, and in gold.
1;1. Mose;1Mo;13;3;1Mo 13,3;Zurück an den Anfang;Er zog von Lagerplatz zu Lagerplatz, vom Süden bis nach Bet-El, bis an den Ort, wo am Anfang sein Zelt gestanden hatte, zwischen Bet-El und Ai.;He went on his journeys from the South as far as Bethel, to the place where his tent had been at the beginning, between Bethel and Ai,
1;1. Mose;1Mo;13;4;1Mo 13,4;Zurück an den Anfang;Das war der Ort, wo er früher den Altar gebaut hatte. Dort rief Abram den Namen des HERRN an.;to the place of the altar, which he had made there at the first. There Abram called on Yahweh’s name.
1;1. Mose;1Mo;13;5;1Mo 13,5;Streit unter den Hirten;Auch Lot, der mit Abram zog, hatte Schafe und Rinder und Zelte.;Lot also, who went with Abram, had flocks, herds, and tents.
1;1. Mose;1Mo;13;6;1Mo 13,6;Streit unter den Hirten;Das Land reichte nicht aus, damit beide zusammen wohnen konnten. Denn sie besaßen so viel, dass sie nicht mehr beieinander bleiben konnten.;"The land was not able to bear them, that they might live together; for their possessions were so great that they couldn’t live together."
1;1. Mose;1Mo;13;7;1Mo 13,7;Streit unter den Hirten;Es gab Streit zwischen den Hirten von Abrams Vieh und den Hirten von Lots Vieh. Damals wohnten auch die Kanaaniter und die Perisiter im Land.;There was strife between the herdsmen of Abram’s livestock and the herdsmen of Lot’s livestock. The Canaanites and the Perizzites lived in the land at that time.
1;1. Mose;1Mo;13;8;1Mo 13,8;Streit unter den Hirten;Da sagte Abram zu Lot: „Es soll doch kein Streit sein zwischen mir und dir und zwischen meinen Hirten und deinen Hirten. Wir sind doch Brüder!;"Abram said to Lot, “Please, let there be no strife between you and me, and between your herdsmen and my herdsmen; for we are relatives."
1;1. Mose;1Mo;13;9;1Mo 13,9;Streit unter den Hirten;Liegt nicht das ganze Land vor dir? Trenn dich doch von mir. Wenn du nach links gehst, gehe ich nach rechts. Und wenn du nach rechts gehst, gehe ich nach links.“;Isn’t the whole land before you? Please separate yourself from me. If you go to the left hand, then I will go to the right. Or if you go to the right hand, then I will go to the left.”
1;1. Mose;1Mo;13;10;1Mo 13,10;Lot wählt mit den Augen;Lot hob seine Augen und sah die ganze Ebene am Jordan. Sie war überall gut bewässert, wie der Garten des HERRN, wie das Land Ägypten, bis hin nach Zoar. Das war, bevor der HERR Sodom und Gomorra zerstörte.;Lot lifted up his eyes, and saw all the plain of the Jordan, that it was well-watered everywhere, before Yahweh destroyed Sodom and Gomorrah, like the garden of Yahweh, like the land of Egypt, as you go to Zoar.
1;1. Mose;1Mo;13;11;1Mo 13,11;Lot wählt mit den Augen;Da wählte Lot für sich die ganze Ebene am Jordan. Lot zog nach Osten. So trennten sie sich voneinander.;So Lot chose the Plain of the Jordan for himself. Lot traveled east, and they separated themselves from one another.
1;1. Mose;1Mo;13;12;1Mo 13,12;Lot wählt mit den Augen;Abram wohnte im Land Kanaan. Lot wohnte in den Städten der Ebene. Er zog mit seinen Zelten bis nach Sodom.;Abram lived in the land of Canaan, and Lot lived in the cities of the plain, and moved his tent as far as Sodom.
1;1. Mose;1Mo;13;13;1Mo 13,13;Lot wählt mit den Augen;Aber die Leute von Sodom waren sehr böse. Sie sündigten schwer gegen den HERRN.;Now the men of Sodom were exceedingly wicked and sinners against Yahweh.
1;1. Mose;1Mo;13;14;1Mo 13,14;Gott erneuert sein Versprechen;Nachdem Lot sich von Abram getrennt hatte, sagte der HERR zu Abram: „Heb deine Augen auf und schau von dem Ort aus, wo du stehst, nach Norden und nach Süden, nach Osten und nach Westen.;Yahweh said to Abram, after Lot was separated from him, “Now, lift up your eyes, and look from the place where you are, northward and southward and eastward and westward,
1;1. Mose;1Mo;13;15;1Mo 13,15;Gott erneuert sein Versprechen;Denn das ganze Land, das du siehst, will ich dir und deinen Nachkommen geben, für immer.;for I will give all the land which you see to you and to your offspring forever.
1;1. Mose;1Mo;13;16;1Mo 13,16;Gott erneuert sein Versprechen;Ich will deine Nachkommen so zahlreich machen wie den Staub der Erde. Wenn jemand den Staub der Erde zählen kann, dann kann man auch deine Nachkommen zählen.;I will make your offspring as the dust of the earth, so that if a man can count the dust of the earth, then your offspring may also be counted.
1;1. Mose;1Mo;13;17;1Mo 13,17;Gott erneuert sein Versprechen;Steh auf und zieh durch das Land, in seiner Länge und in seiner Breite. Denn dir will ich es geben.“;"Arise, walk through the land in its length and in its width; for I will give it to you.”"
1;1. Mose;1Mo;13;18;1Mo 13,18;Gott erneuert sein Versprechen;Da zog Abram mit seinen Zelten weiter. Er kam zu den Eichen von Mamre bei Hebron und wohnte dort. Und er baute dort einen Altar für den HERRN.;Abram moved his tent, and came and lived by the oaks of Mamre, which are in Hebron, and built an altar there to Yahweh.
1;1. Mose;1Mo;14;1;1Mo 14,1;Vier Könige gegen fünf;Es war zu der Zeit von Amrafel, dem König von Schinar, Arjoch, dem König von Ellasar, Kedor-Laomer, dem König von Elam, und Tidal, dem König von Gojim.;"In the days of Amraphel, king of Shinar; Arioch, king of Ellasar; Chedorlaomer, king of Elam; and Tidal, king of Goiim,"
1;1. Mose;1Mo;14;2;1Mo 14,2;Vier Könige gegen fünf;Diese Könige führten Krieg gegen Bera, den König von Sodom, Birscha, den König von Gomorra, Schinab, den König von Adma, Schemeber, den König von Zebojim, und gegen den König von Bela – das ist Zoar.;"they made war with Bera, king of Sodom; Birsha, king of Gomorrah; Shinab, king of Admah; Shemeber, king of Zeboiim; and the king of Bela (also called Zoar)."
1;1. Mose;1Mo;14;3;1Mo 14,3;Vier Könige gegen fünf;Diese fünf taten sich zusammen im Tal Siddim. Das ist heute das Salzmeer.;All these joined together in the valley of Siddim (also called the Salt Sea).
1;1. Mose;1Mo;14;4;1Mo 14,4;Vier Könige gegen fünf;Zwölf Jahre lang hatten sie Kedor-Laomer gedient. Im dreizehnten Jahr lehnten sie sich gegen ihn auf.;They served Chedorlaomer for twelve years, and in the thirteenth year they rebelled.
1;1. Mose;1Mo;14;5;1Mo 14,5;Vier Könige gegen fünf;Im vierzehnten Jahr kamen Kedor-Laomer und die Könige, die mit ihm waren. Sie schlugen die Refaïter in Aschterot-Karnajim, die Susiter in Ham, die Emiter in der Ebene von Kirjatajim;In the fourteenth year Chedorlaomer and the kings who were with him came and struck the Rephaim in Ashteroth Karnaim, the Zuzim in Ham, the Emim in Shaveh Kiriathaim,
1;1. Mose;1Mo;14;6;1Mo 14,6;Vier Könige gegen fünf;und die Horiter in ihrem Gebirge Seïr, bis nach El-Paran, das am Rand der Wüste liegt.;and the Horites in their Mount Seir, to El Paran, which is by the wilderness.
1;1. Mose;1Mo;14;7;1Mo 14,7;Vier Könige gegen fünf;Dann kehrten sie um und kamen nach En-Mischpat – das ist Kadesch. Sie verwüsteten das ganze Gebiet der Amalekiter. Und sie schlugen auch die Amoriter, die in Hazezon-Tamar wohnten.;They returned, and came to En Mishpat (also called Kadesh), and struck all the country of the Amalekites, and also the Amorites, that lived in Hazazon Tamar.
1;1. Mose;1Mo;14;8;1Mo 14,8;Vier Könige gegen fünf;Da zogen der König von Sodom, der König von Gomorra, der König von Adma, der König von Zebojim und der König von Bela – das ist Zoar – in den Kampf. Sie stellten sich im Tal Siddim zur Schlacht auf;"The king of Sodom, and the king of Gomorrah, the king of Admah, the king of Zeboiim, and the king of Bela (also called Zoar) went out; and they set the battle in array against them in the valley of Siddim"
1;1. Mose;1Mo;14;9;1Mo 14,9;Vier Könige gegen fünf;gegen Kedor-Laomer, den König von Elam, Tidal, den König von Gojim, Amrafel, den König von Schinar, und Arjoch, den König von Ellasar. Vier Könige gegen fünf.;"against Chedorlaomer king of Elam, Tidal king of Goiim, Amraphel king of Shinar, and Arioch king of Ellasar; four kings against the five."
1;1. Mose;1Mo;14;10;1Mo 14,10;Vier Könige gegen fünf;Das Tal Siddim war voller Gruben mit Erdpech. Die Könige von Sodom und Gomorra flohen und fielen dort hinein. Die Übrigen flohen ins Gebirge.;"Now the valley of Siddim was full of tar pits; and the kings of Sodom and Gomorrah fled, and some fell there. Those who remained fled to the hills."
1;1. Mose;1Mo;14;11;1Mo 14,11;Vier Könige gegen fünf;Die Sieger nahmen den ganzen Besitz von Sodom und Gomorra mit und alle ihre Vorräte an Essen. Dann zogen sie ab.;They took all the goods of Sodom and Gomorrah, and all their food, and went their way.
1;1. Mose;1Mo;14;12;1Mo 14,12;Vier Könige gegen fünf;Sie nahmen auch Lot mit, den Sohn von Abrams Bruder, und seinen Besitz. Denn Lot wohnte in Sodom. Dann zogen sie davon.;They took Lot, Abram’s brother’s son, who lived in Sodom, and his goods, and departed.
1;1. Mose;1Mo;14;13;1Mo 14,13;Abram greift ein;Einer, der entkommen war, kam zu Abram, dem Hebräer, und berichtete es ihm. Abram wohnte damals bei den Eichen von Mamre, dem Amoriter. Mamre war der Bruder von Eschkol und von Aner. Sie waren Abrams Verbündete.;One who had escaped came and told Abram, the Hebrew. At that time, he lived by the oaks of Mamre, the Amorite, brother of Eshcol and brother of Aner. They were allies of Abram.
1;1. Mose;1Mo;14;14;1Mo 14,14;Abram greift ein;Als Abram hörte, dass sein Verwandter gefangen war, rief er seine geübten Männer zusammen, die in seinem Haus geboren waren. Es waren 318 Männer. Er jagte den Feinden nach bis nach Dan.;When Abram heard that his relative was taken captive, he led out his three hundred eighteen trained men, born in his house, and pursued as far as Dan.
1;1. Mose;1Mo;14;15;1Mo 14,15;Abram greift ein;In der Nacht teilte er seine Leute auf und überfiel die Feinde, er und seine Knechte. Er schlug sie und verfolgte sie bis nach Hoba, das links von Damaskus liegt.;He divided himself against them by night, he and his servants, and struck them, and pursued them to Hobah, which is on the left hand of Damascus.
1;1. Mose;1Mo;14;16;1Mo 14,16;Abram greift ein;Er holte den ganzen Besitz zurück. Auch seinen Verwandten Lot und dessen Besitz brachte er zurück, dazu die Frauen und die anderen Leute.;He brought back all the goods, and also brought back his relative Lot and his goods, and the women also, and the other people.
1;1. Mose;1Mo;14;17;1Mo 14,17;Melchisedek;Abram kam zurück, nachdem er Kedor-Laomer und die Könige, die bei ihm waren, geschlagen hatte. Da kam ihm der König von Sodom entgegen, in das Tal Schawe. Das ist das Königstal.;The king of Sodom went out to meet him after his return from the slaughter of Chedorlaomer and the kings who were with him, at the valley of Shaveh (that is, the King’s Valley).
1;1. Mose;1Mo;14;18;1Mo 14,18;Melchisedek;Und Melchisedek, der König von Salem, brachte Brot und Wein heraus. Er war ein Priester Gottes, des Höchsten.;Melchizedek king of Salem brought out bread and wine. He was priest of God Most High.
1;1. Mose;1Mo;14;19;1Mo 14,19;Melchisedek;Er segnete Abram und sagte: „Gesegnet sei Abram von Gott, dem Höchsten, dem Schöpfer von Himmel und Erde.;He blessed him, and said, “Blessed be Abram of God Most High, possessor of heaven and earth.
1;1. Mose;1Mo;14;20;1Mo 14,20;Melchisedek;Und gepriesen sei Gott, der Höchste, der deine Feinde in deine Hand gegeben hat.“ Und Abram gab ihm den Zehnten von allem.;Blessed be God Most High, who has delivered your enemies into your hand.” Abram gave him a tenth of all.
1;1. Mose;1Mo;14;21;1Mo 14,21;Abram will nichts von Sodom;Der König von Sodom sagte zu Abram: „Gib mir die Menschen. Den Besitz behalte für dich.“;The king of Sodom said to Abram, “Give me the people, and take the goods for yourself.”
1;1. Mose;1Mo;14;22;1Mo 14,22;Abram will nichts von Sodom;Aber Abram sagte zum König von Sodom: „Ich erhebe meine Hand zum HERRN, zu Gott, dem Höchsten, dem Schöpfer von Himmel und Erde, und schwöre:;Abram said to the king of Sodom, “I have lifted up my hand to Yahweh, God Most High, possessor of heaven and earth,
1;1. Mose;1Mo;14;23;1Mo 14,23;Abram will nichts von Sodom;Keinen Faden und keinen Schuhriemen nehme ich, nichts von allem, was dir gehört. Du sollst nicht sagen können: ‚Ich habe Abram reich gemacht.‘;that I will not take a thread nor a sandal strap nor anything that is yours, lest you should say, ‘I have made Abram rich.’
1;1. Mose;1Mo;14;24;1Mo 14,24;Abram will nichts von Sodom;Ich will nichts für mich. Nur was die jungen Männer gegessen haben. Und den Anteil der Männer, die mit mir gezogen sind: Aner, Eschkol und Mamre. Die sollen ihren Anteil nehmen.“;I will accept nothing from you except that which the young men have eaten, and the portion of the men who went with me: Aner, Eshcol, and Mamre. Let them take their portion.”
1;1. Mose;1Mo;15;1;1Mo 15,1;Schau zu den Sternen;Danach kam das Wort des HERRN zu Abram in einer Vision. Eine Vision ist ein Bild, das Gott einem Menschen zeigt, wie ein Traum im Wachen. Gott sagte: „Hab keine Angst, Abram. Ich bin dein Schutzschild. Dein Lohn wird sehr groß sein.“;After these things Yahweh’s word came to Abram in a vision, saying, “Don’t be afraid, Abram. I am your shield, your exceedingly great reward.”
1;1. Mose;1Mo;15;2;1Mo 15,2;Schau zu den Sternen;Abram sagte: „Mein Herr und Gott, was willst du mir denn geben? Ich habe keine Kinder. Erben wird mein Hab und Gut Eliëser aus Damaskus.“;Abram said, “Lord Yahweh, what will you give me, since I go childless, and he who will inherit my estate is Eliezer of Damascus?”
1;1. Mose;1Mo;15;3;1Mo 15,3;Schau zu den Sternen;Und Abram sagte weiter: „Schau, du hast mir keine Nachkommen gegeben. Darum wird ein Knecht aus meinem Haus mein Erbe sein.“;Abram said, “Behold, you have given no children to me: and, behold, one born in my house is my heir.”
1;1. Mose;1Mo;15;4;1Mo 15,4;Schau zu den Sternen;Aber schau, da kam das Wort des HERRN zu ihm: „Nicht dieser wird dein Erbe sein. Sondern einer, der von dir selbst abstammt, der wird dein Erbe sein.“;Behold, Yahweh’s word came to him, saying, “This man will not be your heir, but he who will come out of your own body will be your heir.”
1;1. Mose;1Mo;15;5;1Mo 15,5;Schau zu den Sternen;Der HERR führte Abram nach draußen und sagte: „Schau zum Himmel hinauf und zähl die Sterne, wenn du sie zählen kannst.“ Und er sagte zu ihm: „So zahlreich werden deine Nachkommen sein.“;Yahweh brought him outside, and said, “Look now toward the sky, and count the stars, if you are able to count them.” He said to Abram, “So your offspring will be.”
1;1. Mose;1Mo;15;6;1Mo 15,6;Schau zu den Sternen;Abram glaubte dem HERRN. Und der HERR rechnete es ihm als Gerechtigkeit an.;He believed in Yahweh, who credited it to him for righteousness.
1;1. Mose;1Mo;15;7;1Mo 15,7;Ein seltsames Zeichen;Gott sagte zu Abram: „Ich bin der HERR. Ich habe dich aus Ur in Chaldäa herausgeführt, um dir dieses Land zum Besitz zu geben.“;He said to Abram, “I am Yahweh who brought you out of Ur of the Chaldees, to give you this land to inherit it.”
1;1. Mose;1Mo;15;8;1Mo 15,8;Ein seltsames Zeichen;Abram fragte: „Mein Herr und Gott, woran soll ich erkennen, dass ich es besitzen werde?“;He said, “Lord Yahweh, how will I know that I will inherit it?”
1;1. Mose;1Mo;15;9;1Mo 15,9;Ein seltsames Zeichen;Der HERR sagte zu ihm: „Bring mir eine dreijährige junge Kuh, eine dreijährige Ziege, einen dreijährigen Schafbock, eine Turteltaube und eine junge Taube.“;He said to him, “Bring me a heifer three years old, a female goat three years old, a ram three years old, a turtledove, and a young pigeon.”
1;1. Mose;1Mo;15;10;1Mo 15,10;Ein seltsames Zeichen;Abram brachte ihm alle diese Tiere. Er schnitt sie in der Mitte durch. Und er legte die Hälften einander gegenüber. Die Vögel aber schnitt er nicht durch.;"He brought him all these, and divided them in the middle, and laid each half opposite the other; but he didn’t divide the birds."
1;1. Mose;1Mo;15;11;1Mo 15,11;Ein seltsames Zeichen;Da stießen Raubvögel auf die toten Tiere herab. Aber Abram verscheuchte sie.;The birds of prey came down on the carcasses, and Abram drove them away.
1;1. Mose;1Mo;15;12;1Mo 15,12;Gott sagt die Zukunft voraus;Als die Sonne unterging, fiel Abram in einen tiefen Schlaf. Und schau: Ein Schrecken und eine große Dunkelheit kamen über ihn.;When the sun was going down, a deep sleep fell on Abram. Now terror and great darkness fell on him.
1;1. Mose;1Mo;15;13;1Mo 15,13;Gott sagt die Zukunft voraus;Da sagte Gott zu Abram: „Du sollst wissen: Deine Nachkommen werden als Fremde in einem Land leben, das ihnen nicht gehört. Dort wird man sie zu Sklaven machen und sie quälen, 400 Jahre lang.;He said to Abram, “Know for sure that your offspring will live as foreigners in a land that is not theirs, and will serve them. They will afflict them four hundred years.
1;1. Mose;1Mo;15;14;1Mo 15,14;Gott sagt die Zukunft voraus;Aber auch über das Volk, dem sie dienen müssen, werde ich Gericht halten. Danach werden sie mit großem Besitz von dort wegziehen.;"I will also judge that nation, whom they will serve. Afterward they will come out with great wealth;"
1;1. Mose;1Mo;15;15;1Mo 15,15;Gott sagt die Zukunft voraus;Du aber wirst in Frieden zu deinen Vorfahren gehen. Du wirst in hohem Alter begraben werden.;but you will go to your fathers in peace. You will be buried at a good old age.
1;1. Mose;1Mo;15;16;1Mo 15,16;Gott sagt die Zukunft voraus;Erst in der vierten Generation werden deine Nachkommen hierher zurückkommen. Denn die Schuld der Amoriter ist noch nicht voll.“;In the fourth generation they will come here again, for the iniquity of the Amorite is not yet full.”
1;1. Mose;1Mo;15;17;1Mo 15,17;Gott geht allein durch die Tiere;Die Sonne war untergegangen, und es war dunkel. Und schau: Ein rauchender Ofen und eine brennende Fackel fuhren zwischen den Tierhälften hindurch.;It came to pass that, when the sun went down, and it was dark, behold, a smoking furnace and a flaming torch passed between these pieces.
1;1. Mose;1Mo;15;18;1Mo 15,18;Gott geht allein durch die Tiere;An diesem Tag schloss der HERR einen Bund mit Abram. Er sagte: „Deinen Nachkommen gebe ich dieses Land, vom Fluss Ägyptens bis zum großen Fluss, dem Euphrat:;In that day Yahweh made a covenant with Abram, saying, “I have given this land to your offspring, from the river of Egypt to the great river, the river Euphrates:
1;1. Mose;1Mo;15;19;1Mo 15,19;Gott geht allein durch die Tiere;das Land der Keniter, der Kenasiter, der Kadmoniter,;the land of the Kenites, the Kenizzites, the Kadmonites,
1;1. Mose;1Mo;15;20;1Mo 15,20;Gott geht allein durch die Tiere;der Hetiter, der Perisiter, der Refaïter,;the Hittites, the Perizzites, the Rephaim,
1;1. Mose;1Mo;15;21;1Mo 15,21;Gott geht allein durch die Tiere;der Amoriter, der Kanaaniter, der Girgaschiter und der Jebusiter.“;the Amorites, the Canaanites, the Girgashites, and the Jebusites.”
1;1. Mose;1Mo;16;1;1Mo 16,1;Sarais Plan;Sarai, die Frau von Abram, hatte ihm keine Kinder geboren. Sie hatte eine Magd aus Ägypten. Eine Magd ist eine Dienerin. Sie hieß Hagar.;Now Sarai, Abram’s wife, bore him no children. She had a servant, an Egyptian, whose name was Hagar.
1;1. Mose;1Mo;16;2;1Mo 16,2;Sarais Plan;Sarai sagte zu Abram: „Hör zu: Der HERR hat mich daran gehindert, Kinder zu bekommen. Bitte schlaf mit meiner Magd. Vielleicht bekomme ich durch sie ein Kind.“ Und Abram hörte auf Sarai.;Sarai said to Abram, “See now, Yahweh has restrained me from bearing. Please go in to my servant. It may be that I will obtain children by her.” Abram listened to the voice of Sarai.
1;1. Mose;1Mo;16;3;1Mo 16,3;Sarais Plan;So nahm Sarai, die Frau von Abram, ihre ägyptische Magd Hagar und gab sie ihrem Mann Abram zur Frau. Das war, nachdem Abram zehn Jahre im Land Kanaan gewohnt hatte.;Sarai, Abram’s wife, took Hagar the Egyptian, her servant, after Abram had lived ten years in the land of Canaan, and gave her to Abram her husband to be his wife.
1;1. Mose;1Mo;16;4;1Mo 16,4;Sarais Plan;Abram schlief mit Hagar, und sie wurde schwanger. Als Hagar merkte, dass sie schwanger war, verachtete sie ihre Herrin.;He went in to Hagar, and she conceived. When she saw that she had conceived, her mistress was despised in her eyes.
1;1. Mose;1Mo;16;5;1Mo 16,5;Sarais Plan;Da sagte Sarai zu Abram: „Das Unrecht, das mir geschieht, ist deine Schuld! Ich habe dir meine Magd in die Arme gegeben. Und jetzt, wo sie merkt, dass sie schwanger ist, verachtet sie mich. Der HERR soll zwischen mir und dir Richter sein!“;Sarai said to Abram, “This wrong is your fault. I gave my servant into your bosom, and when she saw that she had conceived, she despised me. May Yahweh judge between me and you.”
1;1. Mose;1Mo;16;6;1Mo 16,6;Sarais Plan;Abram sagte zu Sarai: „Schau, deine Magd ist in deiner Hand. Mach mit ihr, was du für richtig hältst.“ Da behandelte Sarai sie hart. Und Hagar floh vor ihr.;But Abram said to Sarai, “Behold, your maid is in your hand. Do to her whatever is good in your eyes.” Sarai dealt harshly with her, and she fled from her face.
1;1. Mose;1Mo;16;7;1Mo 16,7;Der Gott, der mich sieht;Der Engel des HERRN fand Hagar an einer Wasserquelle in der Wüste, an der Quelle am Weg nach Schur.;Yahweh’s angel found her by a fountain of water in the wilderness, by the fountain on the way to Shur.
1;1. Mose;1Mo;16;8;1Mo 16,8;Der Gott, der mich sieht;Er sagte: „Hagar, Magd von Sarai, wo kommst du her? Und wo gehst du hin?“ Sie antwortete: „Ich bin auf der Flucht vor meiner Herrin Sarai.“;He said, “Hagar, Sarai’s servant, where did you come from? Where are you going?” She said, “I am fleeing from the face of my mistress Sarai.”
1;1. Mose;1Mo;16;9;1Mo 16,9;Der Gott, der mich sieht;Der Engel des HERRN sagte zu ihr: „Geh zurück zu deiner Herrin und ordne dich ihr unter.“;Yahweh’s angel said to her, “Return to your mistress, and submit yourself under her hands.”
1;1. Mose;1Mo;16;10;1Mo 16,10;Der Gott, der mich sieht;Und der Engel des HERRN sagte zu ihr: „Ich will deine Nachkommen sehr zahlreich machen. Man wird sie nicht zählen können, so viele werden es sein.“;Yahweh’s angel said to her, “I will greatly multiply your offspring, that they will not be counted for multitude.”
1;1. Mose;1Mo;16;11;1Mo 16,11;Der Gott, der mich sieht;Und der Engel des HERRN sagte zu ihr: „Schau, du bist schwanger. Du wirst einen Sohn bekommen. Du sollst ihn Ismael nennen. Denn der HERR hat dein Elend gehört.;Yahweh’s angel said to her, “Behold, you are with child, and will bear a son. You shall call his name Ishmael, because Yahweh has heard your affliction.
1;1. Mose;1Mo;16;12;1Mo 16,12;Der Gott, der mich sieht;Er wird ein Mensch sein wie ein wilder Esel. Seine Hand wird gegen alle sein, und die Hand von allen gegen ihn. Allen seinen Brüdern wird er trotzen.“;He will be like a wild donkey among men. His hand will be against every man, and every man’s hand against him. He will live opposed to all of his brothers.”
1;1. Mose;1Mo;16;13;1Mo 16,13;Der Gott, der mich sieht;Da gab Hagar dem HERRN, der mit ihr gesprochen hatte, einen Namen: „Du bist ein Gott, der mich sieht.“ Denn sie sagte: „Habe ich hier wirklich den gesehen, der mich sieht – und lebe noch?“;She called the name of Yahweh who spoke to her, “You are a God who sees,” for she said, “Have I even stayed alive after seeing him?”
1;1. Mose;1Mo;16;14;1Mo 16,14;Der Gott, der mich sieht;Darum nennt man den Brunnen „Beer-Lachai-Roï“. Das heißt: „Brunnen des Lebendigen, der mich sieht“. Er liegt zwischen Kadesch und Bered.;Therefore the well was called Beer Lahai Roi. Behold, it is between Kadesh and Bered.
1;1. Mose;1Mo;16;15;1Mo 16,15;Ismael wird geboren;Hagar bekam einen Sohn von Abram. Abram nannte seinen Sohn, den Hagar geboren hatte, Ismael.;Hagar bore a son for Abram. Abram called the name of his son, whom Hagar bore, Ishmael.
1;1. Mose;1Mo;16;16;1Mo 16,16;Ismael wird geboren;Abram war 86 Jahre alt, als Hagar ihm Ismael gebar.;Abram was eighty-six years old when Hagar bore Ishmael to Abram.
1;1. Mose;1Mo;17;1;1Mo 17,1;Gott, der Allmächtige;Abram war 99 Jahre alt. Da erschien ihm der HERR und sagte zu ihm: „Ich bin Gott, der Allmächtige. Lebe so, dass ich es sehen kann, und sei ohne Tadel.;When Abram was ninety-nine years old, Yahweh appeared to Abram and said to him, “I am God Almighty. Walk before me and be blameless.
1;1. Mose;1Mo;17;2;1Mo 17,2;Gott, der Allmächtige;Ich will meinen Bund mit dir schließen. Und ich will dich über alle Maßen zahlreich machen.“;I will make my covenant between me and you, and will multiply you exceedingly.”
1;1. Mose;1Mo;17;3;1Mo 17,3;Aus Abram wird Abraham;Da warf sich Abram nieder, mit dem Gesicht zur Erde. Und Gott redete mit ihm:;Abram fell on his face. God talked with him, saying,
1;1. Mose;1Mo;17;4;1Mo 17,4;Aus Abram wird Abraham;„Schau, das ist mein Bund mit dir: Du wirst der Vater von vielen Völkern werden.;“As for me, behold, my covenant is with you. You will be the father of a multitude of nations.
1;1. Mose;1Mo;17;5;1Mo 17,5;Aus Abram wird Abraham;Darum sollst du nicht mehr Abram heißen. Dein Name soll Abraham sein. Denn ich mache dich zum Vater von vielen Völkern.;"Your name will no more be called Abram, but your name will be Abraham; for I have made you the father of a multitude of nations."
1;1. Mose;1Mo;17;6;1Mo 17,6;Aus Abram wird Abraham;Ich will dich über alle Maßen fruchtbar machen. Ich will Völker aus dir machen. Und Könige werden von dir abstammen.;I will make you exceedingly fruitful, and I will make nations of you. Kings will come out of you.
1;1. Mose;1Mo;17;7;1Mo 17,7;Aus Abram wird Abraham;Ich schließe meinen Bund mit dir und mit deinen Nachkommen nach dir, von Generation zu Generation, als einen ewigen Bund. Ich will dein Gott sein und der Gott deiner Nachkommen nach dir.;I will establish my covenant between me and you and your offspring after you throughout their generations for an everlasting covenant, to be a God to you and to your offspring after you.
1;1. Mose;1Mo;17;8;1Mo 17,8;Aus Abram wird Abraham;Dir und deinen Nachkommen nach dir gebe ich das Land, in dem du jetzt als Fremder lebst: das ganze Land Kanaan, als Besitz für immer. Und ich will ihr Gott sein.“;I will give to you, and to your offspring after you, the land where you are traveling, all the land of Canaan, for an everlasting possession. I will be their God.”
1;1. Mose;1Mo;17;9;1Mo 17,9;Das Zeichen der Beschneidung;Und Gott sagte zu Abraham: „Du aber sollst meinen Bund halten, du und deine Nachkommen nach dir, von Generation zu Generation.;God said to Abraham, “As for you, you shall keep my covenant, you and your offspring after you throughout their generations.
1;1. Mose;1Mo;17;10;1Mo 17,10;Das Zeichen der Beschneidung;Das ist mein Bund zwischen mir und euch und deinen Nachkommen, den ihr halten sollt: Alle Männer und Jungen bei euch sollen beschnitten werden.;This is my covenant, which you shall keep, between me and you and your offspring after you. Every male among you shall be circumcised.
1;1. Mose;1Mo;17;11;1Mo 17,11;Das Zeichen der Beschneidung;Ihr sollt an der Vorhaut eures Penis beschnitten werden. Das soll das Zeichen sein für den Bund zwischen mir und euch.;You shall be circumcised in the flesh of your foreskin. It will be a token of the covenant between me and you.
1;1. Mose;1Mo;17;12;1Mo 17,12;Das Zeichen der Beschneidung;Jeder Junge bei euch soll beschnitten werden, wenn er acht Tage alt ist, von Generation zu Generation. Das gilt für die Jungen, die in deinem Haus geboren sind, und für die, die du mit Geld von Fremden gekauft hast und die nicht zu deinen Nachkommen gehören.;He who is eight days old shall be circumcised among you, every male throughout your generations, he who is born in the house, or bought with money from any foreigner who is not of your offspring.
1;1. Mose;1Mo;17;13;1Mo 17,13;Das Zeichen der Beschneidung;Wer in deinem Haus geboren ist und wer mit deinem Geld gekauft ist, der muss beschnitten werden. So soll mein Bund an eurem Körper sein, als ein ewiger Bund.;He who is born in your house, and he who is bought with your money, must be circumcised. My covenant shall be in your flesh for an everlasting covenant.
1;1. Mose;1Mo;17;14;1Mo 17,14;Das Zeichen der Beschneidung;Ein Mann, der nicht beschnitten ist, der nicht an der Vorhaut seines Penis beschnitten wurde, der soll aus seinem Volk ausgeschlossen werden. Denn er hat meinen Bund gebrochen.“;The uncircumcised male who is not circumcised in the flesh of his foreskin, that soul shall be cut off from his people. He has broken my covenant.”
1;1. Mose;1Mo;17;15;1Mo 17,15;Aus Sarai wird Sara;Gott sagte zu Abraham: „Deine Frau Sarai sollst du nicht mehr Sarai nennen. Ihr Name soll Sara sein.;God said to Abraham, “As for Sarai your wife, you shall not call her name Sarai, but her name shall be Sarah.
1;1. Mose;1Mo;17;16;1Mo 17,16;Aus Sarai wird Sara;Ich will sie segnen. Und ich will dir auch von ihr einen Sohn geben. Ja, ich will sie segnen. Sie soll die Mutter von Völkern werden. Könige von Völkern sollen von ihr abstammen.“;I will bless her, and moreover I will give you a son by her. Yes, I will bless her, and she will be a mother of nations. Kings of peoples will come from her.”
1;1. Mose;1Mo;17;17;1Mo 17,17;Aus Sarai wird Sara;Da warf sich Abraham nieder, mit dem Gesicht zur Erde, und lachte. Er dachte in seinem Herzen: „Soll einem Hundertjährigen noch ein Kind geboren werden? Und soll Sara mit neunzig Jahren noch ein Kind bekommen?“;Then Abraham fell on his face, and laughed, and said in his heart, “Will a child be born to him who is one hundred years old? Will Sarah, who is ninety years old, give birth?”
1;1. Mose;1Mo;17;18;1Mo 17,18;Aus Sarai wird Sara;Und Abraham sagte zu Gott: „Ach, wenn doch Ismael vor dir am Leben bleiben dürfte!“;Abraham said to God, “Oh that Ishmael might live before you!”
1;1. Mose;1Mo;17;19;1Mo 17,19;Aus Sarai wird Sara;Gott sagte: „Nein, sondern deine Frau Sara wird dir einen Sohn gebären. Du sollst ihn Isaak nennen. Mit ihm will ich meinen Bund schließen, als einen ewigen Bund für seine Nachkommen nach ihm.;God said, “No, but Sarah, your wife, will bear you a son. You shall call his name Isaac. I will establish my covenant with him for an everlasting covenant for his offspring after him.
1;1. Mose;1Mo;17;20;1Mo 17,20;Aus Sarai wird Sara;Und wegen Ismael habe ich dich auch gehört. Schau: Ich habe ihn gesegnet. Ich will ihn fruchtbar machen und über alle Maßen zahlreich. Zwölf Fürsten werden von ihm abstammen. Und ich will ihn zu einem großen Volk machen.;As for Ishmael, I have heard you. Behold, I have blessed him, and will make him fruitful, and will multiply him exceedingly. He will become the father of twelve princes, and I will make him a great nation.
1;1. Mose;1Mo;17;21;1Mo 17,21;Aus Sarai wird Sara;Aber meinen Bund schließe ich mit Isaak. Sara wird ihn dir genau um diese Zeit im nächsten Jahr gebären.“;But I will establish my covenant with Isaac, whom Sarah will bear to you at this set time next year.”
1;1. Mose;1Mo;17;22;1Mo 17,22;Aus Sarai wird Sara;Als Gott fertig war, mit Abraham zu reden, fuhr er auf und ging von ihm weg.;When he finished talking with him, God went up from Abraham.
1;1. Mose;1Mo;17;23;1Mo 17,23;Abraham gehorcht sofort;Abraham nahm seinen Sohn Ismael und alle, die in seinem Haus geboren waren, und alle, die er mit seinem Geld gekauft hatte – alle Männer und Jungen in Abrahams Haus. Und er beschnitt sie an der Vorhaut, noch am selben Tag, so wie Gott es ihm gesagt hatte.;Abraham took Ishmael his son, all who were born in his house, and all who were bought with his money: every male among the men of Abraham’s house, and circumcised the flesh of their foreskin in the same day, as God had said to him.
1;1. Mose;1Mo;17;24;1Mo 17,24;Abraham gehorcht sofort;Abraham war 99 Jahre alt, als er an der Vorhaut beschnitten wurde.;Abraham was ninety-nine years old when he was circumcised in the flesh of his foreskin.
1;1. Mose;1Mo;17;25;1Mo 17,25;Abraham gehorcht sofort;Sein Sohn Ismael war 13 Jahre alt, als er an der Vorhaut beschnitten wurde.;Ishmael, his son, was thirteen years old when he was circumcised in the flesh of his foreskin.
1;1. Mose;1Mo;17;26;1Mo 17,26;Abraham gehorcht sofort;Am selben Tag wurden Abraham und sein Sohn Ismael beschnitten.;In the same day both Abraham and Ishmael, his son, were circumcised.
1;1. Mose;1Mo;17;27;1Mo 17,27;Abraham gehorcht sofort;Und alle Männer in seinem Haus, die im Haus geboren waren und die mit Geld von Fremden gekauft waren, wurden mit ihm beschnitten.;All the men of his house, those born in the house, and those bought with money from a foreigner, were circumcised with him.
1;1. Mose;1Mo;18;1;1Mo 18,1;Abraham nimmt Gäste auf;Der HERR erschien Abraham bei den Eichen von Mamre. Abraham saß am Eingang seines Zeltes. Es war die heißeste Zeit des Tages.;Yahweh appeared to him by the oaks of Mamre, as he sat in the tent door in the heat of the day.
1;1. Mose;1Mo;18;2;1Mo 18,2;Abraham nimmt Gäste auf;Abraham schaute auf. Da sah er: Drei Männer standen in seiner Nähe. Als er sie sah, lief er ihnen vom Zelteingang aus entgegen. Er verneigte sich bis zur Erde;He lifted up his eyes and looked, and saw that three men stood near him. When he saw them, he ran to meet them from the tent door, and bowed himself to the earth,
1;1. Mose;1Mo;18;3;1Mo 18,3;Abraham nimmt Gäste auf;und sagte: „Mein Herr, wenn ich Gnade bei dir gefunden habe, dann geh bitte nicht an deinem Knecht vorbei.;and said, “My lord, if now I have found favor in your sight, please don’t go away from your servant.
1;1. Mose;1Mo;18;4;1Mo 18,4;Abraham nimmt Gäste auf;Man soll ein wenig Wasser holen. Dann könnt ihr euch die Füße waschen und euch unter dem Baum ausruhen.;Now let a little water be fetched, wash your feet, and rest yourselves under the tree.
1;1. Mose;1Mo;18;5;1Mo 18,5;Abraham nimmt Gäste auf;Ich hole ein Stück Brot, damit ihr euch stärken könnt. Danach könnt ihr weiterziehen. Ihr seid ja nun einmal bei eurem Knecht vorbeigekommen.“ Sie antworteten: „Ja, mach es so, wie du gesagt hast.“;I will get a piece of bread so you can refresh your heart. After that you may go your way, now that you have come to your servant.” They said, “Very well, do as you have said.”
1;1. Mose;1Mo;18;6;1Mo 18,6;Abraham nimmt Gäste auf;Abraham lief schnell ins Zelt zu Sara. Er sagte: „Schnell! Nimm drei große Maß feines Mehl. Knete den Teig und back Fladenbrote!“;Abraham hurried into the tent to Sarah, and said, “Quickly prepare three seahs of fine meal, knead it, and make cakes.”
1;1. Mose;1Mo;18;7;1Mo 18,7;Abraham nimmt Gäste auf;Dann lief Abraham zu den Rindern. Er holte ein zartes, gutes Kalb und gab es dem Knecht. Der beeilte sich, es zuzubereiten.;Abraham ran to the herd, and fetched a tender and good calf, and gave it to the servant. He hurried to dress it.
1;1. Mose;1Mo;18;8;1Mo 18,8;Abraham nimmt Gäste auf;Abraham nahm Butter, Milch und das Kalb, das zubereitet worden war, und stellte es den Männern hin. Er selbst stand bei ihnen unter dem Baum, während sie aßen.;He took butter, milk, and the calf which he had dressed, and set it before them. He stood by them under the tree, and they ate.
1;1. Mose;1Mo;18;9;1Mo 18,9;Sara lacht;Die Männer fragten ihn: „Wo ist deine Frau Sara?“ Er antwortete: „Dort drin, im Zelt.“;They asked him, “Where is Sarah, your wife?” He said, “There, in the tent.”
1;1. Mose;1Mo;18;10;1Mo 18,10;Sara lacht;Da sagte einer von ihnen: „Nächstes Jahr um diese Zeit komme ich bestimmt wieder zu dir. Dann wird deine Frau Sara einen Sohn haben.“ Sara hörte das am Zelteingang. Der war hinter ihm.;"He said, “I will certainly return to you at about this time next year; and behold, Sarah your wife will have a son.” Sarah heard in the tent door, which was behind him."
1;1. Mose;1Mo;18;11;1Mo 18,11;Sara lacht;Abraham und Sara waren alt und hochbetagt. Sara war schon lange über das Alter hinaus, in dem Frauen Kinder bekommen können.;Now Abraham and Sarah were old, well advanced in age. Sarah had passed the age of childbearing.
1;1. Mose;1Mo;18;12;1Mo 18,12;Sara lacht;Darum lachte Sara still in sich hinein. Sie dachte: „Jetzt, wo ich alt und verbraucht bin, soll ich noch Liebeslust erleben? Und mein Herr ist auch schon alt!“;Sarah laughed within herself, saying, “After I have grown old will I have pleasure, my lord being old also?”
1;1. Mose;1Mo;18;13;1Mo 18,13;Sara lacht;Da sagte der HERR zu Abraham: „Warum lacht Sara und sagt: ‚Soll ich wirklich noch ein Kind bekommen, wo ich doch so alt bin?‘;Yahweh said to Abraham, “Why did Sarah laugh, saying, ‘Will I really bear a child when I am old?’
1;1. Mose;1Mo;18;14;1Mo 18,14;Sara lacht;Ist für den HERRN etwas zu wunderbar? Zur bestimmten Zeit komme ich wieder zu dir, nächstes Jahr um diese Zeit. Dann wird Sara einen Sohn haben.“;Is anything too hard for Yahweh? At the set time I will return to you, when the season comes around, and Sarah will have a son.”
1;1. Mose;1Mo;18;15;1Mo 18,15;Sara lacht;Da stritt Sara es ab. Sie sagte: „Ich habe nicht gelacht.“ Denn sie hatte Angst. Aber er sagte: „Doch, du hast gelacht.“;Then Sarah denied it, saying, “I didn’t laugh,” for she was afraid. He said, “No, but you did laugh.”
1;1. Mose;1Mo;18;16;1Mo 18,16;Gott weiht Abraham ein;Die Männer standen auf und machten sich auf den Weg. Sie schauten in Richtung Sodom. Abraham ging mit, um sie ein Stück zu begleiten.;The men rose up from there, and looked toward Sodom. Abraham went with them to see them on their way.
1;1. Mose;1Mo;18;17;1Mo 18,17;Gott weiht Abraham ein;Da sagte der HERR: „Soll ich vor Abraham verbergen, was ich tun will?;Yahweh said, “Will I hide from Abraham what I do,
1;1. Mose;1Mo;18;18;1Mo 18,18;Gott weiht Abraham ein;Abraham wird doch ganz sicher ein großes und mächtiges Volk werden. Und durch ihn sollen alle Völker der Erde gesegnet werden.;since Abraham will surely become a great and mighty nation, and all the nations of the earth will be blessed in him?
1;1. Mose;1Mo;18;19;1Mo 18,19;Gott weiht Abraham ein;Denn ich habe ihn erwählt. Er soll seinen Kindern und seiner ganzen Familie nach ihm auftragen, auf dem Weg des HERRN zu bleiben und zu tun, was gerecht und richtig ist. Damit der HERR an Abraham erfüllen kann, was er ihm versprochen hat.“;"For I have known him, to the end that he may command his children and his household after him, that they may keep the way of Yahweh, to do righteousness and justice; to the end that Yahweh may bring on Abraham that which he has spoken of him.”"
1;1. Mose;1Mo;18;20;1Mo 18,20;Gott weiht Abraham ein;Und der HERR sagte: „Das Klagegeschrei über Sodom und Gomorra ist laut. Und ihre Sünde ist sehr schwer.;Yahweh said, “Because the cry of Sodom and Gomorrah is great, and because their sin is very grievous,
1;1. Mose;1Mo;18;21;1Mo 18,21;Gott weiht Abraham ein;Ich will hinabgehen und nachsehen, ob sie wirklich so schlimm gehandelt haben, wie das Geschrei, das zu mir gedrungen ist. Wenn nicht, will ich es wissen.“;I will go down now, and see whether their deeds are as bad as the reports which have come to me. If not, I will know.”
1;1. Mose;1Mo;18;22;1Mo 18,22;Abraham verhandelt mit Gott;Die Männer wandten sich ab und gingen in Richtung Sodom. Abraham aber blieb vor dem HERRN stehen.;The men turned from there, and went toward Sodom, but Abraham stood yet before Yahweh.
1;1. Mose;1Mo;18;23;1Mo 18,23;Abraham verhandelt mit Gott;Abraham trat näher und sagte: „Willst du wirklich den Gerechten zusammen mit dem Gottlosen vernichten?;Abraham came near, and said, “Will you consume the righteous with the wicked?
1;1. Mose;1Mo;18;24;1Mo 18,24;Abraham verhandelt mit Gott;Vielleicht gibt es 50 Gerechte in der Stadt. Willst du sie trotzdem vernichten? Willst du dem Ort nicht vergeben wegen der 50 Gerechten, die darin sind?;What if there are fifty righteous within the city? Will you consume and not spare the place for the fifty righteous who are in it?
1;1. Mose;1Mo;18;25;1Mo 18,25;Abraham verhandelt mit Gott;Das kannst du doch nicht tun! Du kannst doch nicht den Gerechten zusammen mit dem Gottlosen töten, so dass es dem Gerechten genauso geht wie dem Gottlosen. Das kannst du nicht tun! Muss nicht der Richter der ganzen Erde gerecht urteilen?“;May it be far from you to do things like that, to kill the righteous with the wicked, so that the righteous should be like the wicked. May that be far from you. Shouldn’t the Judge of all the earth do right?”
1;1. Mose;1Mo;18;26;1Mo 18,26;Abraham verhandelt mit Gott;Der HERR sagte: „Wenn ich in Sodom 50 Gerechte in der Stadt finde, dann will ich wegen ihnen dem ganzen Ort vergeben.“;Yahweh said, “If I find in Sodom fifty righteous within the city, then I will spare the whole place for their sake.”
1;1. Mose;1Mo;18;27;1Mo 18,27;Abraham verhandelt mit Gott;Abraham antwortete: „Ich habe mich nun einmal getraut, mit meinem Herrn zu reden, obwohl ich nur Staub und Asche bin.;Abraham answered, “See now, I have taken it on myself to speak to the Lord, although I am dust and ashes.
1;1. Mose;1Mo;18;28;1Mo 18,28;Abraham verhandelt mit Gott;Vielleicht fehlen an den 50 Gerechten fünf. Willst du wegen der fünf die ganze Stadt vernichten?“ Er sagte: „Ich will sie nicht vernichten, wenn ich dort 45 finde.“;What if there will lack five of the fifty righteous? Will you destroy all the city for lack of five?” He said, “I will not destroy it if I find forty-five there.”
1;1. Mose;1Mo;18;29;1Mo 18,29;Abraham verhandelt mit Gott;Abraham redete weiter mit ihm und sagte: „Vielleicht findet man dort 40.“ Er sagte: „Ich will es nicht tun, wegen der 40.“;He spoke to him yet again, and said, “What if there are forty found there?” He said, “I will not do it for the forty’s sake.”
1;1. Mose;1Mo;18;30;1Mo 18,30;Abraham verhandelt mit Gott;Abraham sagte: „Mein Herr möge bitte nicht zornig werden, wenn ich noch einmal rede. Vielleicht findet man dort 30.“ Er sagte: „Ich will es nicht tun, wenn ich dort 30 finde.“;He said, “Oh don’t let the Lord be angry, and I will speak. What if there are thirty found there?” He said, “I will not do it if I find thirty there.”
1;1. Mose;1Mo;18;31;1Mo 18,31;Abraham verhandelt mit Gott;Abraham sagte: „Ich habe mich nun einmal getraut, mit meinem Herrn zu reden. Vielleicht findet man dort 20.“ Er sagte: „Ich will sie nicht vernichten, wegen der 20.“;He said, “See now, I have taken it on myself to speak to the Lord. What if there are twenty found there?” He said, “I will not destroy it for the twenty’s sake.”
1;1. Mose;1Mo;18;32;1Mo 18,32;Abraham verhandelt mit Gott;Abraham sagte: „Mein Herr möge bitte nicht zornig werden, wenn ich nur noch dieses eine Mal rede. Vielleicht findet man dort zehn.“ Er sagte: „Ich will sie nicht vernichten, wegen der zehn.“;He said, “Oh don’t let the Lord be angry, and I will speak just once more. What if ten are found there?” He said, “I will not destroy it for the ten’s sake.”
1;1. Mose;1Mo;18;33;1Mo 18,33;Abraham verhandelt mit Gott;Als der HERR mit Abraham fertig geredet hatte, ging er weg. Und Abraham kehrte an seinen Ort zurück.;Yahweh went his way as soon as he had finished communing with Abraham, and Abraham returned to his place.
1;1. Mose;1Mo;19;1;1Mo 19,1;Lot nimmt die Gäste auf;Die zwei Engel kamen am Abend nach Sodom. Lot saß gerade im Stadttor von Sodom. Als Lot sie sah, stand er auf und ging ihnen entgegen. Er verneigte sich mit dem Gesicht bis zur Erde;The two angels came to Sodom at evening. Lot sat in the gate of Sodom. Lot saw them, and rose up to meet them. He bowed himself with his face to the earth,
1;1. Mose;1Mo;19;2;1Mo 19,2;Lot nimmt die Gäste auf;und sagte: „Hört bitte, meine Herren: Kommt doch in das Haus eures Knechtes. Bleibt über Nacht und wascht euch die Füße. Morgen früh könnt ihr dann aufstehen und weiterziehen.“ Sie sagten: „Nein, wir wollen die Nacht auf dem Platz verbringen.“;and he said, “See now, my lords, please come into your servant’s house, stay all night, wash your feet, and you can rise up early, and go on your way.” They said, “No, but we will stay in the street all night.”
1;1. Mose;1Mo;19;3;1Mo 19,3;Lot nimmt die Gäste auf;Aber Lot drängte sie sehr. Da kehrten sie bei ihm ein und kamen in sein Haus. Er machte ihnen ein Festessen. Er backte ungesäuertes Brot, und sie aßen.;He urged them greatly, and they came in with him, and entered into his house. He made them a feast, and baked unleavened bread, and they ate.
1;1. Mose;1Mo;19;4;1Mo 19,4;Die Männer von Sodom;Die Gäste hatten sich noch nicht schlafen gelegt. Da umstellten die Männer der Stadt das Haus – die Männer von Sodom, Jung und Alt, das ganze Volk aus allen Teilen der Stadt.;But before they lay down, the men of the city, the men of Sodom, surrounded the house, both young and old, all the people from every quarter.
1;1. Mose;1Mo;19;5;1Mo 19,5;Die Männer von Sodom;Sie riefen nach Lot und sagten zu ihm: „Wo sind die Männer, die heute Nacht zu dir gekommen sind? Bring sie zu uns heraus! Wir wollen Sex mit ihnen haben.“;They called to Lot, and said to him, “Where are the men who came in to you this night? Bring them out to us, that we may have sex with them.”
1;1. Mose;1Mo;19;6;1Mo 19,6;Die Männer von Sodom;Lot ging zu ihnen hinaus vor die Tür. Die Tür schloss er hinter sich zu.;Lot went out to them through the door, and shut the door after himself.
1;1. Mose;1Mo;19;7;1Mo 19,7;Die Männer von Sodom;Er sagte: „Bitte, meine Brüder, tut doch nichts so Böses!;He said, “Please, my brothers, don’t act so wickedly.
1;1. Mose;1Mo;19;8;1Mo 19,8;Die Männer von Sodom;Hört zu: Ich habe zwei Töchter, die noch mit keinem Mann geschlafen haben. Die will ich zu euch herausbringen. Macht mit ihnen, was ihr wollt. Nur diesen Männern tut nichts. Denn sie sind unter den Schutz meines Daches gekommen.“;See now, I have two virgin daughters. Please let me bring them out to you, and you may do to them what seems good to you. Only don’t do anything to these men, because they have come under the shadow of my roof.”
1;1. Mose;1Mo;19;9;1Mo 19,9;Die Männer von Sodom;Aber sie sagten: „Geh weg da!“ Und sie sagten: „Der da ist als Fremder hergekommen und will jetzt den Richter spielen! Jetzt werden wir mit dir noch schlimmer umgehen als mit ihnen!“ Sie drängten hart gegen Lot und machten sich daran, die Tür aufzubrechen.;They said, “Stand back!” Then they said, “This one fellow came in to live as a foreigner, and he appoints himself a judge. Now we will deal worse with you than with them!” They pressed hard on the man Lot, and came near to break the door.
1;1. Mose;1Mo;19;10;1Mo 19,10;Die Männer von Sodom;Da streckten die Männer im Haus ihre Hände aus. Sie zogen Lot zu sich ins Haus herein und schlossen die Tür zu.;But the men reached out their hand, and brought Lot into the house to them, and shut the door.
1;1. Mose;1Mo;19;11;1Mo 19,11;Die Männer von Sodom;Die Leute draußen vor der Tür schlugen sie mit Blindheit, Klein und Groß. So mühten sie sich vergeblich ab, die Tür zu finden.;They struck the men who were at the door of the house with blindness, both small and great, so that they wearied themselves to find the door.
1;1. Mose;1Mo;19;12;1Mo 19,12;Die Warnung;Die Männer sagten zu Lot: „Hast du hier noch andere Angehörige? Schwiegersöhne, Söhne, Töchter oder sonst jemanden in der Stadt? Bring sie weg von diesem Ort!;The men said to Lot, “Do you have anybody else here? Sons-in-law, your sons, your daughters, and whomever you have in the city, bring them out of the place:
1;1. Mose;1Mo;19;13;1Mo 19,13;Die Warnung;Denn wir werden diesen Ort vernichten. Das Klagegeschrei über die Leute hier ist vor dem HERRN so groß geworden, dass der HERR uns geschickt hat, um die Stadt zu vernichten.“;for we will destroy this place, because the outcry against them has grown so great before Yahweh that Yahweh has sent us to destroy it.”
1;1. Mose;1Mo;19;14;1Mo 19,14;Die Warnung;Da ging Lot hinaus. Er redete mit seinen zukünftigen Schwiegersöhnen, die seine Töchter heiraten sollten. Er sagte: „Steht auf, geht weg von diesem Ort! Denn der HERR wird die Stadt vernichten.“ Aber seine Schwiegersöhne meinten, er mache nur Spaß.;Lot went out, and spoke to his sons-in-law, who were pledged to marry his daughters, and said, “Get up! Get out of this place, for Yahweh will destroy the city!” But he seemed to his sons-in-law to be joking.
1;1. Mose;1Mo;19;15;1Mo 19,15;Die Flucht aus Sodom;Als die Morgenröte aufging, drängten die Engel Lot zur Eile. Sie sagten: „Steh auf! Nimm deine Frau und deine beiden Töchter, die hier sind. Sonst wirst du mit weggerafft, wenn die Stadt für ihre Schuld bestraft wird.“;When the morning came, then the angels hurried Lot, saying, “Get up! Take your wife and your two daughters who are here, lest you be consumed in the iniquity of the city.”
1;1. Mose;1Mo;19;16;1Mo 19,16;Die Flucht aus Sodom;Aber Lot zögerte. Da packten die Männer ihn an der Hand, und auch seine Frau und seine beiden Töchter. Denn der HERR hatte Erbarmen mit ihm. Sie führten ihn hinaus und ließen ihn erst draußen vor der Stadt los.;"But he lingered; and the men grabbed his hand, his wife’s hand, and his two daughters’ hands, Yahweh being merciful to him; and they took him out, and set him outside of the city."
1;1. Mose;1Mo;19;17;1Mo 19,17;Die Flucht aus Sodom;Als sie sie hinausgebracht hatten, sagte einer von ihnen: „Rette dich, es geht um dein Leben! Schau nicht hinter dich! Bleib nirgendwo in der ganzen Ebene stehen! Flieh ins Gebirge, sonst wirst du mit weggerafft!“;It came to pass, when they had taken them out, that he said, “Escape for your life! Don’t look behind you, and don’t stay anywhere in the plain. Escape to the mountains, lest you be consumed!”
1;1. Mose;1Mo;19;18;1Mo 19,18;Die Flucht aus Sodom;Lot sagte zu ihnen: „Ach nein, mein Herr!;Lot said to them, “Oh, not so, my lord.
1;1. Mose;1Mo;19;19;1Mo 19,19;Die Flucht aus Sodom;Schau: Dein Knecht hat Gnade bei dir gefunden. Du warst sehr gütig zu mir und hast mir das Leben gerettet. Aber ich kann nicht ins Gebirge fliehen. Das Unglück könnte mich einholen, und dann sterbe ich.;See now, your servant has found favor in your sight, and you have magnified your loving kindness, which you have shown to me in saving my life. I can’t escape to the mountain, lest evil overtake me, and I die.
1;1. Mose;1Mo;19;20;1Mo 19,20;Die Flucht aus Sodom;Schau, da ist eine Stadt in der Nähe. Dorthin kann ich fliehen. Sie ist nur klein. Lass mich doch dorthin fliehen – sie ist ja nur klein. Dann bleibe ich am Leben.“;See now, this city is near to flee to, and it is a little one. Oh let me escape there (isn’t it a little one?), and my soul will live.”
1;1. Mose;1Mo;19;21;1Mo 19,21;Die Flucht aus Sodom;Er sagte zu ihm: „Gut, ich erfülle dir auch diese Bitte. Ich werde die Stadt, von der du sprichst, nicht zerstören.;He said to him, “Behold, I have granted your request concerning this thing also, that I will not overthrow the city of which you have spoken.
1;1. Mose;1Mo;19;22;1Mo 19,22;Die Flucht aus Sodom;Schnell, flieh dorthin! Denn ich kann nichts tun, bis du dort angekommen bist.“ Darum nennt man die Stadt Zoar.;Hurry, escape there, for I can’t do anything until you get there.” Therefore the name of the city was called Zoar.
1;1. Mose;1Mo;19;23;1Mo 19,23;Die Flucht aus Sodom;Die Sonne war über der Erde aufgegangen, als Lot nach Zoar kam.;The sun had risen on the earth when Lot came to Zoar.
1;1. Mose;1Mo;19;24;1Mo 19,24;Feuer vom Himmel;Da ließ der HERR Schwefel und Feuer auf Sodom und Gomorra regnen. Es kam vom HERRN, vom Himmel herab.;Then Yahweh rained on Sodom and on Gomorrah sulfur and fire from Yahweh out of the sky.
1;1. Mose;1Mo;19;25;1Mo 19,25;Feuer vom Himmel;Er zerstörte diese Städte und die ganze Ebene, alle Einwohner der Städte und alles, was auf dem Boden wuchs.;He overthrew those cities, all the plain, all the inhabitants of the cities, and that which grew on the ground.
1;1. Mose;1Mo;19;26;1Mo 19,26;Feuer vom Himmel;Aber Lots Frau, die hinter ihm ging, schaute zurück. Da wurde sie zu einer Salzsäule.;But Lot’s wife looked back from behind him, and she became a pillar of salt.
1;1. Mose;1Mo;19;27;1Mo 19,27;Feuer vom Himmel;Abraham stand früh am Morgen auf. Er ging an den Ort, wo er vor dem HERRN gestanden hatte.;Abraham went up early in the morning to the place where he had stood before Yahweh.
1;1. Mose;1Mo;19;28;1Mo 19,28;Feuer vom Himmel;Er schaute hinab auf Sodom und Gomorra und auf das ganze Land der Ebene. Da sah er: Rauch stieg von dem Land auf, wie der Rauch aus einem Schmelzofen.;He looked toward Sodom and Gomorrah, and toward all the land of the plain, and saw that the smoke of the land went up as the smoke of a furnace.
1;1. Mose;1Mo;19;29;1Mo 19,29;Feuer vom Himmel;So geschah es: Als Gott die Städte der Ebene vernichtete, dachte Gott an Abraham. Darum holte er Lot mitten aus der Zerstörung heraus, als er die Städte zerstörte, in denen Lot gewohnt hatte.;When God destroyed the cities of the plain, God remembered Abraham, and sent Lot out of the middle of the overthrow, when he overthrew the cities in which Lot lived.
1;1. Mose;1Mo;19;30;1Mo 19,30;Lot und seine Töchter;Lot zog von Zoar hinauf ins Gebirge und wohnte dort mit seinen beiden Töchtern. Denn er hatte Angst, in Zoar zu bleiben. Er wohnte mit seinen beiden Töchtern in einer Höhle.;"Lot went up out of Zoar, and lived in the mountain, and his two daughters with him; for he was afraid to live in Zoar. He lived in a cave with his two daughters."
1;1. Mose;1Mo;19;31;1Mo 19,31;Lot und seine Töchter;Die ältere Tochter sagte zur jüngeren: „Unser Vater ist alt. Und es gibt keinen Mann mehr im Land, der mit uns schlafen könnte, wie es überall auf der Welt üblich ist.;The firstborn said to the younger, “Our father is old, and there is not a man on the earth to come in to us in the way of all the earth.
1;1. Mose;1Mo;19;32;1Mo 19,32;Lot und seine Töchter;Komm, wir geben unserem Vater Wein zu trinken. Dann schlafen wir mit ihm. So bekommen wir Nachkommen von unserem Vater.“;Come, let’s make our father drink wine, and we will lie with him, that we may preserve our father’s family line.”
1;1. Mose;1Mo;19;33;1Mo 19,33;Lot und seine Töchter;In dieser Nacht gaben sie ihrem Vater Wein zu trinken. Dann ging die ältere hinein und schlief mit ihrem Vater. Er merkte nicht, wann sie sich hinlegte und wann sie aufstand.;They made their father drink wine that night: and the firstborn went in, and lay with her father. He didn’t know when she lay down, nor when she arose.
1;1. Mose;1Mo;19;34;1Mo 19,34;Lot und seine Töchter;Am nächsten Tag sagte die ältere zur jüngeren: „Schau, ich habe letzte Nacht mit meinem Vater geschlafen. Lass uns ihm auch heute Nacht Wein zu trinken geben. Dann geh du hinein und schlaf mit ihm. So bekommen wir Nachkommen von unserem Vater.“;It came to pass on the next day, that the firstborn said to the younger, “Behold, I lay last night with my father. Let’s make him drink wine again tonight. You go in, and lie with him, that we may preserve our father’s family line.”
1;1. Mose;1Mo;19;35;1Mo 19,35;Lot und seine Töchter;Auch in dieser Nacht gaben sie ihrem Vater Wein zu trinken. Dann ging die jüngere und schlief mit ihm. Er merkte nicht, wann sie sich hinlegte und wann sie aufstand.;They made their father drink wine that night also. The younger went and lay with him. He didn’t know when she lay down, nor when she got up.
1;1. Mose;1Mo;19;36;1Mo 19,36;Lot und seine Töchter;So wurden beide Töchter von Lot schwanger von ihrem Vater.;Thus both of Lot’s daughters were with child by their father.
1;1. Mose;1Mo;19;37;1Mo 19,37;Lot und seine Töchter;Die ältere bekam einen Sohn und nannte ihn Moab. Er ist der Stammvater der Moabiter bis heute.;The firstborn bore a son, and named him Moab. He is the father of the Moabites to this day.
1;1. Mose;1Mo;19;38;1Mo 19,38;Lot und seine Töchter;Auch die jüngere bekam einen Sohn und nannte ihn Ben-Ammi. Er ist der Stammvater der Ammoniter bis heute.;The younger also bore a son, and called his name Ben Ammi. He is the father of the children of Ammon to this day.
1;1. Mose;1Mo;20;1;1Mo 20,1;Wieder die gleiche Lüge;Abraham zog von dort weiter in das Südland. Er wohnte zwischen Kadesch und Schur. Eine Zeit lang lebte er als Fremder in Gerar.;Abraham traveled from there toward the land of the South, and lived between Kadesh and Shur. He lived as a foreigner in Gerar.
1;1. Mose;1Mo;20;2;1Mo 20,2;Wieder die gleiche Lüge;Abraham sagte über seine Frau Sara: „Sie ist meine Schwester.“ Da schickte Abimelech, der König von Gerar, Leute hin und ließ Sara holen.;Abraham said about Sarah his wife, “She is my sister.” Abimelech king of Gerar sent, and took Sarah.
1;1. Mose;1Mo;20;3;1Mo 20,3;Gott warnt den König im Traum;Aber Gott kam in der Nacht im Traum zu Abimelech. Er sagte zu ihm: „Schau, du musst sterben wegen der Frau, die du genommen hast. Denn sie ist mit einem Mann verheiratet.“;"But God came to Abimelech in a dream of the night, and said to him, “Behold, you are a dead man, because of the woman whom you have taken; for she is a man’s wife.”"
1;1. Mose;1Mo;20;4;1Mo 20,4;Gott warnt den König im Traum;Abimelech hatte Sara aber noch nicht berührt. Er sagte: „Herr, willst du auch ein unschuldiges Volk töten?;Now Abimelech had not come near her. He said, “Lord, will you kill even a righteous nation?
1;1. Mose;1Mo;20;5;1Mo 20,5;Gott warnt den König im Traum;Hat er mir nicht selbst gesagt: ‚Sie ist meine Schwester‘? Und sie hat auch gesagt: ‚Er ist mein Bruder.‘ Ich habe das mit reinem Herzen und mit sauberen Händen getan.“;Didn’t he tell me, ‘She is my sister’? She, even she herself, said, ‘He is my brother.’ I have done this in the integrity of my heart and the innocence of my hands.”
1;1. Mose;1Mo;20;6;1Mo 20,6;Gott warnt den König im Traum;Gott sagte zu ihm im Traum: „Ja, ich weiß, dass du das mit reinem Herzen getan hast. Darum habe ich dich auch davor bewahrt, gegen mich zu sündigen. Deshalb habe ich nicht zugelassen, dass du sie berührst.;God said to him in the dream, “Yes, I know that in the integrity of your heart you have done this, and I also withheld you from sinning against me. Therefore I didn’t allow you to touch her.
1;1. Mose;1Mo;20;7;1Mo 20,7;Gott warnt den König im Traum;Und jetzt: Gib dem Mann seine Frau zurück. Denn er ist ein Prophet. Er wird für dich beten, dann bleibst du am Leben. Wenn du sie aber nicht zurückgibst, dann sollst du wissen: Du musst sterben, du und alle, die zu dir gehören.“;Now therefore, restore the man’s wife. For he is a prophet, and he will pray for you, and you will live. If you don’t restore her, know for sure that you will die, you, and all who are yours.”
1;1. Mose;1Mo;20;8;1Mo 20,8;Gott warnt den König im Traum;Am nächsten Morgen stand Abimelech früh auf. Er rief alle seine Diener zusammen und erzählte ihnen alles. Da bekamen die Männer große Angst.;Abimelech rose early in the morning, and called all his servants, and told all these things in their ear. The men were very scared.
1;1. Mose;1Mo;20;9;1Mo 20,9;Der König stellt Abraham zur Rede;Dann rief Abimelech Abraham zu sich. Er sagte zu ihm: „Was hast du uns angetan? Was habe ich dir getan, dass du so eine große Schuld über mich und mein Königreich gebracht hast? Du hast mir etwas angetan, was man nicht tun darf!“;Then Abimelech called Abraham, and said to him, “What have you done to us? How have I sinned against you, that you have brought on me and on my kingdom a great sin? You have done deeds to me that ought not to be done!”
1;1. Mose;1Mo;20;10;1Mo 20,10;Der König stellt Abraham zur Rede;Und Abimelech sagte zu Abraham: „Was hast du dir dabei gedacht, dass du so etwas getan hast?“;Abimelech said to Abraham, “What did you see, that you have done this thing?”
1;1. Mose;1Mo;20;11;1Mo 20,11;Der König stellt Abraham zur Rede;Abraham antwortete: „Ich dachte: Bestimmt hat man hier keine Ehrfurcht vor Gott. Sie werden mich umbringen, um meine Frau zu bekommen.;Abraham said, “Because I thought, ‘Surely the fear of God is not in this place. They will kill me for my wife’s sake.’
1;1. Mose;1Mo;20;12;1Mo 20,12;Der König stellt Abraham zur Rede;Außerdem ist sie wirklich meine Schwester. Sie ist die Tochter meines Vaters, aber nicht die Tochter meiner Mutter. Und sie ist meine Frau geworden.;"Besides, she is indeed my sister, the daughter of my father, but not the daughter of my mother; and she became my wife."
1;1. Mose;1Mo;20;13;1Mo 20,13;Der König stellt Abraham zur Rede;Als Gott mich aus dem Haus meines Vaters in die Fremde ziehen ließ, da habe ich zu ihr gesagt: ‚Tu mir diesen Gefallen: Überall, wohin wir kommen, sag über mich: Er ist mein Bruder.‘“;When God caused me to wander from my father’s house, I said to her, ‘This is your kindness which you shall show to me. Everywhere that we go, say of me, “He is my brother.”’”
1;1. Mose;1Mo;20;14;1Mo 20,14;Abimelech macht alles wieder gut;Da nahm Abimelech Schafe und Rinder, Knechte und Mägde. Er schenkte sie Abraham. Und er gab ihm seine Frau Sara zurück.;Abimelech took sheep and cattle, male servants and female servants, and gave them to Abraham, and restored Sarah, his wife, to him.
1;1. Mose;1Mo;20;15;1Mo 20,15;Abimelech macht alles wieder gut;Abimelech sagte: „Schau, mein Land steht dir offen. Wohne, wo es dir gefällt.“;Abimelech said, “Behold, my land is before you. Dwell where it pleases you.”
1;1. Mose;1Mo;20;16;1Mo 20,16;Abimelech macht alles wieder gut;Und zu Sara sagte er: „Schau, ich habe deinem Bruder tausend Silberstücke gegeben. Damit sollen alle, die bei dir sind, die Sache vergessen. So ist deine Ehre vor allen wiederhergestellt.“;To Sarah he said, “Behold, I have given your brother a thousand pieces of silver. Behold, it is for you a covering of the eyes to all that are with you. In front of all you are vindicated.”
1;1. Mose;1Mo;20;17;1Mo 20,17;Abimelech macht alles wieder gut;Abraham betete zu Gott. Da machte Gott Abimelech gesund, und auch seine Frau und seine Mägde. Sie konnten wieder Kinder bekommen.;Abraham prayed to God. So God healed Abimelech, his wife, and his female servants, and they bore children.
1;1. Mose;1Mo;20;18;1Mo 20,18;Abimelech macht alles wieder gut;Denn der HERR hatte alle Frauen im Haus von Abimelech unfruchtbar gemacht, wegen Sara, der Frau von Abraham.;For Yahweh had closed up tight all the wombs of the house of Abimelech, because of Sarah, Abraham’s wife.
1;1. Mose;1Mo;21;1;1Mo 21,1;Endlich: Isaak;Der HERR wandte sich Sara zu, so wie er es gesagt hatte. Der HERR tat an Sara, was er versprochen hatte.;Yahweh visited Sarah as he had said, and Yahweh did to Sarah as he had spoken.
1;1. Mose;1Mo;21;2;1Mo 21,2;Endlich: Isaak;Sara wurde schwanger. Sie gebar Abraham in seinem hohen Alter einen Sohn, genau zu der Zeit, die Gott ihm gesagt hatte.;Sarah conceived, and bore Abraham a son in his old age, at the set time of which God had spoken to him.
1;1. Mose;1Mo;21;3;1Mo 21,3;Endlich: Isaak;Abraham nannte den Sohn, den Sara ihm geboren hatte, Isaak.;Abraham called his son who was born to him, whom Sarah bore to him, Isaac.
1;1. Mose;1Mo;21;4;1Mo 21,4;Endlich: Isaak;Abraham beschnitt seinen Sohn Isaak, als er acht Tage alt war, so wie Gott es ihm befohlen hatte.;Abraham circumcised his son, Isaac, when he was eight days old, as God had commanded him.
1;1. Mose;1Mo;21;5;1Mo 21,5;Endlich: Isaak;Abraham war 100 Jahre alt, als sein Sohn Isaak geboren wurde.;Abraham was one hundred years old when his son, Isaac, was born to him.
1;1. Mose;1Mo;21;6;1Mo 21,6;Endlich: Isaak;Sara sagte: „Gott hat mich zum Lachen gebracht. Jeder, der davon hört, wird mit mir lachen.“;Sarah said, “God has made me laugh. Everyone who hears will laugh with me.”
1;1. Mose;1Mo;21;7;1Mo 21,7;Endlich: Isaak;Und sie sagte: „Wer hätte Abraham je gesagt, dass Sara Kinder stillen würde? Und doch habe ich ihm in seinem Alter einen Sohn geboren!“;She said, “Who would have said to Abraham that Sarah would nurse children? For I have borne him a son in his old age.”
1;1. Mose;1Mo;21;8;1Mo 21,8;Streit beim Fest;Das Kind wuchs heran und wurde entwöhnt. Das heißt: Es trank nicht mehr an der Brust seiner Mutter. An dem Tag, als Isaak entwöhnt wurde, machte Abraham ein großes Fest.;The child grew and was weaned. Abraham made a great feast on the day that Isaac was weaned.
1;1. Mose;1Mo;21;9;1Mo 21,9;Streit beim Fest;Da sah Sara, wie der Sohn der Ägypterin Hagar, den sie Abraham geboren hatte, sich lustig machte.;Sarah saw the son of Hagar the Egyptian, whom she had borne to Abraham, mocking.
1;1. Mose;1Mo;21;10;1Mo 21,10;Streit beim Fest;Sie sagte zu Abraham: „Jag diese Magd und ihren Sohn weg! Der Sohn dieser Magd soll nicht zusammen mit meinem Sohn Isaak erben.“;Therefore she said to Abraham, “Cast out this servant and her son! For the son of this servant will not be heir with my son, Isaac.”
1;1. Mose;1Mo;21;11;1Mo 21,11;Streit beim Fest;Das war Abraham sehr schlimm, wegen seines Sohnes Ismael.;The thing was very grievous in Abraham’s sight on account of his son.
1;1. Mose;1Mo;21;12;1Mo 21,12;Streit beim Fest;Aber Gott sagte zu Abraham: „Lass es dir nicht so schlimm sein wegen des Jungen und wegen deiner Magd. Hör auf alles, was Sara dir sagt. Denn durch Isaak sollen deine Nachkommen benannt werden.;God said to Abraham, “Don’t let it be grievous in your sight because of the boy, and because of your servant. In all that Sarah says to you, listen to her voice. For your offspring will be named through Isaac.
1;1. Mose;1Mo;21;13;1Mo 21,13;Streit beim Fest;Aber auch den Sohn der Magd will ich zu einem Volk machen, weil er dein Kind ist.“;I will also make a nation of the son of the servant, because he is your child.”
1;1. Mose;1Mo;21;14;1Mo 21,14;Hagar und Ismael in der Wüste;Am nächsten Morgen stand Abraham früh auf. Er nahm Brot und einen Schlauch mit Wasser. Er gab es Hagar und legte es ihr auf die Schulter. Er gab ihr auch den Jungen und schickte sie weg. Sie ging los und irrte in der Wüste von Beerscheba umher.;"Abraham rose up early in the morning, and took bread and a container of water, and gave it to Hagar, putting it on her shoulder; and gave her the child, and sent her away. She departed, and wandered in the wilderness of Beersheba."
1;1. Mose;1Mo;21;15;1Mo 21,15;Hagar und Ismael in der Wüste;Als das Wasser im Schlauch aufgebraucht war, legte sie den Jungen unter einen der Sträucher.;The water in the container was spent, and she put the child under one of the shrubs.
1;1. Mose;1Mo;21;16;1Mo 21,16;Hagar und Ismael in der Wüste;Dann ging sie weg und setzte sich ihm gegenüber, ein gutes Stück entfernt, etwa einen Bogenschuss weit. Denn sie sagte: „Ich kann nicht mit ansehen, wie das Kind stirbt.“ So saß sie ihm gegenüber. Und sie weinte laut.;She went and sat down opposite him, a good way off, about a bow shot away. For she said, “Don’t let me see the death of the child.” She sat opposite him, and lifted up her voice, and wept.
1;1. Mose;1Mo;21;17;1Mo 21,17;Hagar und Ismael in der Wüste;Aber Gott hörte die Stimme des Jungen. Der Engel Gottes rief Hagar vom Himmel aus zu: „Was hast du, Hagar? Hab keine Angst! Denn Gott hat die Stimme des Jungen gehört, dort, wo er liegt.;God heard the voice of the boy. The angel of God called to Hagar out of the sky, and said to her, “What troubles you, Hagar? Don’t be afraid. For God has heard the voice of the boy where he is.
1;1. Mose;1Mo;21;18;1Mo 21,18;Hagar und Ismael in der Wüste;Steh auf, heb den Jungen hoch und halt ihn fest an der Hand. Denn ich will ihn zu einem großen Volk machen.“;Get up, lift up the boy, and hold him with your hand. For I will make him a great nation.”
1;1. Mose;1Mo;21;19;1Mo 21,19;Hagar und Ismael in der Wüste;Da öffnete Gott ihr die Augen. Und sie sah einen Brunnen mit Wasser. Sie ging hin, füllte den Schlauch mit Wasser und gab dem Jungen zu trinken.;God opened her eyes, and she saw a well of water. She went, filled the container with water, and gave the boy a drink.
1;1. Mose;1Mo;21;20;1Mo 21,20;Hagar und Ismael in der Wüste;Gott war mit dem Jungen. Er wuchs heran und wohnte in der Wüste. Er wurde ein guter Bogenschütze.;God was with the boy, and he grew. He lived in the wilderness, and as he grew up, he became an archer.
1;1. Mose;1Mo;21;21;1Mo 21,21;Hagar und Ismael in der Wüste;Er wohnte in der Wüste Paran. Seine Mutter holte ihm eine Frau aus dem Land Ägypten.;He lived in the wilderness of Paran. His mother got a wife for him out of the land of Egypt.
1;1. Mose;1Mo;21;22;1Mo 21,22;Ein Vertrag am Brunnen;Zu dieser Zeit kamen Abimelech und Pichol, der Anführer seines Heeres, zu Abraham. Abimelech sagte: „Gott ist mit dir bei allem, was du tust.;At that time, Abimelech and Phicol the captain of his army spoke to Abraham, saying, “God is with you in all that you do.
1;1. Mose;1Mo;21;23;1Mo 21,23;Ein Vertrag am Brunnen;Darum schwör mir hier bei Gott, dass du mich nicht betrügen wirst – weder mich noch meine Kinder noch meine Enkel. Ich war gut zu dir. Darum sei auch du gut zu mir und zu dem Land, in dem du als Fremder lebst.“;Now, therefore, swear to me here by God that you will not deal falsely with me, nor with my son, nor with my son’s son. But according to the kindness that I have done to you, you shall do to me, and to the land in which you have lived as a foreigner.”
1;1. Mose;1Mo;21;24;1Mo 21,24;Ein Vertrag am Brunnen;Abraham sagte: „Ich schwöre es.“;Abraham said, “I will swear.”
1;1. Mose;1Mo;21;25;1Mo 21,25;Ein Vertrag am Brunnen;Aber Abraham beschwerte sich bei Abimelech wegen eines Wasserbrunnens. Die Knechte von Abimelech hatten ihn mit Gewalt weggenommen.;Abraham complained to Abimelech because of a water well, which Abimelech’s servants had violently taken away.
1;1. Mose;1Mo;21;26;1Mo 21,26;Ein Vertrag am Brunnen;Abimelech sagte: „Ich weiß nicht, wer das getan hat. Du hast es mir nicht gesagt. Ich höre heute zum ersten Mal davon.“;Abimelech said, “I don’t know who has done this thing. You didn’t tell me, and I didn’t hear of it until today.”
1;1. Mose;1Mo;21;27;1Mo 21,27;Ein Vertrag am Brunnen;Da nahm Abraham Schafe und Rinder und gab sie Abimelech. Und die beiden schlossen einen Vertrag.;Abraham took sheep and cattle, and gave them to Abimelech. Those two made a covenant.
1;1. Mose;1Mo;21;28;1Mo 21,28;Ein Vertrag am Brunnen;Abraham stellte sieben junge Schafe aus der Herde beiseite.;Abraham set seven ewe lambs of the flock by themselves.
1;1. Mose;1Mo;21;29;1Mo 21,29;Ein Vertrag am Brunnen;Abimelech fragte Abraham: „Was sollen die sieben jungen Schafe, die du beiseitegestellt hast?“;Abimelech said to Abraham, “What do these seven ewe lambs, which you have set by themselves, mean?”
1;1. Mose;1Mo;21;30;1Mo 21,30;Ein Vertrag am Brunnen;Abraham antwortete: „Diese sieben Schafe sollst du von mir annehmen. Sie sollen ein Beweis dafür sein, dass ich diesen Brunnen gegraben habe.“;He said, “You shall take these seven ewe lambs from my hand, that it may be a witness to me, that I have dug this well.”
1;1. Mose;1Mo;21;31;1Mo 21,31;Ein Vertrag am Brunnen;Darum nennt man diesen Ort Beerscheba. Denn dort haben die beiden einander einen Eid geschworen.;Therefore he called that place Beersheba, because they both swore an oath there.
1;1. Mose;1Mo;21;32;1Mo 21,32;Ein Vertrag am Brunnen;So schlossen sie in Beerscheba einen Vertrag. Dann machten sich Abimelech und Pichol, der Anführer seines Heeres, auf den Weg und kehrten in das Land der Philister zurück.;So they made a covenant at Beersheba. Abimelech rose up with Phicol, the captain of his army, and they returned into the land of the Philistines.
1;1. Mose;1Mo;21;33;1Mo 21,33;Ein Vertrag am Brunnen;Abraham pflanzte in Beerscheba einen Tamariskenbaum. Dort rief er den Namen des HERRN an, des ewigen Gottes.;Abraham planted a tamarisk tree in Beersheba, and there he called on the name of Yahweh, the Everlasting God.
1;1. Mose;1Mo;21;34;1Mo 21,34;Ein Vertrag am Brunnen;Abraham lebte noch lange Zeit als Fremder im Land der Philister.;Abraham lived as a foreigner in the land of the Philistines many days.
1;1. Mose;1Mo;22;1;1Mo 22,1;Gott stellt Abraham auf die Probe;Nach diesen Ereignissen stellte Gott Abraham auf die Probe. Er sagte zu ihm: „Abraham!“ Abraham antwortete: „Hier bin ich.“;After these things, God tested Abraham, and said to him, “Abraham!” He said, “Here I am.”
1;1. Mose;1Mo;22;2;1Mo 22,2;Gott stellt Abraham auf die Probe;Gott sagte: „Nimm deinen Sohn, deinen einzigen, den du liebst, Isaak. Geh in das Land Morija. Bring ihn dort als Brandopfer dar, auf einem der Berge, den ich dir zeigen werde.“;He said, “Now take your son, your only son, Isaac, whom you love, and go into the land of Moriah. Offer him there as a burnt offering on one of the mountains which I will tell you of.”
1;1. Mose;1Mo;22;3;1Mo 22,3;Der schwere Weg;Am nächsten Morgen stand Abraham früh auf. Er sattelte seinen Esel. Er nahm zwei von seinen jungen Knechten mit und seinen Sohn Isaak. Er spaltete Holz für das Brandopfer. Dann machte er sich auf den Weg zu dem Ort, den Gott ihm genannt hatte.;"Abraham rose early in the morning, and saddled his donkey; and took two of his young men with him, and Isaac his son. He split the wood for the burnt offering, and rose up, and went to the place of which God had told him."
1;1. Mose;1Mo;22;4;1Mo 22,4;Der schwere Weg;Am dritten Tag schaute Abraham auf. Da sah er den Ort in der Ferne.;On the third day Abraham lifted up his eyes, and saw the place far off.
1;1. Mose;1Mo;22;5;1Mo 22,5;Der schwere Weg;Abraham sagte zu seinen Knechten: „Bleibt hier mit dem Esel. Ich und der Junge gehen dort hinauf. Wir wollen Gott anbeten. Dann kommen wir wieder zu euch zurück.“;Abraham said to his young men, “Stay here with the donkey. The boy and I will go over there. We will worship, and come back to you.”
1;1. Mose;1Mo;22;6;1Mo 22,6;Der schwere Weg;Abraham nahm das Holz für das Brandopfer und legte es auf seinen Sohn Isaak. Er selbst nahm das Feuer und das Messer in die Hand. So gingen die beiden miteinander.;Abraham took the wood of the burnt offering and laid it on Isaac his son. He took in his hand the fire and the knife. They both went together.
1;1. Mose;1Mo;22;7;1Mo 22,7;Der schwere Weg;Da sagte Isaak zu seinem Vater Abraham: „Mein Vater?“ Abraham antwortete: „Hier bin ich, mein Sohn.“ Isaak sagte: „Schau, hier ist das Feuer und das Holz. Aber wo ist das Lamm für das Brandopfer?“;Isaac spoke to Abraham his father, and said, “My father?” He said, “Here I am, my son.” He said, “Here is the fire and the wood, but where is the lamb for a burnt offering?”
1;1. Mose;1Mo;22;8;1Mo 22,8;Der schwere Weg;Abraham sagte: „Gott wird sich das Lamm für das Brandopfer selbst aussuchen, mein Sohn.“ So gingen die beiden miteinander.;Abraham said, “God will provide himself the lamb for a burnt offering, my son.” So they both went together.
1;1. Mose;1Mo;22;9;1Mo 22,9;Halt!;Sie kamen an den Ort, den Gott ihm genannt hatte. Dort baute Abraham den Altar. Er schichtete das Holz auf. Er band seinen Sohn Isaak und legte ihn auf den Altar, oben auf das Holz.;They came to the place which God had told him of. Abraham built the altar there, and laid the wood in order, bound Isaac his son, and laid him on the altar, on the wood.
1;1. Mose;1Mo;22;10;1Mo 22,10;Halt!;Dann streckte Abraham seine Hand aus und nahm das Messer, um seinen Sohn zu schlachten.;Abraham stretched out his hand, and took the knife to kill his son.
1;1. Mose;1Mo;22;11;1Mo 22,11;Halt!;Da rief ihm der Engel des HERRN vom Himmel zu: „Abraham! Abraham!“ Er antwortete: „Hier bin ich.“;Yahweh’s angel called to him out of the sky, and said, “Abraham, Abraham!” He said, “Here I am.”
1;1. Mose;1Mo;22;12;1Mo 22,12;Halt!;Der Engel sagte: „Leg deine Hand nicht an den Jungen! Tu ihm nichts! Denn jetzt weiß ich, dass du Gott fürchtest. Du hast mir deinen Sohn, deinen einzigen, nicht verweigert.“;He said, “Don’t lay your hand on the boy or do anything to him. For now I know that you fear God, since you have not withheld your son, your only son, from me.”
1;1. Mose;1Mo;22;13;1Mo 22,13;Halt!;Abraham schaute auf. Da sah er: Hinter ihm hatte sich ein Schafbock mit seinen Hörnern im Gestrüpp verfangen. Abraham ging hin, nahm den Schafbock und brachte ihn als Brandopfer dar, anstelle seines Sohnes.;Abraham lifted up his eyes, and looked, and saw that behind him was a ram caught in the thicket by his horns. Abraham went and took the ram, and offered him up for a burnt offering instead of his son.
1;1. Mose;1Mo;22;14;1Mo 22,14;Halt!;Abraham nannte diesen Ort: „Der HERR sieht“. Darum sagt man bis heute: „Auf dem Berg des HERRN wird gesehen – dort wird gesorgt.“;Abraham called the name of that place “Yahweh Will Provide”. As it is said to this day, “On Yahweh’s mountain, it will be provided.”
1;1. Mose;1Mo;22;15;1Mo 22,15;Gottes Schwur;Der Engel des HERRN rief Abraham ein zweites Mal vom Himmel zu.;Yahweh’s angel called to Abraham a second time out of the sky,
1;1. Mose;1Mo;22;16;1Mo 22,16;Gottes Schwur;Er sagte: „Ich schwöre bei mir selbst – so spricht der HERR: Weil du das getan hast und mir deinen Sohn, deinen einzigen, nicht verweigert hast,;and said, “‘I have sworn by myself,’ says Yahweh, ‘because you have done this thing, and have not withheld your son, your only son,
1;1. Mose;1Mo;22;17;1Mo 22,17;Gottes Schwur;darum will ich dich reich segnen. Ich will deine Nachkommen sehr zahlreich machen, so zahlreich wie die Sterne am Himmel und wie der Sand am Ufer des Meeres. Deine Nachkommen werden die Tore ihrer Feinde erobern.;that I will bless you greatly, and I will multiply your offspring greatly like the stars of the heavens, and like the sand which is on the seashore. Your offspring will possess the gate of his enemies.
1;1. Mose;1Mo;22;18;1Mo 22,18;Gottes Schwur;Durch deine Nachkommen sollen alle Völker der Erde gesegnet werden. Denn du hast auf meine Stimme gehört.“;All the nations of the earth will be blessed by your offspring, because you have obeyed my voice.’”
1;1. Mose;1Mo;22;19;1Mo 22,19;Gottes Schwur;Dann kehrte Abraham zu seinen Knechten zurück. Sie machten sich auf und gingen miteinander nach Beerscheba. Und Abraham wohnte in Beerscheba.;So Abraham returned to his young men, and they rose up and went together to Beersheba. Abraham lived at Beersheba.
1;1. Mose;1Mo;22;20;1Mo 22,20;Neuigkeiten von der Familie;Nach diesen Ereignissen bekam Abraham eine Nachricht: „Schau, auch Milka hat deinem Bruder Nahor Söhne geboren:;After these things, Abraham was told, “Behold, Milcah, she also has borne children to your brother Nahor:
1;1. Mose;1Mo;22;21;1Mo 22,21;Neuigkeiten von der Familie;Uz, den Erstgeborenen, und Bus, seinen Bruder, Kemuël, den Vater von Aram,;Uz his firstborn, Buz his brother, Kemuel the father of Aram,
1;1. Mose;1Mo;22;22;1Mo 22,22;Neuigkeiten von der Familie;Kesed, Haso, Pildasch, Jidlaf und Betuël.“;Chesed, Hazo, Pildash, Jidlaph, and Bethuel.”
1;1. Mose;1Mo;22;23;1Mo 22,23;Neuigkeiten von der Familie;Betuël wurde der Vater von Rebekka. Diese acht Söhne gebar Milka dem Nahor, dem Bruder von Abraham.;Bethuel became the father of Rebekah. These eight Milcah bore to Nahor, Abraham’s brother.
1;1. Mose;1Mo;22;24;1Mo 22,24;Neuigkeiten von der Familie;Auch seine Nebenfrau gebar ihm Kinder. Sie hieß Rëuma. Sie gebar Tebach, Gaham, Tahasch und Maacha.;His concubine, whose name was Reumah, also bore Tebah, Gaham, Tahash, and Maacah.
1;1. Mose;1Mo;23;1;1Mo 23,1;Abraham trauert um Sara;Sara wurde 127 Jahre alt. So lange lebte Sara.;Sarah lived one hundred twenty-seven years. This was the length of Sarah’s life.
1;1. Mose;1Mo;23;2;1Mo 23,2;Abraham trauert um Sara;Sara starb in Kirjat-Arba – das ist Hebron – im Land Kanaan. Abraham kam, um für Sara die Totenklage zu halten und um sie zu weinen.;Sarah died in Kiriath Arba (also called Hebron), in the land of Canaan. Abraham came to mourn for Sarah, and to weep for her.
1;1. Mose;1Mo;23;3;1Mo 23,3;Abraham bittet um eine Grabstelle;Dann stand Abraham auf und ging von seiner Toten weg. Er sprach mit den Hetitern. Er sagte:;Abraham rose up from before his dead and spoke to the children of Heth, saying,
1;1. Mose;1Mo;23;4;1Mo 23,4;Abraham bittet um eine Grabstelle;„Ich bin ein Fremder und lebe nur als Gast bei euch. Gebt mir ein Stück Land bei euch als Besitz, damit ich ein Grab habe. Dann kann ich meine Tote dort begraben.“;“I am a stranger and a foreigner living with you. Give me a possession of a burying-place with you, that I may bury my dead out of my sight.”
1;1. Mose;1Mo;23;5;1Mo 23,5;Abraham bittet um eine Grabstelle;Die Hetiter antworteten Abraham:;The children of Heth answered Abraham, saying to him,
1;1. Mose;1Mo;23;6;1Mo 23,6;Abraham bittet um eine Grabstelle;„Hör uns zu, mein Herr! Du bist ein Fürst Gottes unter uns. Begrab deine Tote in dem besten von unseren Gräbern. Keiner von uns wird dir sein Grab verweigern. Begrab deine Tote.“;“Hear us, my lord. You are a prince of God among us. Bury your dead in the best of our tombs. None of us will withhold from you his tomb. Bury your dead.”
1;1. Mose;1Mo;23;7;1Mo 23,7;Abraham bittet um eine Grabstelle;Da stand Abraham auf und verneigte sich vor den Leuten des Landes, vor den Hetitern.;Abraham rose up, and bowed himself to the people of the land, to the children of Heth.
1;1. Mose;1Mo;23;8;1Mo 23,8;Abraham bittet um eine Grabstelle;Er sagte zu ihnen: „Wenn ihr einverstanden seid, dass ich meine Tote begrabe, dann hört mir zu und sprecht für mich mit Efron, dem Sohn von Zohar.;He talked with them, saying, “If you agree that I should bury my dead out of my sight, hear me, and entreat for me to Ephron the son of Zohar,
1;1. Mose;1Mo;23;9;1Mo 23,9;Abraham bittet um eine Grabstelle;Er soll mir die Höhle Machpela verkaufen, die ihm gehört. Sie liegt am Ende seines Feldes. Für den vollen Preis soll er sie mir verkaufen, hier vor euch allen. Dann ist sie mein Besitz, als Grabstätte.“;that he may sell me the cave of Machpelah, which he has, which is in the end of his field. For the full price let him sell it to me among you as a possession for a burial place.”
1;1. Mose;1Mo;23;10;1Mo 23,10;Die Verhandlung;Efron saß mitten unter den Hetitern. Efron, der Hetiter, antwortete Abraham so, dass alle Hetiter es hörten, alle, die im Tor seiner Stadt versammelt waren. Er sagte:;Now Ephron was sitting in the middle of the children of Heth. Ephron the Hittite answered Abraham in the hearing of the children of Heth, even of all who went in at the gate of his city, saying,
1;1. Mose;1Mo;23;11;1Mo 23,11;Die Verhandlung;„Nein, mein Herr, hör mir zu! Ich schenke dir das Feld. Und die Höhle, die darin ist, schenke ich dir auch. Vor den Augen meines Volkes schenke ich sie dir. Begrab deine Tote.“;“No, my lord, hear me. I give you the field, and I give you the cave that is in it. In the presence of the children of my people I give it to you. Bury your dead.”
1;1. Mose;1Mo;23;12;1Mo 23,12;Die Verhandlung;Da verneigte sich Abraham vor den Leuten des Landes.;Abraham bowed himself down before the people of the land.
1;1. Mose;1Mo;23;13;1Mo 23,13;Die Verhandlung;Er sagte zu Efron so, dass die Leute des Landes es hörten: „Hör mir doch bitte zu! Ich will dir den Preis für das Feld bezahlen. Nimm das Geld von mir an. Dann will ich meine Tote dort begraben.“;He spoke to Ephron in the audience of the people of the land, saying, “But if you will, please hear me. I will give the price of the field. Take it from me, and I will bury my dead there.”
1;1. Mose;1Mo;23;14;1Mo 23,14;Die Verhandlung;Efron antwortete Abraham:;Ephron answered Abraham, saying to him,
1;1. Mose;1Mo;23;15;1Mo 23,15;Die Verhandlung;„Mein Herr, hör mir zu! Ein Stück Land für 400 Schekel Silber – was ist das schon zwischen mir und dir? Begrab deine Tote.“;“My lord, listen to me. What is a piece of land worth four hundred shekels of silver between me and you? Therefore bury your dead.”
1;1. Mose;1Mo;23;16;1Mo 23,16;Die Verhandlung;Abraham war mit Efron einverstanden. Er wog Efron das Silber ab, das er vor den Hetitern genannt hatte: 400 Schekel Silber, nach dem Gewicht, das bei den Händlern üblich war.;Abraham listened to Ephron. Abraham weighed to Ephron the silver which he had named in the hearing of the children of Heth, four hundred shekels of silver, according to the current merchants’ standard.
1;1. Mose;1Mo;23;17;1Mo 23,17;Das erste Stück vom versprochenen Land;So ging das Feld von Efron in Machpela, östlich von Mamre, in Abrahams Besitz über: das Feld, die Höhle darin und alle Bäume auf dem Feld, rundherum bis an seine Grenzen.;So the field of Ephron, which was in Machpelah, which was before Mamre, the field, the cave which was in it, and all the trees that were in the field, that were in all of its borders, were deeded
1;1. Mose;1Mo;23;18;1Mo 23,18;Das erste Stück vom versprochenen Land;Es wurde Abrahams Besitz vor den Augen der Hetiter, vor allen, die im Tor seiner Stadt versammelt waren.;to Abraham for a possession in the presence of the children of Heth, before all who went in at the gate of his city.
1;1. Mose;1Mo;23;19;1Mo 23,19;Das erste Stück vom versprochenen Land;Danach begrub Abraham seine Frau Sara in der Höhle auf dem Feld Machpela, östlich von Mamre – das ist Hebron – im Land Kanaan.;After this, Abraham buried Sarah his wife in the cave of the field of Machpelah before Mamre (that is, Hebron), in the land of Canaan.
1;1. Mose;1Mo;23;20;1Mo 23,20;Das erste Stück vom versprochenen Land;So ging das Feld mit der Höhle von den Hetitern in Abrahams Besitz über, als Grabstätte.;The field, and the cave that is in it, were deeded to Abraham by the children of Heth as a possession for a burial place.
1;1. Mose;1Mo;24;1;1Mo 24,1;Abrahams Auftrag;Abraham war alt und hochbetagt. Der HERR hatte Abraham in allem gesegnet.;Abraham was old, and well advanced in age. Yahweh had blessed Abraham in all things.
1;1. Mose;1Mo;24;2;1Mo 24,2;Abrahams Auftrag;Abraham sagte zu seinem Knecht, dem ältesten in seinem Haus. Er verwaltete alles, was Abraham gehörte. Abraham sagte: „Leg doch deine Hand unter meine Hüfte.;Abraham said to his servant, the elder of his house, who ruled over all that he had, “Please put your hand under my thigh.
1;1. Mose;1Mo;24;3;1Mo 24,3;Abrahams Auftrag;Ich will dich schwören lassen beim HERRN, dem Gott des Himmels und dem Gott der Erde: Du sollst für meinen Sohn keine Frau nehmen von den Töchtern der Kanaaniter, unter denen ich wohne.;I will make you swear by Yahweh, the God of heaven and the God of the earth, that you shall not take a wife for my son of the daughters of the Canaanites, among whom I live.
1;1. Mose;1Mo;24;4;1Mo 24,4;Abrahams Auftrag;Sondern du sollst in mein Heimatland gehen, zu meinen Verwandten. Dort sollst du eine Frau für meinen Sohn Isaak holen.“;But you shall go to my country, and to my relatives, and take a wife for my son Isaac.”
1;1. Mose;1Mo;24;5;1Mo 24,5;Abrahams Auftrag;Der Knecht sagte zu ihm: „Vielleicht will die Frau mir nicht in dieses Land folgen. Soll ich dann deinen Sohn in das Land zurückbringen, aus dem du gekommen bist?“;The servant said to him, “What if the woman isn’t willing to follow me to this land? Must I bring your son again to the land you came from?”
1;1. Mose;1Mo;24;6;1Mo 24,6;Abrahams Auftrag;Abraham sagte zu ihm: „Hüte dich davor, meinen Sohn dorthin zurückzubringen!;Abraham said to him, “Beware that you don’t bring my son there again.
1;1. Mose;1Mo;24;7;1Mo 24,7;Abrahams Auftrag;Der HERR, der Gott des Himmels, hat mich aus dem Haus meines Vaters und aus meiner Heimat geholt. Er hat zu mir gesprochen und mir geschworen: ‚Deinen Nachkommen gebe ich dieses Land.‘ Er wird seinen Engel vor dir her schicken. Und du wirst von dort eine Frau für meinen Sohn holen.;Yahweh, the God of heaven—who took me from my father’s house, and from the land of my birth, who spoke to me, and who swore to me, saying, ‘I will give this land to your offspring—he will send his angel before you, and you shall take a wife for my son from there.
1;1. Mose;1Mo;24;8;1Mo 24,8;Abrahams Auftrag;Wenn die Frau dir aber nicht folgen will, dann bist du frei von diesem Schwur. Nur meinen Sohn darfst du auf keinen Fall dorthin zurückbringen.“;If the woman isn’t willing to follow you, then you shall be clear from this oath to me. Only you shall not bring my son there again.”
1;1. Mose;1Mo;24;9;1Mo 24,9;Abrahams Auftrag;Da legte der Knecht seine Hand unter die Hüfte seines Herrn Abraham und schwor ihm, es so zu machen.;The servant put his hand under the thigh of Abraham his master, and swore to him concerning this matter.
1;1. Mose;1Mo;24;10;1Mo 24,10;Das Gebet am Brunnen;Der Knecht nahm zehn Kamele von seinem Herrn. Er nahm auch viele wertvolle Geschenke von seinem Herrn mit. Dann machte er sich auf den Weg nach Mesopotamien, in die Stadt von Nahor.;The servant took ten of his master’s camels, and departed, having a variety of good things of his master’s with him. He arose, and went to Mesopotamia, to the city of Nahor.
1;1. Mose;1Mo;24;11;1Mo 24,11;Das Gebet am Brunnen;Draußen vor der Stadt ließ er die Kamele beim Wasserbrunnen niederknien. Es war gegen Abend, um die Zeit, wenn die Frauen herauskommen, um Wasser zu holen.;He made the camels kneel down outside the city by the well of water at the time of evening, the time that women go out to draw water.
1;1. Mose;1Mo;24;12;1Mo 24,12;Das Gebet am Brunnen;Er betete: „HERR, Gott meines Herrn Abraham, lass es mir heute gelingen. Sei gnädig zu meinem Herrn Abraham.;He said, “Yahweh, the God of my master Abraham, please give me success today, and show kindness to my master Abraham.
1;1. Mose;1Mo;24;13;1Mo 24,13;Das Gebet am Brunnen;Schau, ich stehe hier an der Wasserquelle. Die Töchter der Leute aus der Stadt kommen heraus, um Wasser zu holen.;Behold, I am standing by the spring of water. The daughters of the men of the city are coming out to draw water.
1;1. Mose;1Mo;24;14;1Mo 24,14;Das Gebet am Brunnen;Ich werde zu einem Mädchen sagen: ‚Bitte neig deinen Krug, damit ich trinken kann.‘ Wenn sie dann sagt: ‚Trink, und auch deinen Kamelen will ich zu trinken geben‘ – dann soll sie die sein, die du für deinen Knecht Isaak bestimmt hast. Daran will ich erkennen, dass du gnädig zu meinem Herrn bist.“;Let it happen, that the young lady to whom I will say, ‘Please let down your pitcher, that I may drink,’ then she says, ‘Drink, and I will also give your camels a drink,’—let her be the one you have appointed for your servant Isaac. By this I will know that you have shown kindness to my master.”
1;1. Mose;1Mo;24;15;1Mo 24,15;Rebekka;Er hatte noch nicht fertig gebetet, da kam schon Rebekka heraus, mit ihrem Krug auf der Schulter. Sie war die Tochter von Betuël. Betuël war der Sohn von Milka und Nahor, dem Bruder von Abraham.;Before he had finished speaking, behold, Rebekah came out, who was born to Bethuel the son of Milcah, the wife of Nahor, Abraham’s brother, with her pitcher on her shoulder.
1;1. Mose;1Mo;24;16;1Mo 24,16;Rebekka;Das Mädchen war sehr schön. Sie war eine junge Frau, die noch mit keinem Mann geschlafen hatte. Sie stieg zur Quelle hinab, füllte ihren Krug und stieg wieder herauf.;The young lady was very beautiful to look at, a virgin. No man had known her. She went down to the spring, filled her pitcher, and came up.
1;1. Mose;1Mo;24;17;1Mo 24,17;Rebekka;Da lief der Knecht ihr entgegen und sagte: „Lass mich doch ein wenig Wasser aus deinem Krug trinken.“;The servant ran to meet her, and said, “Please give me a drink, a little water from your pitcher.”
1;1. Mose;1Mo;24;18;1Mo 24,18;Rebekka;Sie sagte: „Trink, mein Herr!“ Schnell nahm sie den Krug von der Schulter in die Hand und gab ihm zu trinken.;She said, “Drink, my lord.” She hurried, and let down her pitcher on her hand, and gave him a drink.
1;1. Mose;1Mo;24;19;1Mo 24,19;Rebekka;Als sie ihm genug zu trinken gegeben hatte, sagte sie: „Auch für deine Kamele will ich Wasser schöpfen, bis sie genug getrunken haben.“;When she had finished giving him a drink, she said, “I will also draw for your camels, until they have finished drinking.”
1;1. Mose;1Mo;24;20;1Mo 24,20;Rebekka;Schnell goss sie ihren Krug in die Tränkrinne. Dann lief sie wieder zum Brunnen, um Wasser zu schöpfen. Sie schöpfte für alle seine Kamele.;She hurried, and emptied her pitcher into the trough, and ran again to the well to draw, and drew for all his camels.
1;1. Mose;1Mo;24;21;1Mo 24,21;Rebekka;Der Mann schaute ihr schweigend zu. Er wollte erkennen, ob der HERR seine Reise gelingen ließ oder nicht.;The man looked steadfastly at her, remaining silent, to know whether Yahweh had made his journey prosperous or not.
1;1. Mose;1Mo;24;22;1Mo 24,22;Rebekka;Als die Kamele genug getrunken hatten, nahm der Mann einen goldenen Nasenring. Er wog einen halben Schekel, etwa 6 Gramm. Und er nahm zwei goldene Armreifen für ihre Arme. Sie wogen zehn Schekel, etwa 115 Gramm.;As the camels had finished drinking, the man took a golden ring of half a shekel weight, and two bracelets for her hands of ten shekels weight of gold,
1;1. Mose;1Mo;24;23;1Mo 24,23;Rebekka;Er sagte: „Wessen Tochter bist du? Sag es mir doch. Gibt es im Haus deines Vaters Platz für uns zum Übernachten?“;and said, “Whose daughter are you? Please tell me. Is there room in your father’s house for us to stay?”
1;1. Mose;1Mo;24;24;1Mo 24,24;Rebekka;Sie antwortete ihm: „Ich bin die Tochter von Betuël, dem Sohn von Milka, den sie Nahor geboren hat.“;She said to him, “I am the daughter of Bethuel the son of Milcah, whom she bore to Nahor.”
1;1. Mose;1Mo;24;25;1Mo 24,25;Rebekka;Und sie sagte weiter: „Wir haben genug Stroh und Futter. Und wir haben auch Platz zum Übernachten.“;She said moreover to him, “We have both straw and feed enough, and room to lodge in.”
1;1. Mose;1Mo;24;26;1Mo 24,26;Rebekka;Da verneigte sich der Mann und betete den HERRN an.;The man bowed his head, and worshiped Yahweh.
1;1. Mose;1Mo;24;27;1Mo 24,27;Rebekka;Er sagte: „Gepriesen sei der HERR, der Gott meines Herrn Abraham! Er hat meinem Herrn seine Gnade und Treue nicht entzogen. Der HERR hat mich direkt zum Haus der Verwandten meines Herrn geführt.“;He said, “Blessed be Yahweh, the God of my master Abraham, who has not forsaken his loving kindness and his truth toward my master. As for me, Yahweh has led me on the way to the house of my master’s relatives.”
1;1. Mose;1Mo;24;28;1Mo 24,28;Laban empfängt den Knecht;Das Mädchen lief nach Hause und erzählte in der Familie ihrer Mutter, was geschehen war.;The young lady ran, and told her mother’s house about these words.
1;1. Mose;1Mo;24;29;1Mo 24,29;Laban empfängt den Knecht;Rebekka hatte einen Bruder. Er hieß Laban. Laban lief hinaus zu dem Mann an der Quelle.;Rebekah had a brother, and his name was Laban. Laban ran out to the man, to the spring.
1;1. Mose;1Mo;24;30;1Mo 24,30;Laban empfängt den Knecht;Er hatte nämlich den Nasenring und die Armreifen an den Armen seiner Schwester gesehen. Und er hatte gehört, wie seine Schwester Rebekka erzählte: „So hat der Mann zu mir gesagt.“ Darum ging er zu dem Mann. Und schau: Der stand noch bei den Kamelen an der Quelle.;When he saw the ring, and the bracelets on his sister’s hands, and when he heard the words of Rebekah his sister, saying, “This is what the man said to me,” he came to the man. Behold, he was standing by the camels at the spring.
1;1. Mose;1Mo;24;31;1Mo 24,31;Laban empfängt den Knecht;Laban sagte: „Komm herein, du Gesegneter des HERRN! Warum stehst du hier draußen? Ich habe das Haus aufgeräumt und Platz für die Kamele gemacht.“;He said, “Come in, you blessed of Yahweh. Why do you stand outside? For I have prepared the house, and room for the camels.”
1;1. Mose;1Mo;24;32;1Mo 24,32;Laban empfängt den Knecht;Da kam der Mann ins Haus. Man lud die Kamele ab und gab ihnen Stroh und Futter. Und man brachte Wasser, damit er und die Männer, die bei ihm waren, sich die Füße waschen konnten.;The man came into the house, and he unloaded the camels. He gave straw and feed for the camels, and water to wash his feet and the feet of the men who were with him.
1;1. Mose;1Mo;24;33;1Mo 24,33;Laban empfängt den Knecht;Dann stellte man ihm etwas zu essen hin. Aber er sagte: „Ich esse erst, wenn ich gesagt habe, was ich zu sagen habe.“ Laban sagte: „Sprich!“;Food was set before him to eat, but he said, “I will not eat until I have told my message.” Laban said, “Speak on.”
1;1. Mose;1Mo;24;34;1Mo 24,34;Der Knecht erzählt alles;Er sagte: „Ich bin der Knecht von Abraham.;He said, “I am Abraham’s servant.
1;1. Mose;1Mo;24;35;1Mo 24,35;Der Knecht erzählt alles;Der HERR hat meinen Herrn reich gesegnet. Er ist sehr reich geworden. Der HERR hat ihm Schafe und Rinder gegeben, Silber und Gold, Knechte und Mägde, Kamele und Esel.;Yahweh has blessed my master greatly. He has become great. Yahweh has given him flocks and herds, silver and gold, male servants and female servants, and camels and donkeys.
1;1. Mose;1Mo;24;36;1Mo 24,36;Der Knecht erzählt alles;Sara, die Frau meines Herrn, hat meinem Herrn noch im Alter einen Sohn geboren. Ihm hat er alles gegeben, was er besitzt.;Sarah, my master’s wife, bore a son to my master when she was old. He has given all that he has to him.
1;1. Mose;1Mo;24;37;1Mo 24,37;Der Knecht erzählt alles;Mein Herr hat mich schwören lassen und gesagt: ‚Du sollst für meinen Sohn keine Frau nehmen von den Töchtern der Kanaaniter, in deren Land ich wohne.;My master made me swear, saying, ‘You shall not take a wife for my son from the daughters of the Canaanites, in whose land I live,
1;1. Mose;1Mo;24;38;1Mo 24,38;Der Knecht erzählt alles;Sondern geh zum Haus meines Vaters und zu meiner Familie. Dort sollst du eine Frau für meinen Sohn holen.‘;but you shall go to my father’s house, and to my relatives, and take a wife for my son.’
1;1. Mose;1Mo;24;39;1Mo 24,39;Der Knecht erzählt alles;Ich sagte zu meinem Herrn: ‚Vielleicht will die Frau mir nicht folgen.‘;I asked my master, ‘What if the woman will not follow me?’
1;1. Mose;1Mo;24;40;1Mo 24,40;Der Knecht erzählt alles;Er sagte zu mir: ‚Der HERR, vor dem ich lebe, wird seinen Engel mit dir schicken. Er wird deine Reise gelingen lassen. Du sollst für meinen Sohn eine Frau holen aus meiner Familie, aus dem Haus meines Vaters.;He said to me, ‘Yahweh, before whom I walk, will send his angel with you, and prosper your way. You shall take a wife for my son from my relatives, and of my father’s house.
1;1. Mose;1Mo;24;41;1Mo 24,41;Der Knecht erzählt alles;Dann bist du frei von meinem Schwur, wenn du zu meiner Familie kommst. Wenn sie dir die Frau nicht geben, dann bist du frei von meinem Schwur.‘;Then you will be clear from my oath, when you come to my relatives. If they don’t give her to you, you shall be clear from my oath.’
1;1. Mose;1Mo;24;42;1Mo 24,42;Der Knecht erzählt alles;Heute bin ich zu der Quelle gekommen. Da habe ich gebetet: ‚HERR, Gott meines Herrn Abraham, wenn du doch meine Reise gelingen lassen willst –;I came today to the spring, and said, ‘Yahweh, the God of my master Abraham, if now you do prosper my way which I go—
1;1. Mose;1Mo;24;43;1Mo 24,43;Der Knecht erzählt alles;schau, ich stehe hier an der Wasserquelle. Ich will zu dem Mädchen, das herauskommt, um Wasser zu schöpfen, sagen: „Gib mir doch ein wenig Wasser aus deinem Krug zu trinken.“;behold, I am standing by this spring of water. Let it happen, that the maiden who comes out to draw, to whom I will say, “Please give me a little water from your pitcher to drink,”
1;1. Mose;1Mo;24;44;1Mo 24,44;Der Knecht erzählt alles;Wenn sie dann zu mir sagt: „Trink, und auch für deine Kamele will ich schöpfen“ – dann soll sie die Frau sein, die der HERR für den Sohn meines Herrn bestimmt hat.‘;then she tells me, “Drink, and I will also draw for your camels,”—let her be the woman whom Yahweh has appointed for my master’s son.’
1;1. Mose;1Mo;24;45;1Mo 24,45;Der Knecht erzählt alles;Ich hatte in meinem Herzen noch nicht zu Ende gebetet, da kam schon Rebekka heraus, mit ihrem Krug auf der Schulter. Sie ging zur Quelle hinab und schöpfte Wasser. Ich sagte zu ihr: ‚Gib mir doch zu trinken.‘;Before I had finished speaking in my heart, behold, Rebekah came out with her pitcher on her shoulder. She went down to the spring, and drew. I said to her, ‘Please let me drink.’
1;1. Mose;1Mo;24;46;1Mo 24,46;Der Knecht erzählt alles;Schnell nahm sie ihren Krug von der Schulter und sagte: ‚Trink, und auch deinen Kamelen will ich zu trinken geben.‘ Da trank ich, und sie gab auch den Kamelen zu trinken.;She hurried and let down her pitcher from her shoulder, and said, ‘Drink, and I will also give your camels a drink.’ So I drank, and she also gave the camels a drink.
1;1. Mose;1Mo;24;47;1Mo 24,47;Der Knecht erzählt alles;Ich fragte sie: ‚Wessen Tochter bist du?‘ Sie sagte: ‚Die Tochter von Betuël, dem Sohn von Nahor, den Milka ihm geboren hat.‘ Da legte ich ihr den Ring an die Nase und die Reifen an die Arme.;I asked her, and said, ‘Whose daughter are you?’ She said, ‘The daughter of Bethuel, Nahor’s son, whom Milcah bore to him.’ I put the ring on her nose, and the bracelets on her hands.
1;1. Mose;1Mo;24;48;1Mo 24,48;Der Knecht erzählt alles;Ich verneigte mich und betete den HERRN an. Ich pries den HERRN, den Gott meines Herrn Abraham. Er hat mich den richtigen Weg geführt, um die Tochter vom Verwandten meines Herrn für seinen Sohn zu holen.;I bowed my head, and worshiped Yahweh, and blessed Yahweh, the God of my master Abraham, who had led me in the right way to take my master’s brother’s daughter for his son.
1;1. Mose;1Mo;24;49;1Mo 24,49;Der Knecht erzählt alles;Und jetzt sagt mir: Wollt ihr meinem Herrn Güte und Treue erweisen? Dann sagt es mir. Wenn nicht, dann sagt es mir auch. Dann weiß ich, ob ich mich nach rechts oder nach links wenden soll.“;Now if you will deal kindly and truly with my master, tell me. If not, tell me, that I may turn to the right hand, or to the left.”
1;1. Mose;1Mo;24;50;1Mo 24,50;Rebekka sagt Ja;Laban und Betuël antworteten: „Das kommt vom HERRN. Wir können dazu weder Nein noch Ja sagen.;Then Laban and Bethuel answered, “The thing proceeds from Yahweh. We can’t speak to you bad or good.
1;1. Mose;1Mo;24;51;1Mo 24,51;Rebekka sagt Ja;Schau, hier ist Rebekka. Nimm sie und zieh los. Sie soll die Frau vom Sohn deines Herrn werden, so wie der HERR es gesagt hat.“;Behold, Rebekah is before you. Take her, and go, and let her be your master’s son’s wife, as Yahweh has spoken.”
1;1. Mose;1Mo;24;52;1Mo 24,52;Rebekka sagt Ja;Als der Knecht von Abraham das hörte, warf er sich vor dem HERRN zur Erde nieder.;When Abraham’s servant heard their words, he bowed himself down to the earth to Yahweh.
1;1. Mose;1Mo;24;53;1Mo 24,53;Rebekka sagt Ja;Dann holte der Knecht Schmuck aus Silber und Gold und Kleider heraus. Er schenkte sie Rebekka. Auch ihrem Bruder und ihrer Mutter gab er wertvolle Geschenke.;The servant brought out jewels of silver, and jewels of gold, and clothing, and gave them to Rebekah. He also gave precious things to her brother and her mother.
1;1. Mose;1Mo;24;54;1Mo 24,54;Rebekka sagt Ja;Dann aßen und tranken sie, er und die Männer, die bei ihm waren. Sie blieben über Nacht. Am Morgen standen sie auf, und er sagte: „Lasst mich zu meinem Herrn zurückziehen.“;They ate and drank, he and the men who were with him, and stayed all night. They rose up in the morning, and he said, “Send me away to my master.”
1;1. Mose;1Mo;24;55;1Mo 24,55;Rebekka sagt Ja;Ihr Bruder und ihre Mutter sagten: „Lass das Mädchen noch ein paar Tage bei uns bleiben, wenigstens zehn. Dann kann sie gehen.“;Her brother and her mother said, “Let the young lady stay with us a few days, at least ten. After that she will go.”
1;1. Mose;1Mo;24;56;1Mo 24,56;Rebekka sagt Ja;Aber er sagte zu ihnen: „Haltet mich nicht auf! Der HERR hat meine Reise gelingen lassen. Lasst mich gehen, damit ich zu meinem Herrn ziehen kann.“;He said to them, “Don’t hinder me, since Yahweh has prospered my way. Send me away that I may go to my master.”
1;1. Mose;1Mo;24;57;1Mo 24,57;Rebekka sagt Ja;Sie sagten: „Wir wollen das Mädchen rufen und sie selbst fragen.“;They said, “We will call the young lady, and ask her.”
1;1. Mose;1Mo;24;58;1Mo 24,58;Rebekka sagt Ja;Sie riefen Rebekka und fragten sie: „Willst du mit diesem Mann gehen?“ Sie antwortete: „Ja, ich will gehen.“;They called Rebekah, and said to her, “Will you go with this man?” She said, “I will go.”
1;1. Mose;1Mo;24;59;1Mo 24,59;Rebekka sagt Ja;Da ließen sie ihre Schwester Rebekka ziehen, zusammen mit ihrer Amme, mit dem Knecht von Abraham und seinen Männern.;They sent away Rebekah, their sister, with her nurse, Abraham’s servant, and his men.
1;1. Mose;1Mo;24;60;1Mo 24,60;Rebekka sagt Ja;Sie segneten Rebekka und sagten zu ihr: „Unsere Schwester, werde zu Tausenden und Zehntausenden! Deine Nachkommen sollen die Tore ihrer Feinde erobern.“;They blessed Rebekah, and said to her, “Our sister, may you be the mother of thousands of ten thousands, and let your offspring possess the gate of those who hate them.”
1;1. Mose;1Mo;24;61;1Mo 24,61;Rebekka sagt Ja;Rebekka machte sich mit ihren Mägden auf den Weg. Sie stiegen auf die Kamele und folgten dem Mann. So nahm der Knecht Rebekka mit und zog los.;Rebekah arose with her ladies. They rode on the camels, and followed the man. The servant took Rebekah, and went his way.
1;1. Mose;1Mo;24;62;1Mo 24,62;Isaak und Rebekka;Isaak war inzwischen vom Brunnen Beer-Lachai-Roï zurückgekommen. Er wohnte im Südland.;Isaac came from the way of Beer Lahai Roi, for he lived in the land of the South.
1;1. Mose;1Mo;24;63;1Mo 24,63;Isaak und Rebekka;Gegen Abend ging Isaak hinaus aufs Feld, um nachzudenken und zu beten. Er schaute auf. Da sah er: Kamele kamen heran.;Isaac went out to meditate in the field at the evening. He lifted up his eyes and looked. Behold, there were camels coming.
1;1. Mose;1Mo;24;64;1Mo 24,64;Isaak und Rebekka;Auch Rebekka schaute auf. Als sie Isaak sah, stieg sie schnell vom Kamel.;Rebekah lifted up her eyes, and when she saw Isaac, she got off the camel.
1;1. Mose;1Mo;24;65;1Mo 24,65;Isaak und Rebekka;Sie fragte den Knecht: „Wer ist der Mann, der uns dort auf dem Feld entgegenkommt?“ Der Knecht sagte: „Das ist mein Herr.“ Da nahm sie ihren Schleier und verhüllte sich.;She said to the servant, “Who is the man who is walking in the field to meet us?” The servant said, “It is my master.” She took her veil, and covered herself.
1;1. Mose;1Mo;24;66;1Mo 24,66;Isaak und Rebekka;Der Knecht erzählte Isaak alles, was er erlebt hatte.;The servant told Isaac all the things that he had done.
1;1. Mose;1Mo;24;67;1Mo 24,67;Isaak und Rebekka;Isaak führte Rebekka in das Zelt seiner Mutter Sara. Er nahm Rebekka zur Frau. Und er liebte sie. So wurde Isaak getröstet nach dem Tod seiner Mutter.;Isaac brought her into his mother Sarah’s tent, and took Rebekah, and she became his wife. He loved her. So Isaac was comforted after his mother’s death.
1;1. Mose;1Mo;25;1;1Mo 25,1;Abrahams weitere Kinder;Abraham nahm sich noch eine Frau. Sie hieß Ketura.;Abraham took another wife, and her name was Keturah.
1;1. Mose;1Mo;25;2;1Mo 25,2;Abrahams weitere Kinder;Sie gebar ihm Simran, Jokschan, Medan, Midian, Jischbak und Schuach.;She bore him Zimran, Jokshan, Medan, Midian, Ishbak, and Shuah.
1;1. Mose;1Mo;25;3;1Mo 25,3;Abrahams weitere Kinder;Jokschan wurde der Vater von Saba und Dedan. Die Söhne von Dedan waren die Aschuriter, die Letuschiter und die Lëummiter.;Jokshan became the father of Sheba, and Dedan. The sons of Dedan were Asshurim, Letushim, and Leummim.
1;1. Mose;1Mo;25;4;1Mo 25,4;Abrahams weitere Kinder;Die Söhne von Midian waren Efa, Efer, Henoch, Abida und Eldaa. Das alles waren Nachkommen von Ketura.;The sons of Midian were Ephah, Epher, Hanoch, Abida, and Eldaah. All these were the children of Keturah.
1;1. Mose;1Mo;25;5;1Mo 25,5;Abrahams weitere Kinder;Abraham gab Isaak alles, was er besaß.;Abraham gave all that he had to Isaac,
1;1. Mose;1Mo;25;6;1Mo 25,6;Abrahams weitere Kinder;Den Söhnen seiner Nebenfrauen aber gab Abraham Geschenke. Und noch zu seinen Lebzeiten schickte er sie weg von seinem Sohn Isaak, nach Osten, ins Land des Ostens.;but Abraham gave gifts to the sons of Abraham’s concubines. While he still lived, he sent them away from Isaac his son, eastward, to the east country.
1;1. Mose;1Mo;25;7;1Mo 25,7;Abraham stirbt;Abraham wurde 175 Jahre alt. So lange lebte Abraham.;These are the days of the years of Abraham’s life which he lived: one hundred seventy-five years.
1;1. Mose;1Mo;25;8;1Mo 25,8;Abraham stirbt;Dann hauchte er seinen Geist aus und starb in hohem Alter, alt und lebenssatt. Und er wurde mit seinen Vorfahren vereint.;Abraham gave up his spirit, and died at a good old age, an old man, and full of years, and was gathered to his people.
1;1. Mose;1Mo;25;9;1Mo 25,9;Abraham stirbt;Seine Söhne Isaak und Ismael begruben ihn in der Höhle Machpela, auf dem Feld von Efron, dem Sohn des Hetiters Zohar, östlich von Mamre.;Isaac and Ishmael, his sons, buried him in the cave of Machpelah, in the field of Ephron, the son of Zohar the Hittite, which is near Mamre,
1;1. Mose;1Mo;25;10;1Mo 25,10;Abraham stirbt;Das war das Feld, das Abraham von den Hetitern gekauft hatte. Dort wurde Abraham begraben, bei seiner Frau Sara.;the field which Abraham purchased from the children of Heth. Abraham was buried there with Sarah, his wife.
1;1. Mose;1Mo;25;11;1Mo 25,11;Abraham stirbt;Nach Abrahams Tod segnete Gott seinen Sohn Isaak. Isaak wohnte beim Brunnen Beer-Lachai-Roï.;After the death of Abraham, God blessed Isaac, his son. Isaac lived by Beer Lahai Roi.
1;1. Mose;1Mo;25;12;1Mo 25,12;Die Familie von Ismael;Das ist die Familiengeschichte von Ismael, dem Sohn Abrahams. Ihn hatte die Ägypterin Hagar, die Magd von Sara, Abraham geboren.;Now this is the history of the generations of Ishmael, Abraham’s son, whom Hagar the Egyptian, Sarah’s servant, bore to Abraham.
1;1. Mose;1Mo;25;13;1Mo 25,13;Die Familie von Ismael;Das sind die Namen der Söhne Ismaels, in der Reihenfolge ihrer Geburt: Der Erstgeborene von Ismael war Nebajot, dann kamen Kedar, Adbeël, Mibsam,;These are the names of the sons of Ishmael, by their names, according to the order of their birth: the firstborn of Ishmael, Nebaioth, then Kedar, Adbeel, Mibsam,
1;1. Mose;1Mo;25;14;1Mo 25,14;Die Familie von Ismael;Mischma, Duma, Massa,;Mishma, Dumah, Massa,
1;1. Mose;1Mo;25;15;1Mo 25,15;Die Familie von Ismael;Hadad, Tema, Jetur, Nafisch und Kedma.;Hadad, Tema, Jetur, Naphish, and Kedemah.
1;1. Mose;1Mo;25;16;1Mo 25,16;Die Familie von Ismael;Das sind die Söhne Ismaels. Nach ihnen sind ihre Dörfer und Zeltlager benannt. Es sind zwölf Fürsten mit ihren Stämmen.;These are the sons of Ishmael, and these are their names, by their villages, and by their encampments: twelve princes, according to their nations.
1;1. Mose;1Mo;25;17;1Mo 25,17;Die Familie von Ismael;Ismael wurde 137 Jahre alt. Dann hauchte er seinen Geist aus und starb. Und er wurde mit seinen Vorfahren vereint.;These are the years of the life of Ishmael: one hundred thirty-seven years. He gave up his spirit and died, and was gathered to his people.
1;1. Mose;1Mo;25;18;1Mo 25,18;Die Familie von Ismael;Seine Nachkommen wohnten von Hawila bis nach Schur, das östlich von Ägypten liegt, in Richtung Assyrien. Ismael ließ sich gegenüber von allen seinen Brüdern nieder.;They lived from Havilah to Shur that is before Egypt, as you go toward Assyria. He lived opposite all his relatives.
1;1. Mose;1Mo;25;19;1Mo 25,19;Zwei Völker in einem Bauch;Das ist die Familiengeschichte von Isaak, dem Sohn Abrahams. Abraham wurde der Vater von Isaak.;This is the history of the generations of Isaac, Abraham’s son. Abraham became the father of Isaac.
1;1. Mose;1Mo;25;20;1Mo 25,20;Zwei Völker in einem Bauch;Isaak war 40 Jahre alt, als er Rebekka heiratete. Sie war die Tochter von Betuël, dem Aramäer aus Paddan-Aram, und die Schwester von Laban, dem Aramäer.;Isaac was forty years old when he took Rebekah, the daughter of Bethuel the Syrian of Paddan Aram, the sister of Laban the Syrian, to be his wife.
1;1. Mose;1Mo;25;21;1Mo 25,21;Zwei Völker in einem Bauch;Isaak betete zum HERRN für seine Frau. Denn sie war unfruchtbar. Der HERR erhörte sein Gebet. Und seine Frau Rebekka wurde schwanger.;Isaac entreated Yahweh for his wife, because she was barren. Yahweh was entreated by him, and Rebekah his wife conceived.
1;1. Mose;1Mo;25;22;1Mo 25,22;Zwei Völker in einem Bauch;Die Kinder stießen sich gegenseitig in ihrem Bauch. Da sagte sie: „Wenn das so ist – warum lebe ich dann überhaupt?“ Und sie ging, um den HERRN zu befragen.;The children struggled together within her. She said, “If it is like this, why do I live?” She went to inquire of Yahweh.
1;1. Mose;1Mo;25;23;1Mo 25,23;Zwei Völker in einem Bauch;Der HERR sagte zu ihr: „Zwei Völker sind in deinem Bauch. Zwei Völker werden sich von dir aus trennen. Das eine Volk wird stärker sein als das andere. Und der Ältere wird dem Jüngeren dienen.“;Yahweh said to her, “Two nations are in your womb. Two peoples will be separated from your body. The one people will be stronger than the other people. The elder will serve the younger.”
1;1. Mose;1Mo;25;24;1Mo 25,24;Zwei Völker in einem Bauch;Als die Zeit kam, dass sie gebären sollte – schau: Da waren Zwillinge in ihrem Bauch.;When her days to be delivered were fulfilled, behold, there were twins in her womb.
1;1. Mose;1Mo;25;25;1Mo 25,25;Zwei Völker in einem Bauch;Der Erste kam heraus. Er war rötlich und am ganzen Körper behaart wie ein Fellmantel. Man nannte ihn Esau.;The first came out red all over, like a hairy garment. They named him Esau.
1;1. Mose;1Mo;25;26;1Mo 25,26;Zwei Völker in einem Bauch;Danach kam sein Bruder heraus. Seine Hand hielt die Ferse von Esau fest. Man nannte ihn Jakob. Isaak war 60 Jahre alt, als sie geboren wurden.;After that, his brother came out, and his hand had hold on Esau’s heel. He was named Jacob. Isaac was sixty years old when she bore them.
1;1. Mose;1Mo;25;27;1Mo 25,27;Zwei ganz verschiedene Brüder;Die Jungen wuchsen heran. Esau wurde ein geschickter Jäger, ein Mann, der draußen auf dem Feld lebte. Jakob war ein ruhiger Mann, der in den Zelten blieb.;The boys grew. Esau was a skillful hunter, a man of the field. Jacob was a quiet man, living in tents.
1;1. Mose;1Mo;25;28;1Mo 25,28;Zwei ganz verschiedene Brüder;Isaak liebte Esau, denn er aß gern das Wild, das Esau jagte. Rebekka aber liebte Jakob.;Now Isaac loved Esau, because he ate his venison. Rebekah loved Jacob.
1;1. Mose;1Mo;25;29;1Mo 25,29;Das Linsengericht;Einmal kochte Jakob ein Gericht. Da kam Esau vom Feld nach Hause. Er war völlig erschöpft.;Jacob boiled stew. Esau came in from the field, and he was famished.
1;1. Mose;1Mo;25;30;1Mo 25,30;Das Linsengericht;Esau sagte zu Jakob: „Lass mich schnell von dem Roten da essen, von dem roten Zeug! Ich bin völlig erschöpft.“ Darum nennt man ihn Edom, das heißt „der Rote“.;Esau said to Jacob, “Please feed me with some of that red stew, for I am famished.” Therefore his name was called Edom.
1;1. Mose;1Mo;25;31;1Mo 25,31;Das Linsengericht;Jakob sagte: „Verkauf mir zuerst dein Erstgeburtsrecht.“;Jacob said, “First, sell me your birthright.”
1;1. Mose;1Mo;25;32;1Mo 25,32;Das Linsengericht;Esau sagte: „Schau, ich sterbe sowieso bald. Was nützt mir dann das Erstgeburtsrecht?“;Esau said, “Behold, I am about to die. What good is the birthright to me?”
1;1. Mose;1Mo;25;33;1Mo 25,33;Das Linsengericht;Jakob sagte: „Schwör es mir zuerst.“ Da schwor Esau es ihm. Und so verkaufte er sein Erstgeburtsrecht an Jakob.;Jacob said, “Swear to me first.” He swore to him. He sold his birthright to Jacob.
1;1. Mose;1Mo;25;34;1Mo 25,34;Das Linsengericht;Jakob gab Esau Brot und das Linsengericht. Esau aß und trank. Dann stand er auf und ging weg. So wenig lag Esau an seinem Erstgeburtsrecht.;Jacob gave Esau bread and lentil stew. He ate and drank, rose up, and went his way. So Esau despised his birthright.
1;1. Mose;1Mo;26;1;1Mo 26,1;Gott erneuert sein Versprechen an Isaak;Wieder kam eine Hungersnot über das Land. Es war nicht die erste Hungersnot, die es zur Zeit von Abraham gegeben hatte. Da ging Isaak nach Gerar zu Abimelech, dem König der Philister.;There was a famine in the land, in addition to the first famine that was in the days of Abraham. Isaac went to Abimelech king of the Philistines, to Gerar.
1;1. Mose;1Mo;26;2;1Mo 26,2;Gott erneuert sein Versprechen an Isaak;Da erschien ihm der HERR und sagte: „Geh nicht hinab nach Ägypten. Bleib in dem Land, das ich dir sagen werde.;Yahweh appeared to him, and said, “Don’t go down into Egypt. Live in the land I will tell you about.
1;1. Mose;1Mo;26;3;1Mo 26,3;Gott erneuert sein Versprechen an Isaak;Lebe als Fremder in diesem Land. Ich will mit dir sein und dich segnen. Denn dir und deinen Nachkommen will ich alle diese Länder geben. Und ich will den Schwur erfüllen, den ich deinem Vater Abraham geschworen habe.;Live in this land, and I will be with you, and will bless you. For I will give to you, and to your offspring, all these lands, and I will establish the oath which I swore to Abraham your father.
1;1. Mose;1Mo;26;4;1Mo 26,4;Gott erneuert sein Versprechen an Isaak;Ich will deine Nachkommen so zahlreich machen wie die Sterne am Himmel. Ich will deinen Nachkommen alle diese Länder geben. Und durch deine Nachkommen sollen alle Völker der Erde gesegnet werden.;I will multiply your offspring as the stars of the sky, and will give all these lands to your offspring. In your offspring all the nations of the earth will be blessed,
1;1. Mose;1Mo;26;5;1Mo 26,5;Gott erneuert sein Versprechen an Isaak;Denn Abraham hat auf meine Stimme gehört. Er hat meine Weisungen befolgt, meine Gebote, meine Ordnungen und meine Gesetze.“;because Abraham obeyed my voice, and kept my requirements, my commandments, my statutes, and my laws.”
1;1. Mose;1Mo;26;6;1Mo 26,6;Gott erneuert sein Versprechen an Isaak;So blieb Isaak in Gerar wohnen.;Isaac lived in Gerar.
1;1. Mose;1Mo;26;7;1Mo 26,7;Isaak wiederholt Abrahams Fehler;Die Männer des Ortes fragten ihn nach seiner Frau. Er sagte: „Sie ist meine Schwester.“ Denn er hatte Angst zu sagen: „Sie ist meine Frau.“ Er dachte: „Die Männer hier könnten mich umbringen, um Rebekka zu bekommen. Denn sie ist sehr schön.“;The men of the place asked him about his wife. He said, “She is my sister,” for he was afraid to say, “My wife”, lest, he thought, “the men of the place might kill me for Rebekah, because she is beautiful to look at.”
1;1. Mose;1Mo;26;8;1Mo 26,8;Isaak wiederholt Abrahams Fehler;Als er schon längere Zeit dort war, schaute Abimelech, der König der Philister, einmal aus dem Fenster. Da sah er: Isaak scherzte und schmuste mit seiner Frau Rebekka.;When he had been there a long time, Abimelech king of the Philistines looked out at a window, and saw, and, behold, Isaac was caressing Rebekah, his wife.
1;1. Mose;1Mo;26;9;1Mo 26,9;Isaak wiederholt Abrahams Fehler;Abimelech rief Isaak zu sich und sagte: „Schau, sie ist doch deine Frau! Warum hast du gesagt: ‚Sie ist meine Schwester‘?“ Isaak antwortete ihm: „Ich dachte, ich könnte ihretwegen umkommen.“;Abimelech called Isaac, and said, “Behold, surely she is your wife. Why did you say, ‘She is my sister’?” Isaac said to him, “Because I said, ‘Lest I die because of her.’”
1;1. Mose;1Mo;26;10;1Mo 26,10;Isaak wiederholt Abrahams Fehler;Abimelech sagte: „Was hast du uns da angetan? Fast hätte einer aus dem Volk mit deiner Frau geschlafen. Dann hättest du große Schuld über uns gebracht!“;Abimelech said, “What is this you have done to us? One of the people might easily have lain with your wife, and you would have brought guilt on us!”
1;1. Mose;1Mo;26;11;1Mo 26,11;Isaak wiederholt Abrahams Fehler;Da gab Abimelech dem ganzen Volk einen Befehl: „Wer diesen Mann oder seine Frau anrührt, der muss sterben.“;Abimelech commanded all the people, saying, “He who touches this man or his wife will surely be put to death.”
1;1. Mose;1Mo;26;12;1Mo 26,12;Isaak wird reich – und beneidet;Isaak säte in diesem Land. Und er erntete im selben Jahr hundertmal so viel, wie er gesät hatte. Denn der HERR segnete ihn.;Isaac sowed in that land, and reaped in the same year one hundred times what he planted. Yahweh blessed him.
1;1. Mose;1Mo;26;13;1Mo 26,13;Isaak wird reich – und beneidet;Der Mann wurde reich. Er wurde immer reicher, bis er sehr reich war.;The man grew great, and grew more and more until he became very great.
1;1. Mose;1Mo;26;14;1Mo 26,14;Isaak wird reich – und beneidet;Er besaß Herden von Schafen und Ziegen, Herden von Rindern und viele Knechte und Mägde. Da wurden die Philister neidisch auf ihn.;He had possessions of flocks, possessions of herds, and a great household. The Philistines envied him.
1;1. Mose;1Mo;26;15;1Mo 26,15;Isaak wird reich – und beneidet;Die Philister schütteten alle Brunnen zu, die die Knechte seines Vaters Abraham zu Abrahams Lebzeiten gegraben hatten. Sie füllten sie mit Erde.;Now all the wells which his father’s servants had dug in the days of Abraham his father, the Philistines had stopped, and filled with earth.
1;1. Mose;1Mo;26;16;1Mo 26,16;Isaak wird reich – und beneidet;Und Abimelech sagte zu Isaak: „Geh weg von uns! Du bist viel mächtiger geworden als wir.“;Abimelech said to Isaac, “Go away from us, for you are much mightier than we.”
1;1. Mose;1Mo;26;17;1Mo 26,17;Isaak wird reich – und beneidet;Da zog Isaak von dort weg. Er schlug sein Lager im Tal von Gerar auf und blieb dort.;Isaac departed from there, encamped in the valley of Gerar, and lived there.
1;1. Mose;1Mo;26;18;1Mo 26,18;Streit um die Brunnen;Isaak grub die Wasserbrunnen wieder auf, die man zur Zeit seines Vaters Abraham gegraben hatte. Denn die Philister hatten sie nach Abrahams Tod zugeschüttet. Er gab ihnen wieder dieselben Namen, die sein Vater ihnen gegeben hatte.;Isaac dug again the wells of water, which they had dug in the days of Abraham his father, for the Philistines had stopped them after the death of Abraham. He called their names after the names by which his father had called them.
1;1. Mose;1Mo;26;19;1Mo 26,19;Streit um die Brunnen;Die Knechte von Isaak gruben im Tal. Dort fanden sie einen Brunnen mit frischem, fließendem Wasser.;Isaac’s servants dug in the valley, and found there a well of flowing water.
1;1. Mose;1Mo;26;20;1Mo 26,20;Streit um die Brunnen;Aber die Hirten von Gerar stritten mit den Hirten von Isaak. Sie sagten: „Das Wasser gehört uns!“ Da nannte Isaak den Brunnen Esek, das heißt „Zank“. Denn sie hatten mit ihm gezankt.;The herdsmen of Gerar argued with Isaac’s herdsmen, saying, “The water is ours.” So he called the name of the well Esek, because they contended with him.
1;1. Mose;1Mo;26;21;1Mo 26,21;Streit um die Brunnen;Dann gruben sie einen anderen Brunnen. Auch um diesen stritten sie. Da nannte er ihn Sitna, das heißt „Feindschaft“.;They dug another well, and they argued over that, also. So he called its name Sitnah.
1;1. Mose;1Mo;26;22;1Mo 26,22;Streit um die Brunnen;Da zog er von dort weiter und grub noch einen Brunnen. Um diesen stritten sie nicht. Da nannte er ihn Rehobot, das heißt „Weite“. Er sagte: „Jetzt hat uns der HERR weiten Raum geschaffen. Jetzt können wir im Land wachsen.“;He left that place, and dug another well. They didn’t argue over that one. So he called it Rehoboth. He said, “For now Yahweh has made room for us, and we will be fruitful in the land.”
1;1. Mose;1Mo;26;23;1Mo 26,23;Gott erscheint Isaak in Beerscheba;Von dort zog Isaak hinauf nach Beerscheba.;He went up from there to Beersheba.
1;1. Mose;1Mo;26;24;1Mo 26,24;Gott erscheint Isaak in Beerscheba;In der Nacht erschien ihm der HERR und sagte: „Ich bin der Gott deines Vaters Abraham. Hab keine Angst, denn ich bin bei dir. Ich will dich segnen und deine Nachkommen zahlreich machen, wegen meines Knechtes Abraham.“;Yahweh appeared to him the same night, and said, “I am the God of Abraham your father. Don’t be afraid, for I am with you, and will bless you, and multiply your offspring for my servant Abraham’s sake.”
1;1. Mose;1Mo;26;25;1Mo 26,25;Gott erscheint Isaak in Beerscheba;Da baute Isaak dort einen Altar und rief den Namen des HERRN an. Er schlug dort sein Zelt auf. Und seine Knechte gruben dort einen Brunnen.;He built an altar there, and called on Yahweh’s name, and pitched his tent there. There Isaac’s servants dug a well.
1;1. Mose;1Mo;26;26;1Mo 26,26;Frieden mit Abimelech;Da kam Abimelech aus Gerar zu ihm. Mit ihm kamen sein Berater Ahusat und Pichol, der Anführer seines Heeres.;Then Abimelech went to him from Gerar with Ahuzzath his friend, and Phicol the captain of his army.
1;1. Mose;1Mo;26;27;1Mo 26,27;Frieden mit Abimelech;Isaak sagte zu ihnen: „Warum kommt ihr zu mir? Ihr hasst mich doch und habt mich von euch weggejagt.“;Isaac said to them, “Why have you come to me, since you hate me, and have sent me away from you?”
1;1. Mose;1Mo;26;28;1Mo 26,28;Frieden mit Abimelech;Sie antworteten: „Wir haben deutlich gesehen, dass der HERR mit dir ist. Darum haben wir gedacht: Es soll ein Schwur zwischen uns und dir sein. Wir wollen einen Vertrag mit dir schließen:;They said, “We saw plainly that Yahweh was with you. We said, ‘Let there now be an oath between us, even between us and you, and let’s make a covenant with you,
1;1. Mose;1Mo;26;29;1Mo 26,29;Frieden mit Abimelech;Du sollst uns nichts Böses tun. Wir haben dich ja auch nicht angerührt. Wir haben dir nur Gutes getan und dich in Frieden ziehen lassen. Du bist jetzt der Gesegnete des HERRN.“;that you will do us no harm, as we have not touched you, and as we have done to you nothing but good, and have sent you away in peace.’ You are now the blessed of Yahweh.”
1;1. Mose;1Mo;26;30;1Mo 26,30;Frieden mit Abimelech;Da machte Isaak ihnen ein Festessen, und sie aßen und tranken.;He made them a feast, and they ate and drank.
1;1. Mose;1Mo;26;31;1Mo 26,31;Frieden mit Abimelech;Am nächsten Morgen standen sie früh auf und schworen einander einen Eid. Dann verabschiedete Isaak sie. Und sie gingen in Frieden von ihm weg.;They rose up some time in the morning, and swore an oath to one another. Isaac sent them away, and they departed from him in peace.
1;1. Mose;1Mo;26;32;1Mo 26,32;Frieden mit Abimelech;Am selben Tag kamen die Knechte von Isaak. Sie erzählten ihm von dem Brunnen, den sie gegraben hatten. Sie sagten: „Wir haben Wasser gefunden!“;The same day, Isaac’s servants came, and told him concerning the well which they had dug, and said to him, “We have found water.”
1;1. Mose;1Mo;26;33;1Mo 26,33;Frieden mit Abimelech;Isaak nannte den Brunnen Schiba, das heißt „Schwur“. Darum heißt die Stadt bis heute Beerscheba.;He called it “Shibah”. Therefore the name of the city is “Beersheba” to this day.
1;1. Mose;1Mo;26;34;1Mo 26,34;Esaus Frauen;Als Esau 40 Jahre alt war, heiratete er Judit, die Tochter des Hetiters Beeri, und Basemat, die Tochter des Hetiters Elon.;When Esau was forty years old, he took as wife Judith, the daughter of Beeri the Hittite, and Basemath, the daughter of Elon the Hittite.
1;1. Mose;1Mo;26;35;1Mo 26,35;Esaus Frauen;Die beiden Frauen machten Isaak und Rebekka das Leben schwer und bitter.;They grieved Isaac’s and Rebekah’s spirits.
1;1. Mose;1Mo;27;1;1Mo 27,1;Isaak will Esau segnen;Isaak war alt geworden. Seine Augen waren so schwach, dass er nicht mehr sehen konnte. Da rief er Esau, seinen älteren Sohn, und sagte zu ihm: „Mein Sohn!“ Esau antwortete: „Hier bin ich.“;When Isaac was old, and his eyes were dim, so that he could not see, he called Esau his elder son, and said to him, “My son?” He said to him, “Here I am.”
1;1. Mose;1Mo;27;2;1Mo 27,2;Isaak will Esau segnen;Isaak sagte: „Schau, ich bin alt. Ich weiß nicht, wann ich sterben werde.;He said, “See now, I am old. I don’t know the day of my death.
1;1. Mose;1Mo;27;3;1Mo 27,3;Isaak will Esau segnen;Darum nimm doch deine Waffen, deinen Köcher und deinen Bogen. Geh hinaus aufs Feld und jag mir ein Wild.;Now therefore, please take your weapons, your quiver and your bow, and go out to the field, and get me venison.
1;1. Mose;1Mo;27;4;1Mo 27,4;Isaak will Esau segnen;Mach mir ein leckeres Essen, so wie ich es gern mag. Bring es mir, damit ich esse. Dann will ich dich von Herzen segnen, bevor ich sterbe.“;Make me savory food, such as I love, and bring it to me, that I may eat, and that my soul may bless you before I die.”
1;1. Mose;1Mo;27;5;1Mo 27,5;Rebekkas Plan;Rebekka hatte zugehört, wie Isaak mit seinem Sohn Esau sprach. Esau ging aufs Feld, um ein Wild zu jagen und es nach Hause zu bringen.;Rebekah heard when Isaac spoke to Esau his son. Esau went to the field to hunt for venison, and to bring it.
1;1. Mose;1Mo;27;6;1Mo 27,6;Rebekkas Plan;Da sagte Rebekka zu ihrem Sohn Jakob: „Hör zu! Ich habe gehört, wie dein Vater zu deinem Bruder Esau gesagt hat:;Rebekah spoke to Jacob her son, saying, “Behold, I heard your father speak to Esau your brother, saying,
1;1. Mose;1Mo;27;7;1Mo 27,7;Rebekkas Plan;‚Bring mir ein Wild und mach mir ein leckeres Essen, damit ich esse. Dann will ich dich vor dem HERRN segnen, bevor ich sterbe.‘;‘Bring me venison, and make me savory food, that I may eat, and bless you before Yahweh before my death.’
1;1. Mose;1Mo;27;8;1Mo 27,8;Rebekkas Plan;Und jetzt, mein Sohn, hör auf mich und tu, was ich dir sage.;Now therefore, my son, obey my voice according to that which I command you.
1;1. Mose;1Mo;27;9;1Mo 27,9;Rebekkas Plan;Geh zur Herde und hol mir zwei gute junge Ziegenböcke. Ich will daraus ein leckeres Essen für deinen Vater machen, so wie er es gern mag.;Go now to the flock and get me two good young goats from there. I will make them savory food for your father, such as he loves.
1;1. Mose;1Mo;27;10;1Mo 27,10;Rebekkas Plan;Das bringst du deinem Vater, damit er isst. Dann wird er dich segnen, bevor er stirbt.“;You shall bring it to your father, that he may eat, so that he may bless you before his death.”
1;1. Mose;1Mo;27;11;1Mo 27,11;Rebekkas Plan;Jakob sagte zu seiner Mutter Rebekka: „Schau, mein Bruder Esau ist ein behaarter Mann. Ich aber habe eine glatte Haut.;Jacob said to Rebekah his mother, “Behold, Esau my brother is a hairy man, and I am a smooth man.
1;1. Mose;1Mo;27;12;1Mo 27,12;Rebekkas Plan;Vielleicht betastet mich mein Vater. Dann merkt er, dass ich ihn betrügen will. Dann bringe ich einen Fluch über mich statt einen Segen.“;What if my father touches me? I will seem to him as a deceiver, and I would bring a curse on myself, and not a blessing.”
1;1. Mose;1Mo;27;13;1Mo 27,13;Rebekkas Plan;Seine Mutter sagte zu ihm: „Der Fluch soll auf mich fallen, mein Sohn. Hör nur auf mich. Geh und hol mir die Ziegen.“;His mother said to him, “Let your curse be on me, my son. Only obey my voice, and go get them for me.”
1;1. Mose;1Mo;27;14;1Mo 27,14;Rebekkas Plan;Da ging Jakob, holte die Ziegen und brachte sie seiner Mutter. Seine Mutter machte ein leckeres Essen, so wie sein Vater es gern mochte.;He went, and got them, and brought them to his mother. His mother made savory food, such as his father loved.
1;1. Mose;1Mo;27;15;1Mo 27,15;Rebekkas Plan;Dann nahm Rebekka die guten Kleider von Esau, ihrem älteren Sohn. Sie hatte sie bei sich im Haus. Sie zog sie Jakob an, ihrem jüngeren Sohn.;Rebekah took the good clothes of Esau, her elder son, which were with her in the house, and put them on Jacob, her younger son.
1;1. Mose;1Mo;27;16;1Mo 27,16;Rebekkas Plan;Die Felle der Ziegenböckchen legte sie ihm um die Hände und um den glatten Hals.;She put the skins of the young goats on his hands, and on the smooth of his neck.
1;1. Mose;1Mo;27;17;1Mo 27,17;Rebekkas Plan;Dann gab sie ihrem Sohn Jakob das leckere Essen und das Brot, das sie gemacht hatte, in die Hand.;She gave the savory food and the bread, which she had prepared, into the hand of her son Jacob.
1;1. Mose;1Mo;27;18;1Mo 27,18;Jakob vor seinem Vater;Jakob ging zu seinem Vater hinein und sagte: „Mein Vater!“ Isaak antwortete: „Hier bin ich. Wer bist du, mein Sohn?“;He came to his father, and said, “My father?” He said, “Here I am. Who are you, my son?”
1;1. Mose;1Mo;27;19;1Mo 27,19;Jakob vor seinem Vater;Jakob sagte zu seinem Vater: „Ich bin Esau, dein Erstgeborener. Ich habe getan, was du mir gesagt hast. Steh doch auf, setz dich und iss von meinem Wild. Dann kannst du mich von Herzen segnen.“;Jacob said to his father, “I am Esau your firstborn. I have done what you asked me to do. Please arise, sit and eat of my venison, that your soul may bless me.”
1;1. Mose;1Mo;27;20;1Mo 27,20;Jakob vor seinem Vater;Isaak sagte zu seinem Sohn: „Wie hast du so schnell etwas gefunden, mein Sohn?“ Jakob antwortete: „Der HERR, dein Gott, hat es mir gelingen lassen.“;Isaac said to his son, “How is it that you have found it so quickly, my son?” He said, “Because Yahweh your God gave me success.”
1;1. Mose;1Mo;27;21;1Mo 27,21;Jakob vor seinem Vater;Da sagte Isaak zu Jakob: „Komm doch näher, mein Sohn. Ich will dich betasten, ob du wirklich mein Sohn Esau bist oder nicht.“;Isaac said to Jacob, “Please come near, that I may feel you, my son, whether you are really my son Esau or not.”
1;1. Mose;1Mo;27;22;1Mo 27,22;Jakob vor seinem Vater;Jakob trat zu seinem Vater Isaak. Isaak betastete ihn und sagte: „Die Stimme ist die Stimme Jakobs. Aber die Hände sind die Hände Esaus.“;Jacob went near to Isaac his father. He felt him, and said, “The voice is Jacob’s voice, but the hands are the hands of Esau.”
1;1. Mose;1Mo;27;23;1Mo 27,23;Jakob vor seinem Vater;Er erkannte ihn nicht. Denn seine Hände waren behaart wie die Hände seines Bruders Esau. Und er segnete ihn.;He didn’t recognize him, because his hands were hairy, like his brother Esau’s hands. So he blessed him.
1;1. Mose;1Mo;27;24;1Mo 27,24;Jakob vor seinem Vater;Er fragte: „Bist du wirklich mein Sohn Esau?“ Jakob antwortete: „Ja, ich bin es.“;He said, “Are you really my son Esau?” He said, “I am.”
1;1. Mose;1Mo;27;25;1Mo 27,25;Jakob vor seinem Vater;Isaak sagte: „Bring es mir her, damit ich vom Wild meines Sohnes esse. Dann will ich dich von Herzen segnen.“ Jakob brachte es ihm, und er aß. Er brachte ihm auch Wein, und er trank.;He said, “Bring it near to me, and I will eat of my son’s venison, that my soul may bless you.” He brought it near to him, and he ate. He brought him wine, and he drank.
1;1. Mose;1Mo;27;26;1Mo 27,26;Jakob vor seinem Vater;Dann sagte sein Vater Isaak zu ihm: „Komm her und küss mich, mein Sohn.“;His father Isaac said to him, “Come near now, and kiss me, my son.”
1;1. Mose;1Mo;27;27;1Mo 27,27;Jakob vor seinem Vater;Jakob trat zu ihm und küsste ihn. Da roch Isaak den Duft seiner Kleider. Und er segnete ihn und sagte: „Schau, der Duft meines Sohnes ist wie der Duft eines Feldes, das der HERR gesegnet hat.;He came near, and kissed him. He smelled the smell of his clothing, and blessed him, and said, “Behold, the smell of my son is as the smell of a field which Yahweh has blessed.
1;1. Mose;1Mo;27;28;1Mo 27,28;Jakob vor seinem Vater;Gott gebe dir vom Tau des Himmels und vom fruchtbaren Boden der Erde, viel Korn und neuen Wein.;God give you of the dew of the sky, of the fatness of the earth, and plenty of grain and new wine.
1;1. Mose;1Mo;27;29;1Mo 27,29;Jakob vor seinem Vater;Völker sollen dir dienen, und Nationen sollen sich vor dir verneigen. Sei der Herr über deine Brüder. Die Söhne deiner Mutter sollen sich vor dir verneigen. Wer dich verflucht, der sei verflucht. Und wer dich segnet, der sei gesegnet.“;Let peoples serve you, and nations bow down to you. Be lord over your brothers. Let your mother’s sons bow down to you. Cursed be everyone who curses you. Blessed be everyone who blesses you.”
1;1. Mose;1Mo;27;30;1Mo 27,30;Esau kommt zurück;Isaak war gerade damit fertig, Jakob zu segnen. Jakob war kaum von seinem Vater Isaak hinausgegangen. Da kam sein Bruder Esau von der Jagd zurück.;As soon as Isaac had finished blessing Jacob, and Jacob had just gone out from the presence of Isaac his father, Esau his brother came in from his hunting.
1;1. Mose;1Mo;27;31;1Mo 27,31;Esau kommt zurück;Auch er machte ein leckeres Essen und brachte es seinem Vater. Er sagte zu seinem Vater: „Mein Vater soll aufstehen und vom Wild seines Sohnes essen. Dann kannst du mich von Herzen segnen.“;He also made savory food, and brought it to his father. He said to his father, “Let my father arise, and eat of his son’s venison, that your soul may bless me.”
1;1. Mose;1Mo;27;32;1Mo 27,32;Esau kommt zurück;Sein Vater Isaak fragte ihn: „Wer bist du?“ Er antwortete: „Ich bin dein Sohn, dein Erstgeborener, Esau.“;Isaac his father said to him, “Who are you?” He said, “I am your son, your firstborn, Esau.”
1;1. Mose;1Mo;27;33;1Mo 27,33;Esau kommt zurück;Da erschrak Isaak heftig und zitterte am ganzen Körper. Er sagte: „Wer war denn dann der, der ein Wild gejagt und mir gebracht hat? Ich habe von allem gegessen, bevor du gekommen bist. Und ich habe ihn gesegnet. Er wird auch gesegnet bleiben.“;Isaac trembled violently, and said, “Who, then, is he who has taken venison, and brought it to me, and I have eaten of all before you came, and have blessed him? Yes, he will be blessed.”
1;1. Mose;1Mo;27;34;1Mo 27,34;Esau kommt zurück;Als Esau die Worte seines Vaters hörte, schrie er laut auf. Es war ein großer, bitterer Schrei. Er sagte zu seinem Vater: „Segne auch mich, mein Vater!“;When Esau heard the words of his father, he cried with an exceedingly great and bitter cry, and said to his father, “Bless me, even me also, my father.”
1;1. Mose;1Mo;27;35;1Mo 27,35;Esau kommt zurück;Aber Isaak sagte: „Dein Bruder ist mit List gekommen. Er hat dir deinen Segen weggenommen.“;He said, “Your brother came with deceit, and has taken away your blessing.”
1;1. Mose;1Mo;27;36;1Mo 27,36;Esau kommt zurück;Esau sagte: „Er heißt nicht umsonst Jakob! Schon zweimal hat er mich betrogen. Mein Erstgeburtsrecht hat er mir weggenommen. Und schau, jetzt hat er mir auch noch meinen Segen weggenommen.“ Und er sagte: „Hast du für mich keinen Segen mehr übrig?“;He said, “Isn’t he rightly named Jacob? For he has supplanted me these two times. He took away my birthright. See, now he has taken away my blessing.” He said, “Haven’t you reserved a blessing for me?”
1;1. Mose;1Mo;27;37;1Mo 27,37;Esau kommt zurück;Isaak antwortete Esau: „Schau, ich habe ihn zum Herrn über dich gemacht. Alle seine Brüder habe ich ihm zu Dienern gegeben. Mit Korn und neuem Wein habe ich ihn versorgt. Was kann ich da noch für dich tun, mein Sohn?“;Isaac answered Esau, “Behold, I have made him your lord, and all his brothers I have given to him for servants. I have sustained him with grain and new wine. What then will I do for you, my son?”
1;1. Mose;1Mo;27;38;1Mo 27,38;Esau kommt zurück;Esau sagte zu seinem Vater: „Hast du denn nur einen einzigen Segen, mein Vater? Segne auch mich, mein Vater!“ Und Esau fing laut an zu weinen.;Esau said to his father, “Do you have just one blessing, my father? Bless me, even me also, my father.” Esau lifted up his voice, and wept.
1;1. Mose;1Mo;27;39;1Mo 27,39;Esau kommt zurück;Da antwortete ihm sein Vater Isaak: „Schau, fern vom fruchtbaren Boden der Erde wird dein Wohnort sein, und fern vom Tau des Himmels von oben.;Isaac his father answered him, “Behold, your dwelling will be of the fatness of the earth, and of the dew of the sky from above.
1;1. Mose;1Mo;27;40;1Mo 27,40;Esau kommt zurück;Von deinem Schwert wirst du leben, und deinem Bruder wirst du dienen. Aber es wird geschehen: Wenn du dich wehrst, wirst du sein Joch von deinem Hals abschütteln.“;You will live by your sword, and you will serve your brother. It will happen, when you will break loose, that you will shake his yoke from off your neck.”
1;1. Mose;1Mo;27;41;1Mo 27,41;Esau will Jakob töten;Von da an hasste Esau Jakob wegen des Segens, mit dem sein Vater ihn gesegnet hatte. Esau dachte bei sich: „Bald kommt die Zeit, in der wir um meinen Vater trauern. Dann bringe ich meinen Bruder Jakob um.“;Esau hated Jacob because of the blessing with which his father blessed him. Esau said in his heart, “The days of mourning for my father are at hand. Then I will kill my brother Jacob.”
1;1. Mose;1Mo;27;42;1Mo 27,42;Esau will Jakob töten;Rebekka wurde erzählt, was ihr älterer Sohn Esau gesagt hatte. Da ließ sie ihren jüngeren Sohn Jakob rufen. Sie sagte zu ihm: „Hör zu: Dein Bruder Esau tröstet sich damit, dass er dich umbringen will.;The words of Esau, her elder son, were told to Rebekah. She sent and called Jacob, her younger son, and said to him, “Behold, your brother Esau comforts himself about you by planning to kill you.
1;1. Mose;1Mo;27;43;1Mo 27,43;Esau will Jakob töten;Darum, mein Sohn, hör auf mich: Mach dich auf und flieh zu meinem Bruder Laban nach Haran.;Now therefore, my son, obey my voice. Arise, flee to Laban, my brother, in Haran.
1;1. Mose;1Mo;27;44;1Mo 27,44;Esau will Jakob töten;Bleib eine Zeit lang bei ihm, bis die Wut deines Bruders sich gelegt hat,;Stay with him a few days, until your brother’s fury turns away—
1;1. Mose;1Mo;27;45;1Mo 27,45;Esau will Jakob töten;bis der Zorn deines Bruders von dir ablässt und er vergisst, was du ihm angetan hast. Dann schicke ich jemanden und lasse dich von dort holen. Warum soll ich euch beide an einem einzigen Tag verlieren?“;until your brother’s anger turns away from you, and he forgets what you have done to him. Then I will send, and get you from there. Why should I be bereaved of you both in one day?”
1;1. Mose;1Mo;27;46;1Mo 27,46;Esau will Jakob töten;Und Rebekka sagte zu Isaak: „Mir ekelt vor meinem Leben wegen der hetitischen Frauen. Wenn Jakob auch so eine Frau heiratet wie diese, eine von den Töchtern des Landes – wozu soll ich dann noch leben?“;Rebekah said to Isaac, “I am weary of my life because of the daughters of Heth. If Jacob takes a wife of the daughters of Heth, such as these, of the daughters of the land, what good will my life do me?”
1;1. Mose;1Mo;28;1;1Mo 28,1;Isaak segnet Jakob und schickt ihn weg;Isaak rief Jakob zu sich. Er segnete ihn und gab ihm einen Auftrag. Er sagte zu ihm: „Nimm dir keine Frau von den Töchtern Kanaans.;Isaac called Jacob, blessed him, and commanded him, “You shall not take a wife of the daughters of Canaan.
1;1. Mose;1Mo;28;2;1Mo 28,2;Isaak segnet Jakob und schickt ihn weg;Mach dich auf und geh nach Paddan-Aram, zum Haus von Betuël, dem Vater deiner Mutter. Nimm dir dort eine Frau von den Töchtern Labans, des Bruders deiner Mutter.;Arise, go to Paddan Aram, to the house of Bethuel your mother’s father. Take a wife from there from the daughters of Laban, your mother’s brother.
1;1. Mose;1Mo;28;3;1Mo 28,3;Isaak segnet Jakob und schickt ihn weg;Gott, der Allmächtige, segne dich. Er mache dich fruchtbar und zahlreich, so dass aus dir eine große Gemeinschaft von Völkern wird.;May God Almighty bless you, and make you fruitful, and multiply you, that you may be a company of peoples,
1;1. Mose;1Mo;28;4;1Mo 28,4;Isaak segnet Jakob und schickt ihn weg;Er gebe dir den Segen Abrahams, dir und deinen Nachkommen mit dir. Dann wirst du das Land besitzen, in dem du jetzt als Fremder lebst. Gott hat es Abraham gegeben.“;and give you the blessing of Abraham, to you and to your offspring with you, that you may inherit the land where you travel, which God gave to Abraham.”
1;1. Mose;1Mo;28;5;1Mo 28,5;Isaak segnet Jakob und schickt ihn weg;So schickte Isaak Jakob weg. Jakob ging nach Paddan-Aram zu Laban. Laban war der Sohn des Aramäers Betuël und der Bruder von Rebekka, der Mutter von Jakob und Esau.;Isaac sent Jacob away. He went to Paddan Aram to Laban, son of Bethuel the Syrian, the brother of Rebekah, Jacob’s and Esau’s mother.
1;1. Mose;1Mo;28;6;1Mo 28,6;Esau heiratet noch eine Frau;Esau sah, dass Isaak Jakob gesegnet hatte. Er sah, dass Isaak ihn nach Paddan-Aram geschickt hatte, um sich dort eine Frau zu nehmen. Und er hörte, dass Isaak ihm beim Segnen den Auftrag gegeben hatte: „Nimm dir keine Frau von den Töchtern Kanaans.“;"Now Esau saw that Isaac had blessed Jacob and sent him away to Paddan Aram, to take him a wife from there, and that as he blessed him he gave him a command, saying, “You shall not take a wife of the daughters of Canaan;”"
1;1. Mose;1Mo;28;7;1Mo 28,7;Esau heiratet noch eine Frau;Er sah auch, dass Jakob auf seinen Vater und seine Mutter gehört hatte und nach Paddan-Aram gegangen war.;and that Jacob obeyed his father and his mother, and was gone to Paddan Aram.
1;1. Mose;1Mo;28;8;1Mo 28,8;Esau heiratet noch eine Frau;Da merkte Esau, dass sein Vater Isaak die Töchter Kanaans nicht mochte.;Esau saw that the daughters of Canaan didn’t please Isaac, his father.
1;1. Mose;1Mo;28;9;1Mo 28,9;Esau heiratet noch eine Frau;Darum ging Esau zu Ismael. Zusätzlich zu den Frauen, die er schon hatte, nahm er sich Mahalat zur Frau. Sie war die Tochter von Ismael, dem Sohn Abrahams, und die Schwester von Nebajot.;So Esau went to Ishmael, and took, in addition to the wives that he had, Mahalath the daughter of Ishmael, Abraham’s son, the sister of Nebaioth, to be his wife.
1;1. Mose;1Mo;28;10;1Mo 28,10;Die Treppe zum Himmel;Jakob zog von Beerscheba weg und ging in Richtung Haran.;Jacob went out from Beersheba, and went toward Haran.
1;1. Mose;1Mo;28;11;1Mo 28,11;Die Treppe zum Himmel;Er kam an einen Ort und übernachtete dort, weil die Sonne untergegangen war. Er nahm einen von den Steinen, die dort lagen, und legte ihn unter seinen Kopf. Dann legte er sich an diesem Ort schlafen.;He came to a certain place, and stayed there all night, because the sun had set. He took one of the stones of the place, and put it under his head, and lay down in that place to sleep.
1;1. Mose;1Mo;28;12;1Mo 28,12;Die Treppe zum Himmel;Da hatte er einen Traum: Er sah eine Treppe, die auf der Erde stand. Ihre Spitze reichte bis an den Himmel. Und schau: Engel Gottes stiegen auf ihr hinauf und herab.;He dreamed and saw a stairway set upon the earth, and its top reached to heaven. Behold, the angels of God were ascending and descending on it.
1;1. Mose;1Mo;28;13;1Mo 28,13;Die Treppe zum Himmel;Und schau: Der HERR stand oben über ihr und sagte: „Ich bin der HERR, der Gott deines Vaters Abraham und der Gott Isaaks. Das Land, auf dem du liegst, will ich dir und deinen Nachkommen geben.;Behold, Yahweh stood above it, and said, “I am Yahweh, the God of Abraham your father, and the God of Isaac. I will give the land you lie on to you and to your offspring.
1;1. Mose;1Mo;28;14;1Mo 28,14;Die Treppe zum Himmel;Deine Nachkommen werden so zahlreich sein wie der Staub der Erde. Du wirst dich ausbreiten nach Westen und nach Osten, nach Norden und nach Süden. Durch dich und deine Nachkommen sollen alle Familien der Erde gesegnet werden.;Your offspring will be as the dust of the earth, and you will spread abroad to the west, and to the east, and to the north, and to the south. In you and in your offspring, all the families of the earth will be blessed.
1;1. Mose;1Mo;28;15;1Mo 28,15;Die Treppe zum Himmel;Und schau: Ich bin mit dir. Ich behüte dich überall, wohin du gehst. Und ich bringe dich wieder in dieses Land zurück. Denn ich verlasse dich nicht, bis ich getan habe, was ich dir versprochen habe.“;Behold, I am with you, and will keep you, wherever you go, and will bring you again into this land. For I will not leave you until I have done that which I have spoken of to you.”
1;1. Mose;1Mo;28;16;1Mo 28,16;Jakob wacht auf;Da wachte Jakob aus seinem Schlaf auf und sagte: „Wirklich, der HERR ist an diesem Ort, und ich wusste es nicht!“;Jacob awakened out of his sleep, and he said, “Surely Yahweh is in this place, and I didn’t know it.”
1;1. Mose;1Mo;28;17;1Mo 28,17;Jakob wacht auf;Er bekam Angst und sagte: „Wie ehrfurchtgebietend ist dieser Ort! Hier ist nichts anderes als das Haus Gottes. Und hier ist das Tor zum Himmel.“;He was afraid, and said, “How awesome this place is! This is none other than God’s house, and this is the gate of heaven.”
1;1. Mose;1Mo;28;18;1Mo 28,18;Jakob wacht auf;Am nächsten Morgen stand Jakob früh auf. Er nahm den Stein, den er unter seinen Kopf gelegt hatte, und stellte ihn als Gedenkstein auf. Dann goss er Öl oben darauf.;Jacob rose up early in the morning, and took the stone that he had put under his head, and set it up for a pillar, and poured oil on its top.
1;1. Mose;1Mo;28;19;1Mo 28,19;Jakob wacht auf;Er nannte diesen Ort Bet-El. Vorher hatte die Stadt Lus geheißen.;He called the name of that place Bethel, but the name of the city was Luz at the first.
1;1. Mose;1Mo;28;20;1Mo 28,20;Jakob wacht auf;Dann legte Jakob ein Gelübde ab. Er sagte: „Wenn Gott mit mir ist und mich auf diesem Weg behütet, den ich gehe, und wenn er mir Brot zu essen gibt und Kleider zum Anziehen,;Jacob vowed a vow, saying, “If God will be with me, and will keep me in this way that I go, and will give me bread to eat, and clothing to put on,
1;1. Mose;1Mo;28;21;1Mo 28,21;Jakob wacht auf;und wenn ich in Frieden zum Haus meines Vaters zurückkomme, dann soll der HERR mein Gott sein.;so that I come again to my father’s house in peace, and Yahweh will be my God,
1;1. Mose;1Mo;28;22;1Mo 28,22;Jakob wacht auf;Und dieser Stein, den ich als Gedenkstein aufgestellt habe, soll ein Haus Gottes werden. Und von allem, was du mir gibst, will ich dir den zehnten Teil geben.“;then this stone, which I have set up for a pillar, will be God’s house. Of all that you will give me I will surely give a tenth to you.”
1;1. Mose;1Mo;29;1;1Mo 29,1;Am Brunnen;Jakob machte sich wieder auf den Weg. Er kam in das Land der Menschen im Osten.;Then Jacob went on his journey, and came to the land of the children of the east.
1;1. Mose;1Mo;29;2;1Mo 29,2;Am Brunnen;Da sah er einen Brunnen auf dem Feld. Daneben lagen drei Herden mit Schafen und Ziegen. Denn aus diesem Brunnen tränkte man die Herden. Auf der Öffnung des Brunnens lag ein großer Stein.;He looked, and saw a well in the field, and saw three flocks of sheep lying there by it. For out of that well they watered the flocks. The stone on the well’s mouth was large.
1;1. Mose;1Mo;29;3;1Mo 29,3;Am Brunnen;Erst wenn alle Herden dort versammelt waren, rollten die Hirten den Stein von der Öffnung des Brunnens. Dann tränkten sie die Schafe. Danach legten sie den Stein wieder an seinen Platz auf die Öffnung.;There all the flocks were gathered. They rolled the stone from the well’s mouth, and watered the sheep, and put the stone back on the well’s mouth in its place.
1;1. Mose;1Mo;29;4;1Mo 29,4;Am Brunnen;Jakob sagte zu den Hirten: „Meine Brüder, woher seid ihr?“ Sie antworteten: „Wir sind aus Haran.“;Jacob said to them, “My relatives, where are you from?” They said, “We are from Haran.”
1;1. Mose;1Mo;29;5;1Mo 29,5;Am Brunnen;Er fragte sie: „Kennt ihr Laban, den Sohn von Nahor?“ Sie sagten: „Ja, wir kennen ihn.“;He said to them, “Do you know Laban, the son of Nahor?” They said, “We know him.”
1;1. Mose;1Mo;29;6;1Mo 29,6;Am Brunnen;Er fragte sie: „Geht es ihm gut?“ Sie sagten: „Ja, es geht ihm gut. Schau, da kommt gerade seine Tochter Rahel mit den Schafen.“;He said to them, “Is it well with him?” They said, “It is well. See, Rachel, his daughter, is coming with the sheep.”
1;1. Mose;1Mo;29;7;1Mo 29,7;Am Brunnen;Jakob sagte: „Schaut, es ist noch heller Tag. Es ist noch nicht Zeit, das Vieh zusammenzutreiben. Tränkt doch die Schafe und lasst sie wieder auf die Weide.“;He said, “Behold, it is still the middle of the day, not time to gather the livestock together. Water the sheep, and go and feed them.”
1;1. Mose;1Mo;29;8;1Mo 29,8;Am Brunnen;Sie sagten: „Das können wir nicht. Erst müssen alle Herden versammelt sein. Dann rollt man den Stein von der Öffnung des Brunnens. Dann tränken wir die Schafe.“;They said, “We can’t, until all the flocks are gathered together, and they roll the stone from the well’s mouth. Then we will water the sheep.”
1;1. Mose;1Mo;29;9;1Mo 29,9;Jakob trifft Rahel;Jakob redete noch mit ihnen. Da kam Rahel mit den Schafen ihres Vaters. Denn sie war eine Hirtin.;While he was yet speaking with them, Rachel came with her father’s sheep, for she kept them.
1;1. Mose;1Mo;29;10;1Mo 29,10;Jakob trifft Rahel;Als Jakob Rahel sah, die Tochter von Laban, dem Bruder seiner Mutter, und die Schafe von Laban, dem Bruder seiner Mutter, da trat Jakob heran. Er rollte den Stein von der Öffnung des Brunnens und tränkte die Schafe von Laban, dem Bruder seiner Mutter.;When Jacob saw Rachel the daughter of Laban, his mother’s brother, and the sheep of Laban, his mother’s brother, Jacob went near, and rolled the stone from the well’s mouth, and watered the flock of Laban his mother’s brother.
1;1. Mose;1Mo;29;11;1Mo 29,11;Jakob trifft Rahel;Dann küsste Jakob Rahel. Und er fing laut an zu weinen.;Jacob kissed Rachel, and lifted up his voice, and wept.
1;1. Mose;1Mo;29;12;1Mo 29,12;Jakob trifft Rahel;Jakob erzählte Rahel, dass er ein Verwandter ihres Vaters war, der Sohn von Rebekka. Da lief sie nach Hause und erzählte es ihrem Vater.;Jacob told Rachel that he was her father’s relative, and that he was Rebekah’s son. She ran and told her father.
1;1. Mose;1Mo;29;13;1Mo 29,13;Jakob trifft Rahel;Als Laban hörte, dass Jakob gekommen war, der Sohn seiner Schwester, lief er ihm entgegen. Er umarmte ihn, küsste ihn und brachte ihn in sein Haus. Jakob erzählte Laban alles, was geschehen war.;When Laban heard the news of Jacob, his sister’s son, he ran to meet Jacob, and embraced him, and kissed him, and brought him to his house. Jacob told Laban all these things.
1;1. Mose;1Mo;29;14;1Mo 29,14;Jakob trifft Rahel;Da sagte Laban zu ihm: „Ja, du bist wirklich mein Fleisch und Blut.“ Jakob blieb einen ganzen Monat bei ihm.;Laban said to him, “Surely you are my bone and my flesh.” Jacob stayed with him for a month.
1;1. Mose;1Mo;29;15;1Mo 29,15;Sieben Jahre für Rahel;Dann sagte Laban zu Jakob: „Sollst du für mich umsonst arbeiten, nur weil du mein Verwandter bist? Sag mir, welchen Lohn du haben willst.“;Laban said to Jacob, “Because you are my relative, should you therefore serve me for nothing? Tell me, what will your wages be?”
1;1. Mose;1Mo;29;16;1Mo 29,16;Sieben Jahre für Rahel;Laban hatte zwei Töchter. Die ältere hieß Lea, die jüngere Rahel.;Laban had two daughters. The name of the elder was Leah, and the name of the younger was Rachel.
1;1. Mose;1Mo;29;17;1Mo 29,17;Sieben Jahre für Rahel;Lea hatte matte Augen. Rahel aber war schön gewachsen und sah wunderschön aus.;Leah’s eyes were weak, but Rachel was beautiful in form and attractive.
1;1. Mose;1Mo;29;18;1Mo 29,18;Sieben Jahre für Rahel;Jakob liebte Rahel. Darum sagte er: „Ich will sieben Jahre für dich arbeiten. Dafür gibst du mir Rahel, deine jüngere Tochter.“;Jacob loved Rachel. He said, “I will serve you seven years for Rachel, your younger daughter.”
1;1. Mose;1Mo;29;19;1Mo 29,19;Sieben Jahre für Rahel;Laban sagte: „Es ist besser, ich gebe sie dir als einem anderen Mann. Bleib bei mir.“;Laban said, “It is better that I give her to you, than that I should give her to another man. Stay with me.”
1;1. Mose;1Mo;29;20;1Mo 29,20;Sieben Jahre für Rahel;So arbeitete Jakob sieben Jahre für Rahel. Und es kamen ihm vor wie nur ein paar Tage, so sehr liebte er sie.;Jacob served seven years for Rachel. They seemed to him but a few days, for the love he had for her.
1;1. Mose;1Mo;29;21;1Mo 29,21;Der Betrüger wird betrogen;Dann sagte Jakob zu Laban: „Gib mir jetzt meine Frau. Meine Zeit ist um. Ich will mit ihr zusammen sein.“;Jacob said to Laban, “Give me my wife, for my days are fulfilled, that I may go in to her.”
1;1. Mose;1Mo;29;22;1Mo 29,22;Der Betrüger wird betrogen;Da lud Laban alle Leute aus dem Ort ein und machte ein Hochzeitsfest.;Laban gathered together all the men of the place, and made a feast.
1;1. Mose;1Mo;29;23;1Mo 29,23;Der Betrüger wird betrogen;Am Abend aber nahm er seine Tochter Lea und brachte sie zu Jakob. Und Jakob schlief mit ihr.;In the evening, he took Leah his daughter, and brought her to Jacob. He went in to her.
1;1. Mose;1Mo;29;24;1Mo 29,24;Der Betrüger wird betrogen;Laban gab seiner Tochter Lea seine Magd Silpa als Dienerin.;Laban gave Zilpah his servant to his daughter Leah for a servant.
1;1. Mose;1Mo;29;25;1Mo 29,25;Der Betrüger wird betrogen;Am Morgen – schau: Es war Lea! Da sagte Jakob zu Laban: „Was hast du mir da angetan? Habe ich nicht für Rahel bei dir gearbeitet? Warum hast du mich betrogen?“;In the morning, behold, it was Leah! He said to Laban, “What is this you have done to me? Didn’t I serve with you for Rachel? Why then have you deceived me?”
1;1. Mose;1Mo;29;26;1Mo 29,26;Der Betrüger wird betrogen;Laban sagte: „Bei uns ist es nicht üblich, die Jüngere vor der Erstgeborenen zu verheiraten.;Laban said, “It is not done so in our place, to give the younger before the firstborn.
1;1. Mose;1Mo;29;27;1Mo 29,27;Der Betrüger wird betrogen;Feier mit dieser hier die Hochzeitswoche zu Ende. Dann geben wir dir die andere auch. Dafür musst du noch einmal sieben Jahre bei mir arbeiten.“;Fulfill the week of this one, and we will give you the other also for the service which you will serve with me for seven more years.”
1;1. Mose;1Mo;29;28;1Mo 29,28;Der Betrüger wird betrogen;Jakob machte es so. Er feierte mit Lea die Hochzeitswoche zu Ende. Dann gab Laban ihm seine Tochter Rahel zur Frau.;Jacob did so, and fulfilled her week. He gave him Rachel his daughter as wife.
1;1. Mose;1Mo;29;29;1Mo 29,29;Der Betrüger wird betrogen;Laban gab seiner Tochter Rahel seine Magd Bilha als Dienerin.;Laban gave Bilhah, his servant, to his daughter Rachel to be her servant.
1;1. Mose;1Mo;29;30;1Mo 29,30;Der Betrüger wird betrogen;Jakob schlief auch mit Rahel. Und er liebte Rahel mehr als Lea. Und er arbeitete noch einmal sieben Jahre bei Laban.;He went in also to Rachel, and he loved also Rachel more than Leah, and served with him seven more years.
1;1. Mose;1Mo;29;31;1Mo 29,31;Lea bekommt Söhne;Der HERR sah, dass Lea ungeliebt war. Darum schenkte er ihr Kinder. Rahel aber blieb unfruchtbar.;Yahweh saw that Leah was hated, and he opened her womb, but Rachel was barren.
1;1. Mose;1Mo;29;32;1Mo 29,32;Lea bekommt Söhne;Lea wurde schwanger und gebar einen Sohn. Sie nannte ihn Ruben. Denn sie sagte: „Der HERR hat mein Elend angesehen. Jetzt wird mein Mann mich lieben.“;"Leah conceived, and bore a son, and she named him Reuben. For she said, “Because Yahweh has looked at my affliction; for now my husband will love me.”"
1;1. Mose;1Mo;29;33;1Mo 29,33;Lea bekommt Söhne;Sie wurde wieder schwanger und gebar einen Sohn. Sie sagte: „Der HERR hat gehört, dass ich ungeliebt bin. Darum hat er mir auch diesen Sohn gegeben.“ Und sie nannte ihn Simeon.;She conceived again, and bore a son, and said, “Because Yahweh has heard that I am hated, he has therefore given me this son also.” She named him Simeon.
1;1. Mose;1Mo;29;34;1Mo 29,34;Lea bekommt Söhne;Sie wurde wieder schwanger und gebar einen Sohn. Sie sagte: „Jetzt endlich wird mein Mann an mir hängen. Denn ich habe ihm drei Söhne geboren.“ Darum nannte man ihn Levi.;She conceived again, and bore a son. She said, “Now this time my husband will be joined to me, because I have borne him three sons.” Therefore his name was called Levi.
1;1. Mose;1Mo;29;35;1Mo 29,35;Lea bekommt Söhne;Sie wurde wieder schwanger und gebar einen Sohn. Sie sagte: „Diesmal will ich den HERRN loben.“ Darum nannte sie ihn Juda. Danach bekam sie vorerst keine Kinder mehr.;She conceived again, and bore a son. She said, “This time I will praise Yahweh.” Therefore she named him Judah. Then she stopped bearing.
1;1. Mose;1Mo;30;1;1Mo 30,1;Rahel und ihre Magd Bilha;Rahel sah, dass sie Jakob keine Kinder gebar. Da wurde sie eifersüchtig auf ihre Schwester. Sie sagte zu Jakob: „Gib mir Kinder! Sonst sterbe ich.“;When Rachel saw that she bore Jacob no children, Rachel envied her sister. She said to Jacob, “Give me children, or else I will die.”
1;1. Mose;1Mo;30;2;1Mo 30,2;Rahel und ihre Magd Bilha;Da wurde Jakob zornig auf Rahel. Er sagte: „Bin ich etwa Gott? Er hat dir Kinder verweigert, nicht ich.“;Jacob’s anger burned against Rachel, and he said, “Am I in God’s place, who has withheld from you the fruit of the womb?”
1;1. Mose;1Mo;30;3;1Mo 30,3;Rahel und ihre Magd Bilha;Rahel sagte: „Schau, da ist meine Magd Bilha. Schlaf mit ihr. Sie soll auf meinen Knien gebären. Dann bekomme auch ich durch sie Kinder.“;She said, “Behold, my maid Bilhah. Go in to her, that she may bear on my knees, and I also may obtain children by her.”
1;1. Mose;1Mo;30;4;1Mo 30,4;Rahel und ihre Magd Bilha;So gab sie ihm ihre Magd Bilha zur Frau. Und Jakob schlief mit ihr.;She gave him Bilhah her servant as wife, and Jacob went in to her.
1;1. Mose;1Mo;30;5;1Mo 30,5;Rahel und ihre Magd Bilha;Bilha wurde schwanger und gebar Jakob einen Sohn.;Bilhah conceived, and bore Jacob a son.
1;1. Mose;1Mo;30;6;1Mo 30,6;Rahel und ihre Magd Bilha;Da sagte Rahel: „Gott hat mir Recht verschafft. Er hat auch auf meine Stimme gehört und mir einen Sohn gegeben.“ Darum nannte sie ihn Dan.;Rachel said, “God has judged me, and has also heard my voice, and has given me a son.” Therefore she called his name Dan.
1;1. Mose;1Mo;30;7;1Mo 30,7;Rahel und ihre Magd Bilha;Bilha, die Magd von Rahel, wurde wieder schwanger. Sie gebar Jakob einen zweiten Sohn.;Bilhah, Rachel’s servant, conceived again, and bore Jacob a second son.
1;1. Mose;1Mo;30;8;1Mo 30,8;Rahel und ihre Magd Bilha;Da sagte Rahel: „Einen gewaltigen Kampf habe ich mit meiner Schwester gekämpft. Und ich habe gewonnen.“ Und sie nannte ihn Naftali.;Rachel said, “I have wrestled with my sister with mighty wrestlings, and have prevailed.” She named him Naphtali.
1;1. Mose;1Mo;30;9;1Mo 30,9;Lea und ihre Magd Silpa;Lea sah, dass sie keine Kinder mehr bekam. Da nahm sie ihre Magd Silpa und gab sie Jakob zur Frau.;When Leah saw that she had finished bearing, she took Zilpah, her servant, and gave her to Jacob as a wife.
1;1. Mose;1Mo;30;10;1Mo 30,10;Lea und ihre Magd Silpa;Silpa, die Magd von Lea, gebar Jakob einen Sohn.;Zilpah, Leah’s servant, bore Jacob a son.
1;1. Mose;1Mo;30;11;1Mo 30,11;Lea und ihre Magd Silpa;Da sagte Lea: „Was für ein Glück!“ Und sie nannte ihn Gad.;Leah said, “How fortunate!” She named him Gad.
1;1. Mose;1Mo;30;12;1Mo 30,12;Lea und ihre Magd Silpa;Silpa, die Magd von Lea, gebar Jakob einen zweiten Sohn.;Zilpah, Leah’s servant, bore Jacob a second son.
1;1. Mose;1Mo;30;13;1Mo 30,13;Lea und ihre Magd Silpa;Da sagte Lea: „Wie glücklich bin ich! Die Frauen werden mich glücklich preisen.“ Und sie nannte ihn Ascher.;Leah said, “Happy am I, for the daughters will call me happy.” She named him Asher.
1;1. Mose;1Mo;30;14;1Mo 30,14;Die Liebesäpfel;Zur Zeit der Weizenernte ging Ruben aufs Feld. Dort fand er Liebesäpfel. Er brachte sie seiner Mutter Lea. Da sagte Rahel zu Lea: „Gib mir doch etwas von den Liebesäpfeln deines Sohnes.“;Reuben went in the days of wheat harvest, and found mandrakes in the field, and brought them to his mother, Leah. Then Rachel said to Leah, “Please give me some of your son’s mandrakes.”
1;1. Mose;1Mo;30;15;1Mo 30,15;Die Liebesäpfel;Lea antwortete ihr: „Ist es dir nicht genug, dass du mir meinen Mann weggenommen hast? Willst du jetzt auch noch die Liebesäpfel meines Sohnes haben?“ Rahel sagte: „Gut. Dann soll Jakob heute Nacht bei dir schlafen. Dafür bekomme ich die Liebesäpfel deines Sohnes.“;Leah said to her, “Is it a small matter that you have taken away my husband? Would you take away my son’s mandrakes, also?” Rachel said, “Therefore he will lie with you tonight for your son’s mandrakes.”
1;1. Mose;1Mo;30;16;1Mo 30,16;Die Liebesäpfel;Am Abend kam Jakob vom Feld nach Hause. Lea ging ihm entgegen und sagte: „Heute Nacht musst du zu mir kommen. Denn ich habe dich mit den Liebesäpfeln meines Sohnes bezahlt.“ Und er schlief in dieser Nacht bei ihr.;"Jacob came from the field in the evening, and Leah went out to meet him, and said, “You must come in to me; for I have surely hired you with my son’s mandrakes.” He lay with her that night."
1;1. Mose;1Mo;30;17;1Mo 30,17;Die Liebesäpfel;Gott hörte auf Lea. Sie wurde schwanger und gebar Jakob einen fünften Sohn.;God listened to Leah, and she conceived, and bore Jacob a fifth son.
1;1. Mose;1Mo;30;18;1Mo 30,18;Die Liebesäpfel;Da sagte Lea: „Gott hat mich dafür belohnt, dass ich meinem Mann meine Magd gegeben habe.“ Und sie nannte ihn Issachar.;Leah said, “God has given me my hire, because I gave my servant to my husband.” She named him Issachar.
1;1. Mose;1Mo;30;19;1Mo 30,19;Die Liebesäpfel;Lea wurde wieder schwanger. Sie gebar Jakob einen sechsten Sohn.;Leah conceived again, and bore a sixth son to Jacob.
1;1. Mose;1Mo;30;20;1Mo 30,20;Die Liebesäpfel;Da sagte Lea: „Gott hat mir ein schönes Geschenk gemacht. Jetzt wird mein Mann bei mir wohnen bleiben. Denn ich habe ihm sechs Söhne geboren.“ Und sie nannte ihn Sebulon.;Leah said, “God has endowed me with a good dowry. Now my husband will live with me, because I have borne him six sons.” She named him Zebulun.
1;1. Mose;1Mo;30;21;1Mo 30,21;Die Liebesäpfel;Danach gebar sie eine Tochter. Sie nannte sie Dina.;Afterwards, she bore a daughter, and named her Dinah.
1;1. Mose;1Mo;30;22;1Mo 30,22;Endlich: Josef;Da dachte Gott an Rahel. Gott hörte auf sie und schenkte ihr Kinder.;God remembered Rachel, and God listened to her, and opened her womb.
1;1. Mose;1Mo;30;23;1Mo 30,23;Endlich: Josef;Sie wurde schwanger und gebar einen Sohn. Sie sagte: „Gott hat meine Schande von mir genommen.“;She conceived, bore a son, and said, “God has taken away my reproach.”
1;1. Mose;1Mo;30;24;1Mo 30,24;Endlich: Josef;Sie nannte ihn Josef und sagte: „Der HERR gebe mir noch einen Sohn dazu!“;She named him Joseph, saying, “May Yahweh add another son to me.”
1;1. Mose;1Mo;30;25;1Mo 30,25;Jakob will nach Hause;Als Rahel Josef geboren hatte, sagte Jakob zu Laban: „Lass mich gehen. Ich will an meinen Ort und in mein Land zurückkehren.;When Rachel had borne Joseph, Jacob said to Laban, “Send me away, that I may go to my own place, and to my country.
1;1. Mose;1Mo;30;26;1Mo 30,26;Jakob will nach Hause;Gib mir meine Frauen und meine Kinder. Für sie habe ich bei dir gearbeitet. Lass mich gehen. Du weißt ja, wie viel ich für dich gearbeitet habe.“;"Give me my wives and my children for whom I have served you, and let me go; for you know my service with which I have served you.”"
1;1. Mose;1Mo;30;27;1Mo 30,27;Jakob will nach Hause;Laban sagte zu ihm: „Wenn ich doch Gnade bei dir gefunden habe: Bleib! Ich habe durch Zeichen erfahren, dass der HERR mich deinetwegen gesegnet hat.“;Laban said to him, “If now I have found favor in your eyes, stay here, for I have divined that Yahweh has blessed me for your sake.”
1;1. Mose;1Mo;30;28;1Mo 30,28;Jakob will nach Hause;Und er sagte: „Sag mir, welchen Lohn du willst. Ich gebe ihn dir.“;He said, “Appoint me your wages, and I will give it.”
1;1. Mose;1Mo;30;29;1Mo 30,29;Jakob will nach Hause;Jakob sagte zu ihm: „Du weißt selbst, wie ich für dich gearbeitet habe und was aus deinem Vieh unter meiner Hand geworden ist.;Jacob said to him, “You know how I have served you, and how your livestock have fared with me.
1;1. Mose;1Mo;30;30;1Mo 30,30;Jakob will nach Hause;Du hattest nur wenig, bevor ich kam. Jetzt ist es sehr viel geworden. Der HERR hat dich gesegnet, auf Schritt und Tritt, wo ich war. Aber wann soll ich endlich auch für meine eigene Familie sorgen?“;For it was little which you had before I came, and it has increased to a multitude. Yahweh has blessed you wherever I turned. Now when will I provide for my own house also?”
1;1. Mose;1Mo;30;31;1Mo 30,31;Jakob will nach Hause;Laban fragte: „Was soll ich dir geben?“ Jakob antwortete: „Du sollst mir gar nichts geben. Wenn du dies für mich tust, dann will ich wieder deine Schafe und Ziegen weiden und hüten:;Laban said, “What shall I give you?” Jacob said, “You shall not give me anything. If you will do this thing for me, I will again feed your flock and keep it.
1;1. Mose;1Mo;30;32;1Mo 30,32;Jakob will nach Hause;Ich gehe heute durch deine ganze Herde. Ich nehme alle gesprenkelten und gefleckten Tiere heraus, alle schwarzen Lämmer und alle gefleckten und gesprenkelten Ziegen. Das soll mein Lohn sein.;I will pass through all your flock today, removing from there every speckled and spotted one, and every black one among the sheep, and the spotted and speckled among the goats. This will be my hire.
1;1. Mose;1Mo;30;33;1Mo 30,33;Jakob will nach Hause;So wird später meine Ehrlichkeit für mich sprechen. Wenn du kommst, um meinen Lohn zu prüfen: Jede Ziege bei mir, die nicht gesprenkelt oder gefleckt ist, und jedes Lamm, das nicht schwarz ist, das soll als gestohlen gelten.“;So my righteousness will answer for me hereafter, when you come concerning my hire that is before you. Every one that is not speckled and spotted among the goats, and black among the sheep, that might be with me, will be considered stolen.”
1;1. Mose;1Mo;30;34;1Mo 30,34;Jakob will nach Hause;Laban sagte: „Gut! Es soll so sein, wie du gesagt hast.“;Laban said, “Behold, let it be according to your word.”
1;1. Mose;1Mo;30;35;1Mo 30,35;Laban betrügt – Jakob wird trotzdem reich;Aber noch am selben Tag nahm Laban alle gestreiften und gefleckten Ziegenböcke heraus, alle gesprenkelten und gefleckten Ziegen, alle, an denen etwas Weißes war, und alle schwarzen Lämmer. Er gab sie seinen Söhnen.;That day, he removed the male goats that were streaked and spotted, and all the female goats that were speckled and spotted, every one that had white in it, and all the black ones among the sheep, and gave them into the hand of his sons.
1;1. Mose;1Mo;30;36;1Mo 30,36;Laban betrügt – Jakob wird trotzdem reich;Und er brachte drei Tagesreisen Abstand zwischen sich und Jakob. Jakob aber weidete den Rest von Labans Herde.;He set three days’ journey between himself and Jacob, and Jacob fed the rest of Laban’s flocks.
1;1. Mose;1Mo;30;37;1Mo 30,37;Laban betrügt – Jakob wird trotzdem reich;Da nahm sich Jakob frische Stäbe von Pappeln, Mandelbäumen und Platanen. Er schälte weiße Streifen hinein, so dass das Weiße an den Stäben zu sehen war.;Jacob took to himself rods of fresh poplar, almond, and plane tree, peeled white streaks in them, and made the white appear which was in the rods.
1;1. Mose;1Mo;30;38;1Mo 30,38;Laban betrügt – Jakob wird trotzdem reich;Die geschälten Stäbe legte er in die Tränkrinnen, wo die Tiere zum Trinken kamen, direkt vor die Augen der Tiere. Und die Tiere paarten sich, wenn sie zum Trinken kamen.;He set the rods which he had peeled opposite the flocks in the watering troughs where the flocks came to drink. They conceived when they came to drink.
1;1. Mose;1Mo;30;39;1Mo 30,39;Laban betrügt – Jakob wird trotzdem reich;So paarten sich die Tiere vor den Stäben. Und sie bekamen gestreifte, gesprenkelte und gefleckte Junge.;The flocks conceived before the rods, and the flocks produced streaked, speckled, and spotted.
1;1. Mose;1Mo;30;40;1Mo 30,40;Laban betrügt – Jakob wird trotzdem reich;Die Lämmer sonderte Jakob ab. Und er richtete den Blick der Herde auf die gestreiften und schwarzen Tiere in Labans Herde. So legte er sich eigene Herden an. Die tat er nicht zu Labans Herde.;Jacob separated the lambs, and set the faces of the flocks toward the streaked and all the black in Laban’s flock. He put his own droves apart, and didn’t put them into Laban’s flock.
1;1. Mose;1Mo;30;41;1Mo 30,41;Laban betrügt – Jakob wird trotzdem reich;Immer wenn die kräftigen Tiere sich paarten, legte Jakob die Stäbe vor ihren Augen in die Tränkrinnen, damit sie sich bei den Stäben paarten.;"Whenever the stronger of the flock conceived, Jacob laid the rods in front of the eyes of the flock in the watering troughs, that they might conceive among the rods;"
1;1. Mose;1Mo;30;42;1Mo 30,42;Laban betrügt – Jakob wird trotzdem reich;Wenn aber die schwachen Tiere sich paarten, legte er die Stäbe nicht hin. So bekam Laban die schwachen Tiere und Jakob die kräftigen.;but when the flock were feeble, he didn’t put them in. So the feebler were Laban’s, and the stronger Jacob’s.
1;1. Mose;1Mo;30;43;1Mo 30,43;Laban betrügt – Jakob wird trotzdem reich;So wurde Jakob sehr, sehr reich. Er hatte große Herden, Mägde und Knechte, Kamele und Esel.;The man increased exceedingly, and had large flocks, female servants and male servants, and camels and donkeys.
1;1. Mose;1Mo;31;1;1Mo 31,1;Zeit zu gehen;Jakob hörte, was die Söhne Labans sagten: „Jakob hat alles genommen, was unserem Vater gehörte. Mit dem Besitz unseres Vaters ist er reich geworden.“;Jacob heard Laban’s sons’ words, saying, “Jacob has taken away all that was our father’s. He has obtained all this wealth from that which was our father’s.”
1;1. Mose;1Mo;31;2;1Mo 31,2;Zeit zu gehen;Und Jakob sah Laban ins Gesicht. Er merkte: Laban war ihm nicht mehr so freundlich gesinnt wie früher.;Jacob saw the expression on Laban’s face, and, behold, it was not toward him as before.
1;1. Mose;1Mo;31;3;1Mo 31,3;Zeit zu gehen;Da sagte der HERR zu Jakob: „Kehr zurück in das Land deiner Väter, zu deinen Verwandten. Ich will mit dir sein.“;Yahweh said to Jacob, “Return to the land of your fathers, and to your relatives, and I will be with you.”
1;1. Mose;1Mo;31;4;1Mo 31,4;Jakob spricht mit Rahel und Lea;Da ließ Jakob Rahel und Lea zu sich aufs Feld rufen, zu seiner Herde.;Jacob sent and called Rachel and Leah to the field to his flock,
1;1. Mose;1Mo;31;5;1Mo 31,5;Jakob spricht mit Rahel und Lea;Er sagte zu ihnen: „Ich sehe an eurem Vater, dass er mir nicht mehr so freundlich gesinnt ist wie früher. Aber der Gott meines Vaters ist mit mir gewesen.;"and said to them, “I see the expression on your father’s face, that it is not toward me as before; but the God of my father has been with me."
1;1. Mose;1Mo;31;6;1Mo 31,6;Jakob spricht mit Rahel und Lea;Ihr wisst selbst, dass ich mit all meiner Kraft für euren Vater gearbeitet habe.;You know that I have served your father with all of my strength.
1;1. Mose;1Mo;31;7;1Mo 31,7;Jakob spricht mit Rahel und Lea;Aber euer Vater hat mich betrogen. Zehnmal hat er meinen Lohn geändert. Doch Gott hat nicht zugelassen, dass er mir schadet.;Your father has deceived me, and changed my wages ten times, but God didn’t allow him to hurt me.
1;1. Mose;1Mo;31;8;1Mo 31,8;Jakob spricht mit Rahel und Lea;Wenn er sagte: ‚Die gesprenkelten Tiere sollen dein Lohn sein‘, dann bekam die ganze Herde gesprenkelte Junge. Und wenn er sagte: ‚Die gestreiften Tiere sollen dein Lohn sein‘, dann bekam die ganze Herde gestreifte Junge.;If he said, ‘The speckled will be your wages,’ then all the flock bore speckled. If he said, ‘The streaked will be your wages,’ then all the flock bore streaked.
1;1. Mose;1Mo;31;9;1Mo 31,9;Jakob spricht mit Rahel und Lea;So hat Gott eurem Vater das Vieh weggenommen und es mir gegeben.;Thus God has taken away your father’s livestock, and given them to me.
1;1. Mose;1Mo;31;10;1Mo 31,10;Jakob spricht mit Rahel und Lea;Zu der Zeit, als die Tiere sich paarten, hatte ich einen Traum. Ich schaute auf und sah: Die Böcke, die die Herde besprangen, waren gestreift, gesprenkelt und gescheckt.;During mating season, I lifted up my eyes, and saw in a dream, and behold, the male goats which leaped on the flock were streaked, speckled, and grizzled.
1;1. Mose;1Mo;31;11;1Mo 31,11;Jakob spricht mit Rahel und Lea;Und der Engel Gottes sagte zu mir im Traum: ‚Jakob!‘ Ich antwortete: ‚Hier bin ich.‘;The angel of God said to me in the dream, ‘Jacob,’ and I said, ‘Here I am.’
1;1. Mose;1Mo;31;12;1Mo 31,12;Jakob spricht mit Rahel und Lea;Er sagte: ‚Schau auf und sieh: Alle Böcke, die die Herde bespringen, sind gestreift, gesprenkelt und gescheckt. Denn ich habe alles gesehen, was Laban dir antut.;He said, ‘Now lift up your eyes, and behold, all the male goats which leap on the flock are streaked, speckled, and grizzled, for I have seen all that Laban does to you.
1;1. Mose;1Mo;31;13;1Mo 31,13;Jakob spricht mit Rahel und Lea;Ich bin der Gott von Bet-El. Dort hast du einen Stein gesalbt und mir ein Gelübde abgelegt. Jetzt mach dich auf, geh weg aus diesem Land und kehr zurück in das Land, in dem du geboren bist.‘“;I am the God of Bethel, where you anointed a pillar, where you vowed a vow to me. Now arise, get out from this land, and return to the land of your birth.’”
1;1. Mose;1Mo;31;14;1Mo 31,14;Jakob spricht mit Rahel und Lea;Da antworteten Rahel und Lea: „Haben wir denn noch einen Anteil oder ein Erbe im Haus unseres Vaters?;Rachel and Leah answered him, “Is there yet any portion or inheritance for us in our father’s house?
1;1. Mose;1Mo;31;15;1Mo 31,15;Jakob spricht mit Rahel und Lea;Behandelt er uns nicht wie Fremde? Er hat uns verkauft. Und das Geld, das er für uns bekommen hat, hat er auch noch aufgebraucht.;Aren’t we considered as foreigners by him? For he has sold us, and has also used up our money.
1;1. Mose;1Mo;31;16;1Mo 31,16;Jakob spricht mit Rahel und Lea;Der ganze Reichtum, den Gott unserem Vater weggenommen hat, gehört doch uns und unseren Kindern. Darum tu jetzt alles, was Gott dir gesagt hat.“;For all the riches which God has taken away from our father are ours and our children’s. Now then, whatever God has said to you, do.”
1;1. Mose;1Mo;31;17;1Mo 31,17;Die heimliche Flucht;Da machte sich Jakob auf. Er setzte seine Kinder und seine Frauen auf die Kamele.;Then Jacob rose up, and set his sons and his wives on the camels,
1;1. Mose;1Mo;31;18;1Mo 31,18;Die heimliche Flucht;Er trieb sein ganzes Vieh weg und nahm all seinen Besitz mit, den er erworben hatte, das Vieh, das ihm in Paddan-Aram gehörte. Er wollte zu seinem Vater Isaak ins Land Kanaan.;and he took away all his livestock, and all his possessions which he had gathered, including the livestock which he had gained in Paddan Aram, to go to Isaac his father, to the land of Canaan.
1;1. Mose;1Mo;31;19;1Mo 31,19;Die heimliche Flucht;Laban war gerade weggegangen, um seine Schafe zu scheren. Da stahl Rahel die Hausgötter ihres Vaters.;"Now Laban had gone to shear his sheep; and Rachel stole the teraphim that were her father’s."
1;1. Mose;1Mo;31;20;1Mo 31,20;Die heimliche Flucht;Jakob täuschte Laban, den Aramäer. Er sagte ihm nicht, dass er fliehen wollte.;Jacob deceived Laban the Syrian, in that he didn’t tell him that he was running away.
1;1. Mose;1Mo;31;21;1Mo 31,21;Die heimliche Flucht;So floh er mit allem, was er hatte. Er machte sich auf, überquerte den Fluss Euphrat und zog in Richtung des Gebirges Gilead.;So he fled with all that he had. He rose up, passed over the River, and set his face toward the mountain of Gilead.
1;1. Mose;1Mo;31;22;1Mo 31,22;Laban holt Jakob ein;Am dritten Tag wurde Laban erzählt, dass Jakob geflohen war.;Laban was told on the third day that Jacob had fled.
1;1. Mose;1Mo;31;23;1Mo 31,23;Laban holt Jakob ein;Da nahm er seine Verwandten mit und jagte ihm sieben Tagesreisen weit nach. Im Gebirge Gilead holte er ihn ein.;He took his relatives with him, and pursued him seven days’ journey. He overtook him in the mountain of Gilead.
1;1. Mose;1Mo;31;24;1Mo 31,24;Laban holt Jakob ein;Aber in der Nacht kam Gott im Traum zu Laban, dem Aramäer. Er sagte zu ihm: „Hüte dich! Sag zu Jakob nichts, weder Gutes noch Böses.“;God came to Laban the Syrian in a dream of the night, and said to him, “Be careful that you don’t speak to Jacob either good or bad.”
1;1. Mose;1Mo;31;25;1Mo 31,25;Laban holt Jakob ein;Laban holte Jakob ein. Jakob hatte sein Zelt im Gebirge aufgeschlagen. Auch Laban schlug mit seinen Verwandten sein Lager im Gebirge Gilead auf.;Laban caught up with Jacob. Now Jacob had pitched his tent in the mountain, and Laban with his relatives encamped in the mountain of Gilead.
1;1. Mose;1Mo;31;26;1Mo 31,26;Laban holt Jakob ein;Laban sagte zu Jakob: „Was hast du getan? Du hast mich getäuscht. Du hast meine Töchter weggeführt wie Gefangene im Krieg!;Laban said to Jacob, “What have you done, that you have deceived me, and carried away my daughters like captives of the sword?
1;1. Mose;1Mo;31;27;1Mo 31,27;Laban holt Jakob ein;Warum bist du heimlich geflohen? Warum hast du mich betrogen und mir nichts gesagt? Dann hätte ich dich mit Freude und Liedern verabschiedet, mit Handtrommel und Harfe.;"Why did you flee secretly, and deceive me, and didn’t tell me, that I might have sent you away with mirth and with songs, with tambourine and with harp;"
1;1. Mose;1Mo;31;28;1Mo 31,28;Laban holt Jakob ein;Du hast mich nicht einmal meine Enkel und meine Töchter zum Abschied küssen lassen. Da hast du töricht gehandelt.;and didn’t allow me to kiss my sons and my daughters? Now you have done foolishly.
1;1. Mose;1Mo;31;29;1Mo 31,29;Laban holt Jakob ein;Ich hätte die Macht, euch Böses anzutun. Aber der Gott eures Vaters hat letzte Nacht zu mir gesagt: ‚Hüte dich! Sag zu Jakob nichts, weder Gutes noch Böses.‘;It is in the power of my hand to hurt you, but the God of your father spoke to me last night, saying, ‘Be careful that you don’t speak to Jacob either good or bad.’
1;1. Mose;1Mo;31;30;1Mo 31,30;Laban holt Jakob ein;Gut, du bist weggegangen, weil du solche Sehnsucht nach dem Haus deines Vaters hattest. Aber warum hast du meine Götter gestohlen?“;Now, you want to be gone, because you greatly longed for your father’s house, but why have you stolen my gods?”
1;1. Mose;1Mo;31;31;1Mo 31,31;Die Suche nach den Hausgöttern;Jakob antwortete Laban: „Ich hatte Angst. Ich dachte, du würdest mir deine Töchter mit Gewalt wegnehmen.;Jacob answered Laban, “Because I was afraid, for I said, ‘Lest you should take your daughters from me by force.’
1;1. Mose;1Mo;31;32;1Mo 31,32;Die Suche nach den Hausgöttern;Bei wem du aber deine Götter findest, der soll nicht am Leben bleiben. Schau hier vor unseren Verwandten nach, was von deinen Sachen bei mir ist, und nimm es dir.“ Jakob wusste nämlich nicht, dass Rahel die Götter gestohlen hatte.;Anyone you find your gods with shall not live. Before our relatives, discern what is yours with me, and take it.” For Jacob didn’t know that Rachel had stolen them.
1;1. Mose;1Mo;31;33;1Mo 31,33;Die Suche nach den Hausgöttern;Da ging Laban in das Zelt von Jakob, in das Zelt von Lea und in das Zelt der beiden Mägde. Aber er fand nichts. Dann ging er aus dem Zelt von Lea hinaus und in das Zelt von Rahel hinein.;"Laban went into Jacob’s tent, into Leah’s tent, and into the tent of the two female servants; but he didn’t find them. He went out of Leah’s tent, and entered into Rachel’s tent."
1;1. Mose;1Mo;31;34;1Mo 31,34;Die Suche nach den Hausgöttern;Rahel aber hatte die Hausgötter genommen und in den Kamelsattel gelegt. Sie setzte sich darauf. Laban durchsuchte das ganze Zelt, aber er fand nichts.;Now Rachel had taken the teraphim, put them in the camel’s saddle, and sat on them. Laban felt around all the tent, but didn’t find them.
1;1. Mose;1Mo;31;35;1Mo 31,35;Die Suche nach den Hausgöttern;Rahel sagte zu ihrem Vater: „Sei mir nicht böse, mein Herr, dass ich nicht vor dir aufstehen kann. Ich habe gerade meine Tage.“ So suchte er, aber er fand die Hausgötter nicht.;"She said to her father, “Don’t let my lord be angry that I can’t rise up before you; for I’m having my period.” He searched, but didn’t find the teraphim."
1;1. Mose;1Mo;31;36;1Mo 31,36;Jakob macht seinem Ärger Luft;Da wurde Jakob zornig und stritt mit Laban. Jakob sagte zu Laban: „Was habe ich verbrochen? Was habe ich Schlimmes getan, dass du mich so wütend verfolgst?;Jacob was angry, and argued with Laban. Jacob answered Laban, “What is my trespass? What is my sin, that you have hotly pursued me?
1;1. Mose;1Mo;31;37;1Mo 31,37;Jakob macht seinem Ärger Luft;Du hast alle meine Sachen durchwühlt. Was hast du gefunden, das dir gehört? Leg es hier vor meine und deine Verwandten. Sie sollen zwischen uns beiden entscheiden.;Now that you have felt around in all my stuff, what have you found of all your household stuff? Set it here before my relatives and your relatives, that they may judge between us two.
1;1. Mose;1Mo;31;38;1Mo 31,38;Jakob macht seinem Ärger Luft;20 Jahre war ich jetzt bei dir. Deine Schafe und Ziegen haben nie eine Fehlgeburt gehabt. Und die Schafböcke deiner Herde habe ich nie gegessen.;“These twenty years I have been with you. Your ewes and your female goats have not cast their young, and I haven’t eaten the rams of your flocks.
1;1. Mose;1Mo;31;39;1Mo 31,39;Jakob macht seinem Ärger Luft;Wenn ein Tier von wilden Tieren gerissen wurde, habe ich es dir nicht gebracht. Ich habe den Schaden selbst bezahlt. Von mir hast du Ersatz verlangt, ob ein Tier am Tag gestohlen wurde oder in der Nacht.;That which was torn of animals, I didn’t bring to you. I bore its loss. Of my hand you required it, whether stolen by day or stolen by night.
1;1. Mose;1Mo;31;40;1Mo 31,40;Jakob macht seinem Ärger Luft;So ging es mir: Am Tag hat mich die Hitze fertiggemacht und in der Nacht die Kälte. Und ich konnte oft nicht schlafen.;"This was my situation: in the day the drought consumed me, and the frost by night; and my sleep fled from my eyes."
1;1. Mose;1Mo;31;41;1Mo 31,41;Jakob macht seinem Ärger Luft;20 Jahre lang war ich jetzt in deinem Haus. 14 Jahre habe ich für deine beiden Töchter gearbeitet und sechs Jahre für deine Herde. Und zehnmal hast du meinen Lohn geändert.;These twenty years I have been in your house. I served you fourteen years for your two daughters, and six years for your flock, and you have changed my wages ten times.
1;1. Mose;1Mo;31;42;1Mo 31,42;Jakob macht seinem Ärger Luft;Wenn nicht der Gott meines Vaters auf meiner Seite gewesen wäre, der Gott Abrahams, den Isaak fürchtet, dann hättest du mich jetzt mit leeren Händen weggeschickt. Aber Gott hat mein Elend gesehen und die Mühe meiner Hände. Und letzte Nacht hat er dich zurechtgewiesen.“;Unless the God of my father, the God of Abraham, and the fear of Isaac, had been with me, surely now you would have sent me away empty. God has seen my affliction and the labor of my hands, and rebuked you last night.”
1;1. Mose;1Mo;31;43;1Mo 31,43;Ein Vertrag aus Steinen;Laban antwortete Jakob: „Die Töchter sind meine Töchter. Die Kinder sind meine Kinder. Die Herden sind meine Herden. Alles, was du hier siehst, gehört mir. Aber was kann ich heute für meine Töchter tun und für ihre Kinder, die sie geboren haben?;Laban answered Jacob, “The daughters are my daughters, the children are my children, the flocks are my flocks, and all that you see is mine! What can I do today to these my daughters, or to their children whom they have borne?
1;1. Mose;1Mo;31;44;1Mo 31,44;Ein Vertrag aus Steinen;Komm, wir wollen einen Vertrag schließen, ich und du. Er soll ein Zeuge sein zwischen mir und dir.“;Now come, let’s make a covenant, you and I. Let it be for a witness between me and you.”
1;1. Mose;1Mo;31;45;1Mo 31,45;Ein Vertrag aus Steinen;Da nahm Jakob einen Stein und stellte ihn als Gedenkstein auf.;Jacob took a stone, and set it up for a pillar.
1;1. Mose;1Mo;31;46;1Mo 31,46;Ein Vertrag aus Steinen;Und Jakob sagte zu seinen Verwandten: „Sammelt Steine!“ Sie nahmen Steine und machten einen Steinhaufen. Dann aßen sie dort bei dem Steinhaufen.;Jacob said to his relatives, “Gather stones.” They took stones, and made a heap. They ate there by the heap.
1;1. Mose;1Mo;31;47;1Mo 31,47;Ein Vertrag aus Steinen;Laban nannte ihn Jegar-Sahaduta. Jakob aber nannte ihn Gal-Ed.;Laban called it Jegar Sahadutha, but Jacob called it Galeed.
1;1. Mose;1Mo;31;48;1Mo 31,48;Ein Vertrag aus Steinen;Laban sagte: „Dieser Steinhaufen ist heute ein Zeuge zwischen mir und dir.“ Darum nannte man ihn Gal-Ed.;Laban said, “This heap is witness between me and you today.” Therefore it was named Galeed
1;1. Mose;1Mo;31;49;1Mo 31,49;Ein Vertrag aus Steinen;Und man nannte ihn auch Mizpa, denn Laban sagte: „Der HERR soll aufpassen zwischen mir und dir, wenn wir einander nicht mehr sehen.;and Mizpah, for he said, “Yahweh watch between me and you, when we are absent one from another.
1;1. Mose;1Mo;31;50;1Mo 31,50;Ein Vertrag aus Steinen;Wenn du meine Töchter schlecht behandelst oder wenn du zu meinen Töchtern noch andere Frauen dazunimmst – auch wenn kein Mensch bei uns ist: Schau, Gott ist Zeuge zwischen mir und dir.“;"If you afflict my daughters, or if you take wives in addition to my daughters, no man is with us; behold, God is witness between me and you.”"
1;1. Mose;1Mo;31;51;1Mo 31,51;Ein Vertrag aus Steinen;Und Laban sagte zu Jakob: „Schau diesen Steinhaufen an und den Gedenkstein, den ich zwischen mir und dir aufgestellt habe.;Laban said to Jacob, “See this heap, and see the pillar, which I have set between me and you.
1;1. Mose;1Mo;31;52;1Mo 31,52;Ein Vertrag aus Steinen;Dieser Steinhaufen ist Zeuge, und der Gedenkstein ist Zeuge: Ich werde nicht an diesem Steinhaufen vorbei zu dir kommen, und du wirst nicht an diesem Steinhaufen und diesem Gedenkstein vorbei zu mir kommen, um Böses zu tun.;May this heap be a witness, and the pillar be a witness, that I will not pass over this heap to you, and that you will not pass over this heap and this pillar to me, for harm.
1;1. Mose;1Mo;31;53;1Mo 31,53;Ein Vertrag aus Steinen;Der Gott Abrahams und der Gott Nahors, der Gott ihres Vaters, soll Richter zwischen uns sein.“ Da schwor Jakob bei dem Gott, den sein Vater Isaak fürchtete.;The God of Abraham, and the God of Nahor, the God of their father, judge between us.” Then Jacob swore by the fear of his father, Isaac.
1;1. Mose;1Mo;31;54;1Mo 31,54;Ein Vertrag aus Steinen;Jakob brachte auf dem Berg ein Opfer dar. Er lud seine Verwandten zum Essen ein. Sie aßen und blieben die Nacht über auf dem Berg.;Jacob offered a sacrifice in the mountain, and called his relatives to eat bread. They ate bread, and stayed all night in the mountain.
1;1. Mose;1Mo;31;55;1Mo 31,55;Ein Vertrag aus Steinen;Am nächsten Morgen stand Laban früh auf. Er küsste seine Enkel und seine Töchter und segnete sie. Dann machte sich Laban auf den Weg und kehrte nach Hause zurück.;Early in the morning, Laban rose up, and kissed his sons and his daughters, and blessed them. Laban departed and returned to his place.
1;1. Mose;1Mo;32;1;1Mo 32,1;Gottes Heer;Jakob zog weiter seines Weges. Da kamen ihm Engel Gottes entgegen.;Jacob went on his way, and the angels of God met him.
1;1. Mose;1Mo;32;2;1Mo 32,2;Gottes Heer;Als Jakob sie sah, sagte er: „Das ist das Heerlager Gottes.“ Und er nannte diesen Ort Mahanajim.;When he saw them, Jacob said, “This is God’s army.” He called the name of that place Mahanaim.
1;1. Mose;1Mo;32;3;1Mo 32,3;Jakob hat Angst vor Esau;Jakob schickte Boten vor sich her zu seinem Bruder Esau, in das Land Seïr, ins Gebiet von Edom.;Jacob sent messengers in front of him to Esau, his brother, to the land of Seir, the field of Edom.
1;1. Mose;1Mo;32;4;1Mo 32,4;Jakob hat Angst vor Esau;Er gab ihnen den Auftrag: „So sollt ihr zu meinem Herrn Esau sagen: ‚So sagt dein Knecht Jakob: Ich habe als Fremder bei Laban gelebt und bin bis jetzt dort geblieben.;He commanded them, saying, “This is what you shall tell my lord, Esau: ‘This is what your servant, Jacob, says. I have lived as a foreigner with Laban, and stayed until now.
1;1. Mose;1Mo;32;5;1Mo 32,5;Jakob hat Angst vor Esau;Ich besitze Rinder und Esel, Schafe und Ziegen, Knechte und Mägde. Ich schicke Boten, um es meinem Herrn zu sagen. Ich hoffe, dass du mir freundlich gesinnt bist.‘“;I have cattle, donkeys, flocks, male servants, and female servants. I have sent to tell my lord, that I may find favor in your sight.’”
1;1. Mose;1Mo;32;6;1Mo 32,6;Jakob hat Angst vor Esau;Die Boten kamen zu Jakob zurück und sagten: „Wir sind zu deinem Bruder Esau gekommen. Er zieht dir schon entgegen. Und 400 Männer sind bei ihm.“;The messengers returned to Jacob, saying, “We came to your brother Esau. He is coming to meet you, and four hundred men are with him.”
1;1. Mose;1Mo;32;7;1Mo 32,7;Jakob hat Angst vor Esau;Da bekam Jakob große Angst, und ihm wurde angst und bange. Er teilte die Leute, die bei ihm waren, in zwei Lager auf, ebenso die Schafe und Ziegen, die Rinder und die Kamele.;Then Jacob was greatly afraid and was distressed. He divided the people who were with him, along with the flocks, the herds, and the camels, into two companies.
1;1. Mose;1Mo;32;8;1Mo 32,8;Jakob hat Angst vor Esau;Er dachte: „Wenn Esau über das eine Lager herfällt und es schlägt, dann kann wenigstens das andere Lager entkommen.“;He said, “If Esau comes to the one company, and strikes it, then the company which is left will escape.”
1;1. Mose;1Mo;32;9;1Mo 32,9;Jakob betet;Dann betete Jakob: „Gott meines Vaters Abraham und Gott meines Vaters Isaak! HERR, du hast zu mir gesagt: ‚Kehr zurück in dein Land und zu deinen Verwandten. Ich will dir Gutes tun.‘;Jacob said, “God of my father Abraham, and God of my father Isaac, Yahweh, who said to me, ‘Return to your country, and to your relatives, and I will do you good,’
1;1. Mose;1Mo;32;10;1Mo 32,10;Jakob betet;Ich bin es nicht wert, dass du mir so viel Gnade und Treue erwiesen hast, mir, deinem Knecht. Denn nur mit meinem Wanderstab bin ich damals über diesen Jordan gezogen. Und jetzt bin ich so reich, dass ich zwei Lager habe.;"I am not worthy of the least of all the loving kindnesses, and of all the truth, which you have shown to your servant; for with just my staff I crossed over this Jordan; and now I have become two companies."
1;1. Mose;1Mo;32;11;1Mo 32,11;Jakob betet;Rette mich doch aus der Hand meines Bruders, aus der Hand von Esau! Denn ich habe Angst vor ihm. Er könnte kommen und mich erschlagen, die Mütter mitsamt den Kindern.;"Please deliver me from the hand of my brother, from the hand of Esau; for I fear him, lest he come and strike me and the mothers with the children."
1;1. Mose;1Mo;32;12;1Mo 32,12;Jakob betet;Du hast doch gesagt: ‚Ich will dir Gutes tun. Ich will deine Nachkommen so zahlreich machen wie den Sand am Meer, den man nicht zählen kann, so viel ist es.‘“;You said, ‘I will surely do you good, and make your offspring as the sand of the sea, which can’t be counted because there are so many.’”
1;1. Mose;1Mo;32;13;1Mo 32,13;Geschenke für Esau;Jakob blieb in dieser Nacht dort. Dann nahm er von seinem Besitz ein Geschenk für seinen Bruder Esau:;He stayed there that night, and took from that which he had with him a present for Esau, his brother:
1;1. Mose;1Mo;32;14;1Mo 32,14;Geschenke für Esau;200 Ziegen und 20 Ziegenböcke, 200 Schafe und 20 Schafböcke,;two hundred female goats and twenty male goats, two hundred ewes and twenty rams,
1;1. Mose;1Mo;32;15;1Mo 32,15;Geschenke für Esau;30 Kamelstuten, die Junge säugten, mit ihren Jungen, 40 Kühe und 10 Stiere, 20 Eselinnen und 10 junge Esel.;thirty milk camels and their colts, forty cows, ten bulls, twenty female donkeys and ten foals.
1;1. Mose;1Mo;32;16;1Mo 32,16;Geschenke für Esau;Er gab sie seinen Knechten, jede Herde für sich. Er sagte zu seinen Knechten: „Zieht vor mir her. Lasst einen Abstand zwischen den einzelnen Herden.“;He delivered them into the hands of his servants, every herd by itself, and said to his servants, “Pass over before me, and put a space between herd and herd.”
1;1. Mose;1Mo;32;17;1Mo 32,17;Geschenke für Esau;Dem ersten Knecht befahl er: „Wenn mein Bruder Esau dich trifft und dich fragt: ‚Zu wem gehörst du? Wohin gehst du? Und wem gehören diese Tiere vor dir?‘,;He commanded the foremost, saying, “When Esau, my brother, meets you, and asks you, saying, ‘Whose are you? Where are you going? Whose are these before you?’
1;1. Mose;1Mo;32;18;1Mo 32,18;Geschenke für Esau;dann sollst du sagen: ‚Sie gehören deinem Knecht Jakob. Es ist ein Geschenk für meinen Herrn Esau. Und schau, er selbst kommt auch hinter uns her.‘“;Then you shall say, ‘They are your servant, Jacob’s. It is a present sent to my lord, Esau. Behold, he also is behind us.’”
1;1. Mose;1Mo;32;19;1Mo 32,19;Geschenke für Esau;Dasselbe befahl er auch dem zweiten und dem dritten Knecht und allen, die hinter den Herden hergingen. Er sagte: „Genau so sollt ihr zu Esau sagen, wenn ihr ihn trefft.;He commanded also the second, and the third, and all that followed the herds, saying, “This is how you shall speak to Esau, when you find him.
1;1. Mose;1Mo;32;20;1Mo 32,20;Geschenke für Esau;Und sagt auch: ‚Schau, dein Knecht Jakob kommt selbst hinter uns her.‘“ Denn Jakob dachte: „Ich will ihn mit dem Geschenk versöhnen, das vor mir hergeht. Danach will ich ihm unter die Augen treten. Vielleicht nimmt er mich freundlich auf.“;You shall say, ‘Not only that, but behold, your servant, Jacob, is behind us.’” For, he said, “I will appease him with the present that goes before me, and afterward I will see his face. Perhaps he will accept me.”
1;1. Mose;1Mo;32;21;1Mo 32,21;Geschenke für Esau;So zog das Geschenk vor ihm her. Er selbst aber blieb in dieser Nacht im Lager.;So the present passed over before him, and he himself stayed that night in the camp.
1;1. Mose;1Mo;32;22;1Mo 32,22;Der Kampf in der Nacht;In derselben Nacht stand Jakob auf. Er nahm seine beiden Frauen, seine beiden Mägde und seine elf Söhne und ging mit ihnen durch die Furt des Flusses Jabbok.;He rose up that night, and took his two wives, and his two servants, and his eleven sons, and crossed over the ford of the Jabbok.
1;1. Mose;1Mo;32;23;1Mo 32,23;Der Kampf in der Nacht;Er nahm sie und brachte sie über den Fluss. Auch alles, was er besaß, brachte er hinüber.;He took them, and sent them over the stream, and sent over that which he had.
1;1. Mose;1Mo;32;24;1Mo 32,24;Der Kampf in der Nacht;Jakob blieb allein zurück. Da rang ein Mann mit ihm, bis die Morgenröte aufging.;Jacob was left alone, and wrestled with a man there until the breaking of the day.
1;1. Mose;1Mo;32;25;1Mo 32,25;Der Kampf in der Nacht;Der Mann sah, dass er Jakob nicht besiegen konnte. Da schlug er ihn auf das Hüftgelenk. Und Jakobs Hüfte renkte sich aus, während er mit ihm rang.;When he saw that he didn’t prevail against him, the man touched the hollow of his thigh, and the hollow of Jacob’s thigh was strained as he wrestled.
1;1. Mose;1Mo;32;26;1Mo 32,26;Der Kampf in der Nacht;Der Mann sagte: „Lass mich los, denn die Morgenröte geht auf.“ Aber Jakob sagte: „Ich lasse dich nicht los, wenn du mich nicht segnest.“;The man said, “Let me go, for the day breaks.” Jacob said, “I won’t let you go unless you bless me.”
1;1. Mose;1Mo;32;27;1Mo 32,27;Der Kampf in der Nacht;Da fragte der Mann ihn: „Wie heißt du?“ Er antwortete: „Jakob.“;He said to him, “What is your name?” He said, “Jacob”.
1;1. Mose;1Mo;32;28;1Mo 32,28;Der Kampf in der Nacht;Da sagte der Mann: „Du sollst nicht mehr Jakob heißen, sondern Israel. Denn du hast mit Gott und mit Menschen gekämpft und hast gewonnen.“;"He said, “Your name will no longer be called Jacob, but Israel; for you have fought with God and with men, and have prevailed.”"
1;1. Mose;1Mo;32;29;1Mo 32,29;Der Kampf in der Nacht;Jakob bat ihn: „Sag mir doch, wie du heißt.“ Aber er sagte: „Warum fragst du nach meinem Namen?“ Und er segnete ihn dort.;Jacob asked him, “Please tell me your name.” He said, “Why is it that you ask what my name is?” So he blessed him there.
1;1. Mose;1Mo;32;30;1Mo 32,30;Der Kampf in der Nacht;Jakob nannte den Ort Penuël. Denn er sagte: „Ich habe Gott von Angesicht zu Angesicht gesehen, und doch bin ich am Leben geblieben.“;"Jacob called the name of the place Peniel; for he said, “I have seen God face to face, and my life is preserved.”"
1;1. Mose;1Mo;32;31;1Mo 32,31;Der Kampf in der Nacht;Die Sonne ging über ihm auf, als er an Penuël vorbeizog. Er hinkte wegen seiner Hüfte.;The sun rose on him as he passed over Peniel, and he limped because of his thigh.
1;1. Mose;1Mo;32;32;1Mo 32,32;Der Kampf in der Nacht;Darum essen die Israeliten bis heute nicht den Muskelstrang an der Hüfte, der über dem Hüftgelenk liegt. Denn der Mann hatte Jakob an dieser Stelle auf das Hüftgelenk geschlagen.;Therefore the children of Israel don’t eat the sinew of the hip, which is on the hollow of the thigh, to this day, because he touched the hollow of Jacob’s thigh in the sinew of the hip.
1;1. Mose;1Mo;33;1;1Mo 33,1;Das Wiedersehen;Jakob schaute auf. Da sah er Esau kommen, und 400 Männer waren bei ihm. Da verteilte Jakob die Kinder auf Lea, Rahel und die beiden Mägde.;Jacob lifted up his eyes, and looked, and, behold, Esau was coming, and with him four hundred men. He divided the children between Leah, Rachel, and the two servants.
1;1. Mose;1Mo;33;2;1Mo 33,2;Das Wiedersehen;Ganz vorn stellte er die Mägde mit ihren Kindern auf. Dahinter Lea mit ihren Kindern. Und ganz hinten Rahel und Josef.;He put the servants and their children in front, Leah and her children after, and Rachel and Joseph at the rear.
1;1. Mose;1Mo;33;3;1Mo 33,3;Das Wiedersehen;Er selbst ging vor ihnen her. Siebenmal verneigte er sich bis zur Erde, bis er bei seinem Bruder ankam.;He himself passed over in front of them, and bowed himself to the ground seven times, until he came near to his brother.
1;1. Mose;1Mo;33;4;1Mo 33,4;Das Wiedersehen;Da lief Esau ihm entgegen. Er umarmte ihn, fiel ihm um den Hals und küsste ihn. Und sie weinten beide.;Esau ran to meet him, embraced him, fell on his neck, kissed him, and they wept.
1;1. Mose;1Mo;33;5;1Mo 33,5;Das Wiedersehen;Dann schaute Esau auf und sah die Frauen und die Kinder. Er fragte: „Wer sind die da bei dir?“ Jakob antwortete: „Das sind die Kinder, die Gott deinem Knecht in seiner Güte geschenkt hat.“;"He lifted up his eyes, and saw the women and the children; and said, “Who are these with you?” He said, “The children whom God has graciously given your servant.”"
1;1. Mose;1Mo;33;6;1Mo 33,6;Das Wiedersehen;Da traten die Mägde mit ihren Kindern heran und verneigten sich.;Then the servants came near with their children, and they bowed themselves.
1;1. Mose;1Mo;33;7;1Mo 33,7;Das Wiedersehen;Auch Lea trat mit ihren Kindern heran, und sie verneigten sich. Zuletzt traten Josef und Rahel heran und verneigten sich.;Leah also and her children came near, and bowed themselves. After them, Joseph came near with Rachel, and they bowed themselves.
1;1. Mose;1Mo;33;8;1Mo 33,8;Das Geschenk;Esau fragte: „Was willst du mit dem ganzen Zug von Tieren, dem ich begegnet bin?“ Jakob antwortete: „Ich wollte, dass mein Herr mir freundlich gesinnt ist.“;Esau said, “What do you mean by all this company which I met?” Jacob said, “To find favor in the sight of my lord.”
1;1. Mose;1Mo;33;9;1Mo 33,9;Das Geschenk;Esau sagte: „Ich habe genug, mein Bruder. Behalte, was dir gehört.“;"Esau said, “I have enough, my brother; let that which you have be yours.”"
1;1. Mose;1Mo;33;10;1Mo 33,10;Das Geschenk;Jakob sagte: „Nein, bitte! Wenn du mir freundlich gesinnt bist, dann nimm mein Geschenk von mir an. Denn ich habe dein Gesicht gesehen, wie man das Angesicht Gottes sieht. Und du hast mich freundlich aufgenommen.;Jacob said, “Please, no, if I have now found favor in your sight, then receive my present at my hand, because I have seen your face, as one sees the face of God, and you were pleased with me.
1;1. Mose;1Mo;33;11;1Mo 33,11;Das Geschenk;Nimm doch mein Geschenk an, das ich dir gebracht habe. Denn Gott ist gütig zu mir gewesen, und ich habe alles, was ich brauche.“ Jakob drängte ihn so lange, bis er es annahm.;Please take the gift that I brought to you, because God has dealt graciously with me, and because I have enough.” He urged him, and he took it.
1;1. Mose;1Mo;33;12;1Mo 33,12;Getrennte Wege;Esau sagte: „Lass uns aufbrechen und weiterziehen. Ich will vor dir herziehen.“;Esau said, “Let’s take our journey, and let’s go, and I will go before you.”
1;1. Mose;1Mo;33;13;1Mo 33,13;Getrennte Wege;Jakob antwortete ihm: „Mein Herr weiß, dass die Kinder noch zart sind. Und die Schafe, Ziegen und Rinder bei mir säugen ihre Jungen. Wenn man sie nur einen einzigen Tag zu schnell treibt, dann stirbt die ganze Herde.;Jacob said to him, “My lord knows that the children are tender, and that the flocks and herds with me have their young, and if they overdrive them one day, all the flocks will die.
1;1. Mose;1Mo;33;14;1Mo 33,14;Getrennte Wege;Mein Herr soll doch vor seinem Knecht herziehen. Ich will langsam nachkommen, so wie es die Tiere vor mir und die Kinder schaffen, bis ich zu meinem Herrn nach Seïr komme.“;Please let my lord pass over before his servant, and I will lead on gently, according to the pace of the livestock that are before me and according to the pace of the children, until I come to my lord to Seir.”
1;1. Mose;1Mo;33;15;1Mo 33,15;Getrennte Wege;Esau sagte: „Dann will ich dir wenigstens einige von meinen Leuten dalassen.“ Jakob antwortete: „Wozu denn? Es ist mir genug, dass mein Herr mir freundlich gesinnt ist.“;Esau said, “Let me now leave with you some of the people who are with me.” He said, “Why? Let me find favor in the sight of my lord.”
1;1. Mose;1Mo;33;16;1Mo 33,16;Getrennte Wege;So kehrte Esau an diesem Tag auf seinem Weg nach Seïr zurück.;So Esau returned that day on his way to Seir.
1;1. Mose;1Mo;33;17;1Mo 33,17;Getrennte Wege;Jakob aber zog nach Sukkot. Dort baute er sich ein Haus. Und für sein Vieh machte er Hütten. Darum nennt man den Ort Sukkot.;Jacob traveled to Succoth, built himself a house, and made shelters for his livestock. Therefore the name of the place is called Succoth.
1;1. Mose;1Mo;33;18;1Mo 33,18;Jakob kommt nach Sichem;Auf seinem Weg von Paddan-Aram kam Jakob wohlbehalten bei der Stadt Sichem im Land Kanaan an. Er schlug sein Lager vor der Stadt auf.;"Jacob came in peace to the city of Shechem, which is in the land of Canaan, when he came from Paddan Aram; and encamped before the city."
1;1. Mose;1Mo;33;19;1Mo 33,19;Jakob kommt nach Sichem;Das Stück Land, auf dem er sein Zelt aufgeschlagen hatte, kaufte er von den Söhnen von Hamor, dem Vater von Sichem. Er bezahlte dafür 100 Silberstücke.;He bought the parcel of ground where he had spread his tent, at the hand of the children of Hamor, Shechem’s father, for one hundred pieces of money.
1;1. Mose;1Mo;33;20;1Mo 33,20;Jakob kommt nach Sichem;Dort stellte er einen Altar auf. Er nannte ihn „El, der Gott Israels“.;He erected an altar there, and called it El Elohe Israel.
1;1. Mose;1Mo;34;1;1Mo 34,1;Dina wird vergewaltigt;Dina, die Tochter von Lea und Jakob, ging aus dem Lager. Sie wollte die jungen Frauen des Landes besuchen.;Dinah, the daughter of Leah, whom she bore to Jacob, went out to see the daughters of the land.
1;1. Mose;1Mo;34;2;1Mo 34,2;Dina wird vergewaltigt;Da sah sie Sichem, der Sohn des Hiwiters Hamor. Hamor war der Fürst in diesem Land. Sichem packte sie, schlief mit ihr und tat ihr Gewalt an.;Shechem the son of Hamor the Hivite, the prince of the land, saw her. He took her, lay with her, and humbled her.
1;1. Mose;1Mo;34;3;1Mo 34,3;Dina wird vergewaltigt;Danach hing sein Herz an Dina, der Tochter von Jakob. Er liebte das Mädchen und redete freundlich mit ihr.;His soul joined to Dinah, the daughter of Jacob, and he loved the young lady, and spoke kindly to the young lady.
1;1. Mose;1Mo;34;4;1Mo 34,4;Dina wird vergewaltigt;Sichem sagte zu seinem Vater Hamor: „Hol mir dieses Mädchen zur Frau!“;Shechem spoke to his father, Hamor, saying, “Get me this young lady as a wife.”
1;1. Mose;1Mo;34;5;1Mo 34,5;Dina wird vergewaltigt;Jakob hörte, dass Sichem seine Tochter Dina geschändet hatte. Seine Söhne waren aber gerade mit dem Vieh auf dem Feld. Darum schwieg Jakob, bis sie nach Hause kamen.;"Now Jacob heard that he had defiled Dinah, his daughter; and his sons were with his livestock in the field. Jacob held his peace until they came."
1;1. Mose;1Mo;34;6;1Mo 34,6;Hamors Angebot;Hamor, der Vater von Sichem, ging zu Jakob hinaus, um mit ihm zu reden.;Hamor the father of Shechem went out to Jacob to talk with him.
1;1. Mose;1Mo;34;7;1Mo 34,7;Hamors Angebot;Die Söhne Jakobs kamen vom Feld, als sie es hörten. Die Männer waren tief verletzt und sehr zornig. Denn Sichem hatte eine Schandtat in Israel begangen. Er hatte mit Jakobs Tochter geschlafen. So etwas darf man nicht tun.;The sons of Jacob came in from the field when they heard it. The men were grieved, and they were very angry, because he had done folly in Israel in lying with Jacob’s daughter, a thing that ought not to be done.
1;1. Mose;1Mo;34;8;1Mo 34,8;Hamors Angebot;Hamor redete mit ihnen und sagte: „Mein Sohn Sichem hat sein Herz an eure Tochter gehängt. Gebt sie ihm doch zur Frau.;Hamor talked with them, saying, “The soul of my son, Shechem, longs for your daughter. Please give her to him as a wife.
1;1. Mose;1Mo;34;9;1Mo 34,9;Hamors Angebot;Verbindet euch mit uns durch Heirat. Gebt uns eure Töchter, und nehmt euch unsere Töchter.;Make marriages with us. Give your daughters to us, and take our daughters for yourselves.
1;1. Mose;1Mo;34;10;1Mo 34,10;Hamors Angebot;Ihr könnt bei uns wohnen. Das Land steht euch offen. Bleibt hier, treibt Handel und erwerbt euch Besitz im Land.“;You shall dwell with us, and the land will be before you. Live and trade in it, and get possessions in it.”
1;1. Mose;1Mo;34;11;1Mo 34,11;Hamors Angebot;Und Sichem sagte zu Dinas Vater und zu ihren Brüdern: „Seid mir doch wohlgesinnt! Was ihr von mir verlangt, das will ich geben.;Shechem said to her father and to her brothers, “Let me find favor in your eyes, and whatever you will tell me I will give.
1;1. Mose;1Mo;34;12;1Mo 34,12;Hamors Angebot;Verlangt einen noch so hohen Brautpreis und noch so viele Geschenke. Ich will alles geben, was ihr von mir verlangt. Nur gebt mir das Mädchen zur Frau.“;Ask me a great amount for a dowry, and I will give whatever you ask of me, but give me the young lady as a wife.”
1;1. Mose;1Mo;34;13;1Mo 34,13;Die List der Brüder;Die Söhne Jakobs antworteten Sichem und seinem Vater Hamor mit List. Denn Sichem hatte ihre Schwester Dina geschändet.;The sons of Jacob answered Shechem and Hamor his father with deceit when they spoke, because he had defiled Dinah their sister,
1;1. Mose;1Mo;34;14;1Mo 34,14;Die List der Brüder;Sie sagten zu ihnen: „Das können wir nicht tun. Wir können unsere Schwester keinem Mann geben, der nicht beschnitten ist. Das wäre eine Schande für uns.;"and said to them, “We can’t do this thing, to give our sister to one who is uncircumcised; for that is a reproach to us."
1;1. Mose;1Mo;34;15;1Mo 34,15;Die List der Brüder;Nur unter einer Bedingung sind wir einverstanden: Ihr müsst werden wie wir. Alle eure Männer müssen beschnitten werden.;Only on this condition will we consent to you. If you will be as we are, that every male of you be circumcised,
1;1. Mose;1Mo;34;16;1Mo 34,16;Die List der Brüder;Dann geben wir euch unsere Töchter, und wir nehmen uns eure Töchter. Dann wohnen wir bei euch und werden ein einziges Volk.;"then will we give our daughters to you; and we will take your daughters to us, and we will dwell with you, and we will become one people."
1;1. Mose;1Mo;34;17;1Mo 34,17;Die List der Brüder;Wenn ihr aber nicht auf uns hört und euch nicht beschneiden lasst, dann nehmen wir unsere Schwester und gehen weg.“;But if you will not listen to us and be circumcised, then we will take our sister, and we will be gone.”
1;1. Mose;1Mo;34;18;1Mo 34,18;Die List der Brüder;Ihr Vorschlag gefiel Hamor und seinem Sohn Sichem.;Their words pleased Hamor and Shechem, Hamor’s son.
1;1. Mose;1Mo;34;19;1Mo 34,19;Die List der Brüder;Der junge Mann zögerte nicht, es zu tun. Denn er wollte die Tochter Jakobs unbedingt haben. Und er war der Angesehenste in der ganzen Familie seines Vaters.;The young man didn’t wait to do this thing, because he had delight in Jacob’s daughter, and he was honored above all the house of his father.
1;1. Mose;1Mo;34;20;1Mo 34,20;Die List der Brüder;Hamor und sein Sohn Sichem gingen zum Tor ihrer Stadt. Dort redeten sie mit den Männern ihrer Stadt. Sie sagten:;Hamor and Shechem, his son, came to the gate of their city, and talked with the men of their city, saying,
1;1. Mose;1Mo;34;21;1Mo 34,21;Die List der Brüder;„Diese Männer sind friedlich zu uns. Darum sollen sie im Land wohnen und Handel treiben. Schaut, das Land ist groß genug für sie. Wir wollen ihre Töchter zu Frauen nehmen und ihnen unsere Töchter geben.;“These men are peaceful with us. Therefore let them live in the land and trade in it. For behold, the land is large enough for them. Let’s take their daughters to us for wives, and let’s give them our daughters.
1;1. Mose;1Mo;34;22;1Mo 34,22;Die List der Brüder;Aber nur unter einer Bedingung sind die Männer bereit, bei uns zu wohnen und ein Volk mit uns zu werden: Alle Männer bei uns müssen beschnitten werden, so wie sie beschnitten sind.;Only on this condition will the men consent to us to live with us, to become one people, if every male among us is circumcised, as they are circumcised.
1;1. Mose;1Mo;34;23;1Mo 34,23;Die List der Brüder;Dann gehören ihre Herden, ihr Besitz und all ihr Vieh doch uns! Lasst uns einfach zustimmen. Dann bleiben sie bei uns wohnen.“;Won’t their livestock and their possessions and all their animals be ours? Only let’s give our consent to them, and they will dwell with us.”
1;1. Mose;1Mo;34;24;1Mo 34,24;Die List der Brüder;Alle Männer, die zum Tor der Stadt kamen, hörten auf Hamor und seinen Sohn Sichem. Und alle Männer ließen sich beschneiden, alle, die zum Tor der Stadt kamen.;"All who went out of the gate of his city listened to Hamor, and to Shechem his son; and every male was circumcised, all who went out of the gate of his city."
1;1. Mose;1Mo;34;25;1Mo 34,25;Das Blutbad;Am dritten Tag hatten die Männer große Schmerzen. Da nahmen zwei von Jakobs Söhnen, Simeon und Levi, die Brüder von Dina, jeder sein Schwert. Sie überfielen die ahnungslose Stadt und töteten alle Männer.;On the third day, when they were sore, two of Jacob’s sons, Simeon and Levi, Dinah’s brothers, each took his sword, came upon the unsuspecting city, and killed all the males.
1;1. Mose;1Mo;34;26;1Mo 34,26;Das Blutbad;Auch Hamor und seinen Sohn Sichem töteten sie mit dem Schwert. Sie holten Dina aus dem Haus von Sichem und gingen weg.;They killed Hamor and Shechem, his son, with the edge of the sword, and took Dinah out of Shechem’s house, and went away.
1;1. Mose;1Mo;34;27;1Mo 34,27;Das Blutbad;Dann kamen die anderen Söhne Jakobs über die Toten her und plünderten die Stadt. Denn man hatte ihre Schwester geschändet.;Jacob’s sons came on the dead, and plundered the city, because they had defiled their sister.
1;1. Mose;1Mo;34;28;1Mo 34,28;Das Blutbad;Sie nahmen ihre Schafe und Ziegen, ihre Rinder und ihre Esel, alles, was in der Stadt und auf dem Feld war.;They took their flocks, their herds, their donkeys, that which was in the city, that which was in the field,
1;1. Mose;1Mo;34;29;1Mo 34,29;Das Blutbad;Sie nahmen ihren ganzen Besitz. Alle Kinder und Frauen nahmen sie gefangen. Und alles, was in den Häusern war, raubten sie.;and all their wealth. They took captive all their little ones and their wives, and took as plunder everything that was in the house.
1;1. Mose;1Mo;34;30;1Mo 34,30;Das Blutbad;Da sagte Jakob zu Simeon und Levi: „Ihr habt mich ins Unglück gestürzt. Jetzt hassen mich die Menschen im Land, die Kanaaniter und die Perisiter. Ich habe nur wenige Leute. Wenn sie sich gegen mich zusammentun und mich angreifen, dann werde ich vernichtet, ich und meine ganze Familie.“;Jacob said to Simeon and Levi, “You have troubled me, to make me odious to the inhabitants of the land, among the Canaanites and the Perizzites. I am few in number. They will gather themselves together against me and strike me, and I will be destroyed, I and my house.”
1;1. Mose;1Mo;34;31;1Mo 34,31;Das Blutbad;Aber sie sagten: „Durfte er denn unsere Schwester behandeln wie eine Hure?“;They said, “Should he deal with our sister as with a prostitute?”
1;1. Mose;1Mo;35;1;1Mo 35,1;Weg mit den fremden Göttern;Gott sagte zu Jakob: „Mach dich auf, zieh hinauf nach Bet-El und bleib dort wohnen. Bau dort einen Altar für den Gott, der dir erschienen ist, als du vor deinem Bruder Esau geflohen bist.“;God said to Jacob, “Arise, go up to Bethel, and live there. Make there an altar to God, who appeared to you when you fled from the face of Esau your brother.”
1;1. Mose;1Mo;35;2;1Mo 35,2;Weg mit den fremden Göttern;Da sagte Jakob zu seiner Familie und zu allen, die bei ihm waren: „Schafft die fremden Götter weg, die ihr bei euch habt. Reinigt euch und zieht frische Kleider an.;Then Jacob said to his household, and to all who were with him, “Put away the foreign gods that are among you, purify yourselves, and change your garments.
1;1. Mose;1Mo;35;3;1Mo 35,3;Weg mit den fremden Göttern;Wir wollen uns aufmachen und nach Bet-El hinaufziehen. Dort will ich einen Altar bauen für den Gott, der mir geantwortet hat, als ich in Not war. Er war bei mir auf dem ganzen Weg, den ich gegangen bin.“;Let’s arise, and go up to Bethel. I will make there an altar to God, who answered me in the day of my distress, and was with me on the way which I went.”
1;1. Mose;1Mo;35;4;1Mo 35,4;Weg mit den fremden Göttern;Da gaben sie Jakob alle fremden Götter, die sie hatten, und die Ringe, die sie an den Ohren trugen. Jakob vergrub sie unter der Eiche bei Sichem.;"They gave to Jacob all the foreign gods which were in their hands, and the rings which were in their ears; and Jacob hid them under the oak which was by Shechem."
1;1. Mose;1Mo;35;5;1Mo 35,5;Weg mit den fremden Göttern;Dann brachen sie auf. Da kam ein Schrecken von Gott über die Städte ringsum. Darum verfolgten sie die Söhne Jakobs nicht.;They traveled, and a terror of God was on the cities that were around them, and they didn’t pursue the sons of Jacob.
1;1. Mose;1Mo;35;6;1Mo 35,6;Wieder in Bet-El;So kam Jakob nach Lus im Land Kanaan – das ist Bet-El –, er und alle Leute, die bei ihm waren.;So Jacob came to Luz (that is, Bethel), which is in the land of Canaan, he and all the people who were with him.
1;1. Mose;1Mo;35;7;1Mo 35,7;Wieder in Bet-El;Er baute dort einen Altar und nannte den Ort El-Bet-El. Denn dort hatte Gott sich ihm gezeigt, als er vor seinem Bruder floh.;"He built an altar there, and called the place El Beth El; because there God was revealed to him, when he fled from the face of his brother."
1;1. Mose;1Mo;35;8;1Mo 35,8;Wieder in Bet-El;Dort starb Debora, die Amme von Rebekka. Sie wurde unterhalb von Bet-El unter der Eiche begraben. Darum nannte man sie Allon-Bachut.;"Deborah, Rebekah’s nurse, died, and she was buried below Bethel under the oak; and its name was called Allon Bacuth."
1;1. Mose;1Mo;35;9;1Mo 35,9;Gott segnet Jakob noch einmal;Als Jakob aus Paddan-Aram gekommen war, erschien Gott ihm noch einmal und segnete ihn.;God appeared to Jacob again, when he came from Paddan Aram, and blessed him.
1;1. Mose;1Mo;35;10;1Mo 35,10;Gott segnet Jakob noch einmal;Gott sagte zu ihm: „Dein Name ist Jakob. Aber du sollst nicht mehr Jakob heißen, sondern Israel soll dein Name sein.“ So gab er ihm den Namen Israel.;God said to him, “Your name is Jacob. Your name shall not be Jacob any more, but your name will be Israel.” He named him Israel.
1;1. Mose;1Mo;35;11;1Mo 35,11;Gott segnet Jakob noch einmal;Und Gott sagte zu ihm: „Ich bin Gott, der Allmächtige. Sei fruchtbar und werde zahlreich. Ein Volk, ja eine ganze Gemeinschaft von Völkern soll von dir abstammen. Und Könige sollen von dir kommen.;God said to him, “I am God Almighty. Be fruitful and multiply. A nation and a company of nations will be from you, and kings will come out of your body.
1;1. Mose;1Mo;35;12;1Mo 35,12;Gott segnet Jakob noch einmal;Das Land, das ich Abraham und Isaak gegeben habe, das gebe ich dir. Und deinen Nachkommen nach dir gebe ich das Land.“;The land which I gave to Abraham and Isaac, I will give it to you, and to your offspring after you I will give the land.”
1;1. Mose;1Mo;35;13;1Mo 35,13;Gott segnet Jakob noch einmal;Dann fuhr Gott von ihm auf, an dem Ort, wo er mit ihm geredet hatte.;God went up from him in the place where he spoke with him.
1;1. Mose;1Mo;35;14;1Mo 35,14;Gott segnet Jakob noch einmal;Jakob stellte an dem Ort, wo Gott mit ihm geredet hatte, einen Gedenkstein auf, einen Stein. Er goss ein Trankopfer darüber und goss Öl darauf.;Jacob set up a pillar in the place where he spoke with him, a pillar of stone. He poured out a drink offering on it, and poured oil on it.
1;1. Mose;1Mo;35;15;1Mo 35,15;Gott segnet Jakob noch einmal;Und Jakob nannte den Ort, wo Gott mit ihm geredet hatte, Bet-El.;Jacob called the name of the place where God spoke with him “Bethel”.
1;1. Mose;1Mo;35;16;1Mo 35,16;Benjamin wird geboren – Rahel stirbt;Dann zogen sie weiter von Bet-El. Es war nur noch ein kleines Stück bis nach Efrata. Da bekam Rahel Wehen. Die Geburt war sehr schwer.;They traveled from Bethel. There was still some distance to come to Ephrath, and Rachel travailed. She had hard labor.
1;1. Mose;1Mo;35;17;1Mo 35,17;Benjamin wird geboren – Rahel stirbt;Als die Geburt so schwer war, sagte die Hebamme zu ihr: „Hab keine Angst! Du bekommst wieder einen Sohn.“;When she was in hard labor, the midwife said to her, “Don’t be afraid, for now you will have another son.”
1;1. Mose;1Mo;35;18;1Mo 35,18;Benjamin wird geboren – Rahel stirbt;Rahel lag im Sterben. Mit ihrem letzten Atem nannte sie ihren Sohn Ben-Oni. Sein Vater aber nannte ihn Benjamin.;As her soul was departing (for she died), she named him Benoni, but his father named him Benjamin.
1;1. Mose;1Mo;35;19;1Mo 35,19;Benjamin wird geboren – Rahel stirbt;So starb Rahel. Sie wurde am Weg nach Efrata begraben. Efrata ist Betlehem.;Rachel died, and was buried on the way to Ephrath (also called Bethlehem).
1;1. Mose;1Mo;35;20;1Mo 35,20;Benjamin wird geboren – Rahel stirbt;Jakob stellte einen Gedenkstein auf ihrem Grab auf. Das ist der Grabstein von Rahel bis heute.;Jacob set up a pillar on her grave. The same is the Pillar of Rachel’s grave to this day.
1;1. Mose;1Mo;35;21;1Mo 35,21;Ruben und die zwölf Söhne Jakobs;Israel zog weiter. Er schlug sein Zelt jenseits von Migdal-Eder auf.;Israel traveled, and spread his tent beyond the tower of Eder.
1;1. Mose;1Mo;35;22;1Mo 35,22;Ruben und die zwölf Söhne Jakobs;Während Israel in diesem Gebiet wohnte, ging Ruben hin und schlief mit Bilha, der Nebenfrau seines Vaters. Und Israel erfuhr davon.  Jakob hatte zwölf Söhne.;While Israel lived in that land, Reuben went and lay with Bilhah, his father’s concubine, and Israel heard of it. Now the sons of Jacob were twelve.
1;1. Mose;1Mo;35;23;1Mo 35,23;Ruben und die zwölf Söhne Jakobs;Die Söhne von Lea waren: Ruben, der Erstgeborene von Jakob, Simeon, Levi, Juda, Issachar und Sebulon.;The sons of Leah: Reuben (Jacob’s firstborn), Simeon, Levi, Judah, Issachar, and Zebulun.
1;1. Mose;1Mo;35;24;1Mo 35,24;Ruben und die zwölf Söhne Jakobs;Die Söhne von Rahel waren: Josef und Benjamin.;The sons of Rachel: Joseph and Benjamin.
1;1. Mose;1Mo;35;25;1Mo 35,25;Ruben und die zwölf Söhne Jakobs;Die Söhne von Bilha, der Magd von Rahel, waren: Dan und Naftali.;The sons of Bilhah (Rachel’s servant): Dan and Naphtali.
1;1. Mose;1Mo;35;26;1Mo 35,26;Ruben und die zwölf Söhne Jakobs;Die Söhne von Silpa, der Magd von Lea, waren: Gad und Ascher. Das sind die Söhne von Jakob, die ihm in Paddan-Aram geboren wurden.;The sons of Zilpah (Leah’s servant): Gad and Asher. These are the sons of Jacob, who were born to him in Paddan Aram.
1;1. Mose;1Mo;35;27;1Mo 35,27;Isaak stirbt;Jakob kam zu seinem Vater Isaak nach Mamre bei Kirjat-Arba – das ist Hebron –, wo Abraham und Isaak als Fremde gelebt hatten.;Jacob came to Isaac his father, to Mamre, to Kiriath Arba (which is Hebron), where Abraham and Isaac lived as foreigners.
1;1. Mose;1Mo;35;28;1Mo 35,28;Isaak stirbt;Isaak wurde 180 Jahre alt.;The days of Isaac were one hundred eighty years.
1;1. Mose;1Mo;35;29;1Mo 35,29;Isaak stirbt;Dann hauchte Isaak seinen Geist aus und starb. Er wurde mit seinen Vorfahren vereint, alt und lebenssatt. Seine Söhne Esau und Jakob begruben ihn.;Isaac gave up the spirit and died, and was gathered to his people, old and full of days. Esau and Jacob, his sons, buried him.
1;1. Mose;1Mo;36;1;1Mo 36,1;Esaus Frauen und Söhne;Das ist die Familiengeschichte von Esau. Esau ist Edom.;Now this is the history of the generations of Esau (that is, Edom).
1;1. Mose;1Mo;36;2;1Mo 36,2;Esaus Frauen und Söhne;Esau nahm sich Frauen von den Töchtern Kanaans: Ada, die Tochter des Hetiters Elon, und Oholibama, die Tochter von Ana und Enkelin des Hiwiters Zibon,;"Esau took his wives from the daughters of Canaan: Adah the daughter of Elon, the Hittite; and Oholibamah the daughter of Anah, the daughter of Zibeon, the Hivite;"
1;1. Mose;1Mo;36;3;1Mo 36,3;Esaus Frauen und Söhne;und Basemat, die Tochter von Ismael und Schwester von Nebajot.;and Basemath, Ishmael’s daughter, sister of Nebaioth.
1;1. Mose;1Mo;36;4;1Mo 36,4;Esaus Frauen und Söhne;Ada gebar Esau den Elifas. Basemat gebar Reguël.;Adah bore to Esau Eliphaz. Basemath bore Reuel.
1;1. Mose;1Mo;36;5;1Mo 36,5;Esaus Frauen und Söhne;Oholibama gebar Jëusch, Jalam und Korach. Das sind die Söhne von Esau, die ihm im Land Kanaan geboren wurden.;Oholibamah bore Jeush, Jalam, and Korah. These are the sons of Esau, who were born to him in the land of Canaan.
1;1. Mose;1Mo;36;6;1Mo 36,6;Esau zieht weg;Esau nahm seine Frauen, seine Söhne und seine Töchter und alle Menschen in seinem Haus, seine Herden und all sein Vieh und all seinen Besitz, den er im Land Kanaan erworben hatte. Und er zog in ein anderes Land, weg von seinem Bruder Jakob.;Esau took his wives, his sons, his daughters, and all the members of his household, with his livestock, all his animals, and all his possessions, which he had gathered in the land of Canaan, and went into a land away from his brother Jacob.
1;1. Mose;1Mo;36;7;1Mo 36,7;Esau zieht weg;Denn ihr Besitz war zu groß, als dass sie zusammen wohnen konnten. Das Land, in dem sie als Fremde lebten, reichte nicht für all ihr Vieh.;For their substance was too great for them to dwell together, and the land of their travels couldn’t bear them because of their livestock.
1;1. Mose;1Mo;36;8;1Mo 36,8;Esau zieht weg;So wohnte Esau im Bergland von Seïr. Esau ist Edom.;Esau lived in the hill country of Seir. Esau is Edom.
1;1. Mose;1Mo;36;9;1Mo 36,9;Esaus Söhne und Enkel;Das ist die Familiengeschichte von Esau, dem Stammvater der Edomiter im Bergland Seïr.;This is the history of the generations of Esau the father of the Edomites in the hill country of Seir:
1;1. Mose;1Mo;36;10;1Mo 36,10;Esaus Söhne und Enkel;Das sind die Namen der Söhne von Esau: Elifas, der Sohn von Ada, der Frau von Esau, und Reguël, der Sohn von Basemat, der Frau von Esau.;"these are the names of Esau’s sons: Eliphaz, the son of Adah, the wife of Esau; and Reuel, the son of Basemath, the wife of Esau."
1;1. Mose;1Mo;36;11;1Mo 36,11;Esaus Söhne und Enkel;Die Söhne von Elifas waren: Teman, Omar, Zefo, Gatam und Kenas.;The sons of Eliphaz were Teman, Omar, Zepho, and Gatam, and Kenaz.
1;1. Mose;1Mo;36;12;1Mo 36,12;Esaus Söhne und Enkel;Timna war eine Nebenfrau von Elifas, dem Sohn von Esau. Sie gebar Elifas den Amalek. Das sind die Nachkommen von Ada, der Frau von Esau.;"Timna was concubine to Eliphaz, Esau’s son; and she bore to Eliphaz Amalek. These are the descendants of Adah, Esau’s wife."
1;1. Mose;1Mo;36;13;1Mo 36,13;Esaus Söhne und Enkel;Das sind die Söhne von Reguël: Nahat, Serach, Schamma und Misa. Das waren die Nachkommen von Basemat, der Frau von Esau.;These are the sons of Reuel: Nahath, Zerah, Shammah, and Mizzah. These were the descendants of Basemath, Esau’s wife.
1;1. Mose;1Mo;36;14;1Mo 36,14;Esaus Söhne und Enkel;Und das waren die Söhne von Oholibama, der Tochter von Ana und Enkelin von Zibon, der Frau von Esau: Sie gebar Esau den Jëusch, den Jalam und den Korach.;These were the sons of Oholibamah, the daughter of Anah, the daughter of Zibeon, Esau’s wife: she bore to Esau Jeush, Jalam, and Korah.
1;1. Mose;1Mo;36;15;1Mo 36,15;Die Stammesfürsten von Esau;Das sind die Stammesfürsten unter den Söhnen von Esau: Die Söhne von Elifas, dem Erstgeborenen von Esau, waren Fürst Teman, Fürst Omar, Fürst Zefo, Fürst Kenas,;These are the chiefs of the sons of Esau: the sons of Eliphaz the firstborn of Esau: chief Teman, chief Omar, chief Zepho, chief Kenaz,
1;1. Mose;1Mo;36;16;1Mo 36,16;Die Stammesfürsten von Esau;Fürst Korach, Fürst Gatam und Fürst Amalek. Das sind die Fürsten, die von Elifas abstammen, im Land Edom. Das sind die Nachkommen von Ada.;chief Korah, chief Gatam, chief Amalek. These are the chiefs who came of Eliphaz in the land of Edom. These are the sons of Adah.
1;1. Mose;1Mo;36;17;1Mo 36,17;Die Stammesfürsten von Esau;Das sind die Söhne von Reguël, dem Sohn von Esau: Fürst Nahat, Fürst Serach, Fürst Schamma und Fürst Misa. Das sind die Fürsten, die von Reguël abstammen, im Land Edom. Das sind die Nachkommen von Basemat, der Frau von Esau.;These are the sons of Reuel, Esau’s son: chief Nahath, chief Zerah, chief Shammah, chief Mizzah. These are the chiefs who came of Reuel in the land of Edom. These are the sons of Basemath, Esau’s wife.
1;1. Mose;1Mo;36;18;1Mo 36,18;Die Stammesfürsten von Esau;Das sind die Söhne von Oholibama, der Frau von Esau: Fürst Jëusch, Fürst Jalam und Fürst Korach. Das sind die Fürsten, die von Oholibama abstammen, der Tochter von Ana und Frau von Esau.;These are the sons of Oholibamah, Esau’s wife: chief Jeush, chief Jalam, chief Korah. These are the chiefs who came of Oholibamah the daughter of Anah, Esau’s wife.
1;1. Mose;1Mo;36;19;1Mo 36,19;Die Stammesfürsten von Esau;Das sind die Söhne von Esau – das ist Edom – und das sind ihre Stammesfürsten.;These are the sons of Esau (that is, Edom), and these are their chiefs.
1;1. Mose;1Mo;36;20;1Mo 36,20;Die ersten Bewohner von Seïr;Das sind die Söhne des Horiters Seïr, die schon vorher im Land wohnten: Lotan, Schobal, Zibon, Ana,;These are the sons of Seir the Horite, the inhabitants of the land: Lotan, Shobal, Zibeon, Anah,
1;1. Mose;1Mo;36;21;1Mo 36,21;Die ersten Bewohner von Seïr;Dischon, Ezer und Dischan. Das sind die Stammesfürsten der Horiter, die Söhne von Seïr, im Land Edom.;Dishon, Ezer, and Dishan. These are the chiefs who came of the Horites, the children of Seir in the land of Edom.
1;1. Mose;1Mo;36;22;1Mo 36,22;Die ersten Bewohner von Seïr;Die Söhne von Lotan waren Hori und Hemam. Die Schwester von Lotan war Timna.;The children of Lotan were Hori and Heman. Lotan’s sister was Timna.
1;1. Mose;1Mo;36;23;1Mo 36,23;Die ersten Bewohner von Seïr;Das sind die Söhne von Schobal: Alwan, Manahat, Ebal, Schefo und Onam.;These are the children of Shobal: Alvan, Manahath, Ebal, Shepho, and Onam.
1;1. Mose;1Mo;36;24;1Mo 36,24;Die ersten Bewohner von Seïr;Das sind die Söhne von Zibon: Aja und Ana. Das ist der Ana, der in der Wüste die warmen Quellen fand, als er die Esel seines Vaters Zibon hütete.;These are the children of Zibeon: Aiah and Anah. This is Anah who found the hot springs in the wilderness, as he fed the donkeys of Zibeon his father.
1;1. Mose;1Mo;36;25;1Mo 36,25;Die ersten Bewohner von Seïr;Das sind die Kinder von Ana: Dischon und Oholibama, die Tochter von Ana.;These are the children of Anah: Dishon and Oholibamah, the daughter of Anah.
1;1. Mose;1Mo;36;26;1Mo 36,26;Die ersten Bewohner von Seïr;Das sind die Söhne von Dischon: Hemdan, Eschban, Jitran und Keran.;These are the children of Dishon: Hemdan, Eshban, Ithran, and Cheran.
1;1. Mose;1Mo;36;27;1Mo 36,27;Die ersten Bewohner von Seïr;Das sind die Söhne von Ezer: Bilhan, Saawan und Akan.;These are the children of Ezer: Bilhan, Zaavan, and Akan.
1;1. Mose;1Mo;36;28;1Mo 36,28;Die ersten Bewohner von Seïr;Das sind die Söhne von Dischan: Uz und Aran.;These are the children of Dishan: Uz and Aran.
1;1. Mose;1Mo;36;29;1Mo 36,29;Die ersten Bewohner von Seïr;Das sind die Stammesfürsten der Horiter: Fürst Lotan, Fürst Schobal, Fürst Zibon, Fürst Ana,;These are the chiefs who came of the Horites: chief Lotan, chief Shobal, chief Zibeon, chief Anah,
1;1. Mose;1Mo;36;30;1Mo 36,30;Die ersten Bewohner von Seïr;Fürst Dischon, Fürst Ezer und Fürst Dischan. Das sind die Stammesfürsten der Horiter, nach ihren Stämmen, im Land Seïr.;chief Dishon, chief Ezer, and chief Dishan. These are the chiefs who came of the Horites, according to their chiefs in the land of Seir.
1;1. Mose;1Mo;36;31;1Mo 36,31;Die Könige von Edom;Das sind die Könige, die im Land Edom regierten, bevor ein König über die Israeliten regierte:;These are the kings who reigned in the land of Edom, before any king reigned over the children of Israel.
1;1. Mose;1Mo;36;32;1Mo 36,32;Die Könige von Edom;Bela, der Sohn von Beor, war König in Edom. Seine Stadt hieß Dinhaba.;Bela, the son of Beor, reigned in Edom. The name of his city was Dinhabah.
1;1. Mose;1Mo;36;33;1Mo 36,33;Die Könige von Edom;Bela starb. Da wurde Jobab König an seiner Stelle. Er war der Sohn von Serach aus Bozra.;Bela died, and Jobab, the son of Zerah of Bozrah, reigned in his place.
1;1. Mose;1Mo;36;34;1Mo 36,34;Die Könige von Edom;Jobab starb. Da wurde Huscham König an seiner Stelle. Er kam aus dem Land der Temaniter.;Jobab died, and Husham of the land of the Temanites reigned in his place.
1;1. Mose;1Mo;36;35;1Mo 36,35;Die Könige von Edom;Huscham starb. Da wurde Hadad König an seiner Stelle. Er war der Sohn von Bedad. Er hatte die Midianiter im Gebiet von Moab geschlagen. Seine Stadt hieß Awit.;Husham died, and Hadad, the son of Bedad, who struck Midian in the field of Moab, reigned in his place. The name of his city was Avith.
1;1. Mose;1Mo;36;36;1Mo 36,36;Die Könige von Edom;Hadad starb. Da wurde Samla König an seiner Stelle. Er kam aus Masreka.;Hadad died, and Samlah of Masrekah reigned in his place.
1;1. Mose;1Mo;36;37;1Mo 36,37;Die Könige von Edom;Samla starb. Da wurde Schaul König an seiner Stelle. Er kam aus Rehobot am Fluss.;Samlah died, and Shaul of Rehoboth by the river, reigned in his place.
1;1. Mose;1Mo;36;38;1Mo 36,38;Die Könige von Edom;Schaul starb. Da wurde Baal-Hanan König an seiner Stelle. Er war der Sohn von Achbor.;Shaul died, and Baal Hanan the son of Achbor reigned in his place.
1;1. Mose;1Mo;36;39;1Mo 36,39;Die Könige von Edom;Baal-Hanan, der Sohn von Achbor, starb. Da wurde Hadar König an seiner Stelle. Seine Stadt hieß Pau. Seine Frau hieß Mehetabel. Sie war die Tochter von Matred und die Enkelin von Me-Sahab.;Baal Hanan the son of Achbor died, and Hadar reigned in his place. The name of his city was Pau. His wife’s name was Mehetabel, the daughter of Matred, the daughter of Mezahab.
1;1. Mose;1Mo;36;40;1Mo 36,40;Noch einmal die Stammesfürsten von Esau;Das sind die Namen der Stammesfürsten von Esau, nach ihren Familien und Orten, mit ihren Namen: Fürst Timna, Fürst Alwa, Fürst Jetet,;These are the names of the chiefs who came from Esau, according to their families, after their places, and by their names: chief Timna, chief Alvah, chief Jetheth,
1;1. Mose;1Mo;36;41;1Mo 36,41;Noch einmal die Stammesfürsten von Esau;Fürst Oholibama, Fürst Ela, Fürst Pinon,;chief Oholibamah, chief Elah, chief Pinon,
1;1. Mose;1Mo;36;42;1Mo 36,42;Noch einmal die Stammesfürsten von Esau;Fürst Kenas, Fürst Teman, Fürst Mibzar,;chief Kenaz, chief Teman, chief Mibzar,
1;1. Mose;1Mo;36;43;1Mo 36,43;Noch einmal die Stammesfürsten von Esau;Fürst Magdiël und Fürst Iram. Das sind die Stammesfürsten von Edom, nach ihren Wohnorten in dem Land, das ihnen gehörte. Das ist Esau, der Stammvater der Edomiter.;chief Magdiel, and chief Iram. These are the chiefs of Edom, according to their habitations in the land of their possession. This is Esau, the father of the Edomites.
1;1. Mose;1Mo;37;1;1Mo 37,1;Der Lieblingssohn;Jakob wohnte im Land Kanaan, in dem sein Vater als Fremder gelebt hatte.;Jacob lived in the land of his father’s travels, in the land of Canaan.
1;1. Mose;1Mo;37;2;1Mo 37,2;Der Lieblingssohn;Das ist die Familiengeschichte von Jakob. Josef war 17 Jahre alt. Er hütete mit seinen Brüdern die Schafe und Ziegen. Er war als junger Hirte bei den Söhnen von Bilha und Silpa, den Frauen seines Vaters. Josef erzählte seinem Vater Schlechtes über seine Brüder.;This is the history of the generations of Jacob. Joseph, being seventeen years old, was feeding the flock with his brothers. He was a boy with the sons of Bilhah and Zilpah, his father’s wives. Joseph brought an evil report of them to their father.
1;1. Mose;1Mo;37;3;1Mo 37,3;Der Lieblingssohn;Israel liebte Josef mehr als alle seine anderen Söhne. Denn er hatte ihn erst im Alter bekommen. Er ließ ihm ein besonders schönes, buntes Gewand machen.;Now Israel loved Joseph more than all his children, because he was the son of his old age, and he made him a tunic of many colors.
1;1. Mose;1Mo;37;4;1Mo 37,4;Der Lieblingssohn;Seine Brüder sahen, dass ihr Vater ihn mehr liebte als alle seine Brüder. Da hassten sie ihn. Sie konnten kein freundliches Wort mehr mit ihm reden.;His brothers saw that their father loved him more than all his brothers, and they hated him, and couldn’t speak peaceably to him.
1;1. Mose;1Mo;37;5;1Mo 37,5;Josefs Träume;Josef hatte einen Traum. Er erzählte ihn seinen Brüdern. Da hassten sie ihn noch mehr.;Joseph dreamed a dream, and he told it to his brothers, and they hated him all the more.
1;1. Mose;1Mo;37;6;1Mo 37,6;Josefs Träume;Er sagte zu ihnen: „Hört euch doch an, was ich geträumt habe:;He said to them, “Please hear this dream which I have dreamed:
1;1. Mose;1Mo;37;7;1Mo 37,7;Josefs Träume;Schaut, wir banden auf dem Feld Garben zusammen. Und schaut: Meine Garbe richtete sich auf und blieb aufrecht stehen. Und schaut: Eure Garben stellten sich im Kreis um meine Garbe und verneigten sich vor ihr.“;"for behold, we were binding sheaves in the field, and behold, my sheaf arose and also stood upright; and behold, your sheaves came around, and bowed down to my sheaf.”"
1;1. Mose;1Mo;37;8;1Mo 37,8;Josefs Träume;Da sagten seine Brüder zu ihm: „Willst du etwa König über uns werden? Willst du etwa über uns herrschen?“ Und sie hassten ihn noch mehr wegen seiner Träume und wegen seiner Worte.;His brothers asked him, “Will you indeed reign over us? Will you indeed have dominion over us?” They hated him all the more for his dreams and for his words.
1;1. Mose;1Mo;37;9;1Mo 37,9;Josefs Träume;Dann hatte er noch einen anderen Traum. Auch den erzählte er seinen Brüdern. Er sagte: „Schaut, ich hatte noch einen Traum: Schaut, die Sonne, der Mond und elf Sterne verneigten sich vor mir.“;He dreamed yet another dream, and told it to his brothers, and said, “Behold, I have dreamed yet another dream: and behold, the sun and the moon and eleven stars bowed down to me.”
1;1. Mose;1Mo;37;10;1Mo 37,10;Josefs Träume;Als er das seinem Vater und seinen Brüdern erzählte, schimpfte sein Vater mit ihm. Er sagte zu ihm: „Was ist das für ein Traum, den du da geträumt hast? Sollen wir etwa kommen, ich, deine Mutter und deine Brüder, und uns vor dir bis zur Erde verneigen?“;He told it to his father and to his brothers. His father rebuked him, and said to him, “What is this dream that you have dreamed? Will I and your mother and your brothers indeed come to bow ourselves down to the earth before you?”
1;1. Mose;1Mo;37;11;1Mo 37,11;Josefs Träume;Seine Brüder waren eifersüchtig auf ihn. Aber sein Vater behielt diese Worte im Gedächtnis.;His brothers envied him, but his father kept this saying in mind.
1;1. Mose;1Mo;37;12;1Mo 37,12;Josef sucht seine Brüder;Die Brüder waren mit den Schafen und Ziegen ihres Vaters nach Sichem gezogen, um sie zu weiden.;His brothers went to feed their father’s flock in Shechem.
1;1. Mose;1Mo;37;13;1Mo 37,13;Josef sucht seine Brüder;Da sagte Israel zu Josef: „Deine Brüder hüten doch die Herde bei Sichem. Komm, ich will dich zu ihnen schicken.“ Josef antwortete: „Hier bin ich.“;Israel said to Joseph, “Aren’t your brothers feeding the flock in Shechem? Come, and I will send you to them.” He said to him, “Here I am.”
1;1. Mose;1Mo;37;14;1Mo 37,14;Josef sucht seine Brüder;Israel sagte zu ihm: „Geh doch hin und sieh nach, ob es deinen Brüdern gut geht und der Herde auch. Dann bring mir Nachricht.“ So schickte er ihn aus dem Tal von Hebron weg. Und Josef kam nach Sichem.;"He said to him, “Go now, see whether it is well with your brothers, and well with the flock; and bring me word again.” So he sent him out of the valley of Hebron, and he came to Shechem."
1;1. Mose;1Mo;37;15;1Mo 37,15;Josef sucht seine Brüder;Ein Mann traf ihn. Und schau: Josef irrte auf dem Feld umher. Der Mann fragte ihn: „Was suchst du?“;A certain man found him, and behold, he was wandering in the field. The man asked him, “What are you looking for?”
1;1. Mose;1Mo;37;16;1Mo 37,16;Josef sucht seine Brüder;Josef antwortete: „Ich suche meine Brüder. Sag mir doch, wo sie die Herde hüten.“;He said, “I am looking for my brothers. Tell me, please, where they are feeding the flock.”
1;1. Mose;1Mo;37;17;1Mo 37,17;Josef sucht seine Brüder;Der Mann sagte: „Sie sind von hier weggezogen. Ich habe gehört, wie sie sagten: ‚Wir wollen nach Dotan gehen.‘“ Da ging Josef seinen Brüdern nach. Und er fand sie in Dotan.;The man said, “They have left here, for I heard them say, ‘Let’s go to Dothan.’” Joseph went after his brothers, and found them in Dothan.
1;1. Mose;1Mo;37;18;1Mo 37,18;Der Plan der Brüder;Die Brüder sahen ihn schon von weitem. Noch bevor er bei ihnen war, verabredeten sie sich, ihn zu töten.;They saw him afar off, and before he came near to them, they conspired against him to kill him.
1;1. Mose;1Mo;37;19;1Mo 37,19;Der Plan der Brüder;Sie sagten zueinander: „Schaut, da kommt ja der Träumer!;They said to one another, “Behold, this dreamer comes.
1;1. Mose;1Mo;37;20;1Mo 37,20;Der Plan der Brüder;Los, wir bringen ihn um und werfen ihn in eine der Zisternen. Dann sagen wir: ‚Ein wildes Tier hat ihn gefressen.‘ Dann werden wir ja sehen, was aus seinen Träumen wird!“;Come now therefore, and let’s kill him, and cast him into one of the pits, and we will say, ‘An evil animal has devoured him.’ We will see what will become of his dreams.”
1;1. Mose;1Mo;37;21;1Mo 37,21;Der Plan der Brüder;Ruben hörte das. Er wollte ihn aus ihrer Hand retten. Er sagte: „Wir wollen ihn nicht töten.“;Reuben heard it, and delivered him out of their hand, and said, “Let’s not take his life.”
1;1. Mose;1Mo;37;22;1Mo 37,22;Der Plan der Brüder;Und Ruben sagte zu ihnen: „Vergießt kein Blut! Werft ihn in die Zisterne hier in der Wüste. Aber legt nicht selbst Hand an ihn.“ Er wollte ihn nämlich aus ihrer Hand retten und zu seinem Vater zurückbringen.;Reuben said to them, “Shed no blood. Throw him into this pit that is in the wilderness, but lay no hand on him”—that he might deliver him out of their hand, to restore him to his father.
1;1. Mose;1Mo;37;23;1Mo 37,23;Der Plan der Brüder;Als Josef bei seinen Brüdern ankam, rissen sie ihm sein Gewand vom Leib, das bunte Gewand, das er anhatte.;"When Joseph came to his brothers, they stripped Joseph of his tunic, the tunic of many colors that was on him;"
1;1. Mose;1Mo;37;24;1Mo 37,24;Der Plan der Brüder;Sie packten ihn und warfen ihn in die Zisterne. Die Zisterne war leer. Es war kein Wasser darin.;and they took him, and threw him into the pit. The pit was empty. There was no water in it.
1;1. Mose;1Mo;37;25;1Mo 37,25;Josef wird verkauft;Dann setzten sie sich hin, um zu essen. Als sie aufschauten, sahen sie eine Karawane von Ismaelitern aus Gilead kommen. Ihre Kamele waren beladen mit Gewürzen, Balsam und Myrrhe. Sie waren auf dem Weg nach Ägypten, um es dort zu verkaufen.;They sat down to eat bread, and they lifted up their eyes and looked, and saw a caravan of Ishmaelites coming from Gilead, with their camels bearing spices and balm and myrrh, going to carry it down to Egypt.
1;1. Mose;1Mo;37;26;1Mo 37,26;Josef wird verkauft;Da sagte Juda zu seinen Brüdern: „Was haben wir davon, wenn wir unseren Bruder töten und sein Blut verheimlichen?;Judah said to his brothers, “What profit is it if we kill our brother and conceal his blood?
1;1. Mose;1Mo;37;27;1Mo 37,27;Josef wird verkauft;Kommt, wir verkaufen ihn an die Ismaeliter. Dann müssen wir uns nicht an ihm vergreifen. Er ist doch unser Bruder, unser eigenes Fleisch und Blut.“ Seine Brüder waren einverstanden.;"Come, and let’s sell him to the Ishmaelites, and not let our hand be on him; for he is our brother, our flesh.” His brothers listened to him."
1;1. Mose;1Mo;37;28;1Mo 37,28;Josef wird verkauft;Als midianitische Händler vorbeikamen, zogen sie Josef aus der Zisterne heraus. Sie verkauften Josef für 20 Silberstücke an die Ismaeliter. Und die brachten Josef nach Ägypten.;Midianites who were merchants passed by, and they drew and lifted up Joseph out of the pit, and sold Joseph to the Ishmaelites for twenty pieces of silver. The merchants brought Joseph into Egypt.
1;1. Mose;1Mo;37;29;1Mo 37,29;Der Vater wird belogen;Als Ruben zur Zisterne zurückkam, war Josef nicht mehr darin. Da zerriss Ruben seine Kleider.;"Reuben returned to the pit, and saw that Joseph wasn’t in the pit; and he tore his clothes."
1;1. Mose;1Mo;37;30;1Mo 37,30;Der Vater wird belogen;Er ging zu seinen Brüdern zurück und sagte: „Der Junge ist weg! Und ich – wo soll ich jetzt hin?“;"He returned to his brothers, and said, “The child is no more; and I, where will I go?”"
1;1. Mose;1Mo;37;31;1Mo 37,31;Der Vater wird belogen;Da nahmen sie Josefs Gewand. Sie schlachteten einen Ziegenbock und tauchten das Gewand in das Blut.;They took Joseph’s tunic, and killed a male goat, and dipped the tunic in the blood.
1;1. Mose;1Mo;37;32;1Mo 37,32;Der Vater wird belogen;Dann schickten sie das bunte Gewand zu ihrem Vater und ließen ihm sagen: „Das haben wir gefunden. Schau doch nach, ob es das Gewand deines Sohnes ist oder nicht.“;They took the tunic of many colors, and they brought it to their father, and said, “We have found this. Examine it, now, and see if it is your son’s tunic or not.”
1;1. Mose;1Mo;37;33;1Mo 37,33;Der Vater wird belogen;Jakob erkannte es und sagte: „Das ist das Gewand meines Sohnes! Ein wildes Tier hat ihn gefressen. Josef ist bestimmt zerrissen worden!“;He recognized it, and said, “It is my son’s tunic. An evil animal has devoured him. Joseph is without doubt torn in pieces.”
1;1. Mose;1Mo;37;34;1Mo 37,34;Der Vater wird belogen;Da zerriss Jakob seine Kleider. Er band sich einen Sack um die Hüften. Und er trauerte viele Tage um seinen Sohn.;Jacob tore his clothes, and put sackcloth on his waist, and mourned for his son many days.
1;1. Mose;1Mo;37;35;1Mo 37,35;Der Vater wird belogen;Alle seine Söhne und Töchter kamen, um ihn zu trösten. Aber er wollte sich nicht trösten lassen. Er sagte: „Nein, trauernd werde ich zu meinem Sohn ins Totenreich hinabgehen.“ So weinte sein Vater um ihn.;All his sons and all his daughters rose up to comfort him, but he refused to be comforted. He said, “For I will go down to Sheol to my son, mourning.” His father wept for him.
1;1. Mose;1Mo;37;36;1Mo 37,36;Der Vater wird belogen;Die Midianiter aber verkauften Josef in Ägypten an Potifar. Potifar war ein hoher Beamter des Pharao, der Oberste der Leibwache.;The Midianites sold him into Egypt to Potiphar, an officer of Pharaoh’s, the captain of the guard.
1;1. Mose;1Mo;38;1;1Mo 38,1;Judas Familie;Um diese Zeit verließ Juda seine Brüder und zog hinab. Er wohnte bei einem Mann aus Adullam, der Hira hieß.;At that time, Judah went down from his brothers, and visited a certain Adullamite, whose name was Hirah.
1;1. Mose;1Mo;38;2;1Mo 38,2;Judas Familie;Dort sah Juda die Tochter eines Kanaaniters, der Schua hieß. Er nahm sie zur Frau und schlief mit ihr.;There, Judah saw the daughter of a certain Canaanite man named Shua. He took her, and went in to her.
1;1. Mose;1Mo;38;3;1Mo 38,3;Judas Familie;Sie wurde schwanger und gebar einen Sohn. Juda nannte ihn Er.;"She conceived, and bore a son; and he named him Er."
1;1. Mose;1Mo;38;4;1Mo 38,4;Judas Familie;Sie wurde wieder schwanger und gebar einen Sohn. Sie nannte ihn Onan.;"She conceived again, and bore a son; and she named him Onan."
1;1. Mose;1Mo;38;5;1Mo 38,5;Judas Familie;Dann gebar sie noch einen Sohn. Sie nannte ihn Schela. Juda war in Kesib, als sie ihn gebar.;She yet again bore a son, and named him Shelah. He was at Chezib when she bore him.
1;1. Mose;1Mo;38;6;1Mo 38,6;Tamar wird zweimal Witwe;Juda nahm für Er, seinen Erstgeborenen, eine Frau. Sie hieß Tamar.;Judah took a wife for Er, his firstborn, and her name was Tamar.
1;1. Mose;1Mo;38;7;1Mo 38,7;Tamar wird zweimal Witwe;Aber Er, der Erstgeborene von Juda, war böse in den Augen des HERRN. Darum ließ der HERR ihn sterben.;Er, Judah’s firstborn, was wicked in Yahweh’s sight. So Yahweh killed him.
1;1. Mose;1Mo;38;8;1Mo 38,8;Tamar wird zweimal Witwe;Da sagte Juda zu Onan: „Schlaf mit der Frau deines Bruders. Erfülle die Pflicht eines Schwagers an ihr. Sorge dafür, dass dein Bruder Nachkommen bekommt.“;Judah said to Onan, “Go in to your brother’s wife, and perform the duty of a husband’s brother to her, and raise up offspring for your brother.”
1;1. Mose;1Mo;38;9;1Mo 38,9;Tamar wird zweimal Witwe;Onan wusste aber: Die Kinder würden nicht als seine Kinder gelten. Darum ließ er jedes Mal, wenn er mit der Frau seines Bruders schlief, seinen Samen auf die Erde fallen. So wollte er verhindern, dass sein Bruder Nachkommen bekam.;"Onan knew that the offspring wouldn’t be his; and when he went in to his brother’s wife, he spilled his semen on the ground, lest he should give offspring to his brother."
1;1. Mose;1Mo;38;10;1Mo 38,10;Tamar wird zweimal Witwe;Was er tat, war böse in den Augen des HERRN. Darum ließ er auch ihn sterben.;The thing which he did was evil in Yahweh’s sight, and he killed him also.
1;1. Mose;1Mo;38;11;1Mo 38,11;Tamar wird zweimal Witwe;Da sagte Juda zu Tamar, seiner Schwiegertochter: „Bleib als Witwe im Haus deines Vaters, bis mein Sohn Schela erwachsen ist.“ Denn er dachte: „Sonst stirbt er auch noch wie seine Brüder.“ So ging Tamar weg und wohnte im Haus ihres Vaters.;"Then Judah said to Tamar, his daughter-in-law, “Remain a widow in your father’s house, until Shelah, my son, is grown up;” for he said, “Lest he also die, like his brothers.” Tamar went and lived in her father’s house."
1;1. Mose;1Mo;38;12;1Mo 38,12;Tamars List;Viele Tage später starb Judas Frau, die Tochter von Schua. Als die Trauerzeit vorbei war, ging Juda hinauf nach Timna zu seinen Schafscherern, er und sein Freund Hira aus Adullam.;After many days, Shua’s daughter, the wife of Judah, died. Judah was comforted, and went up to his sheep shearers to Timnah, he and his friend Hirah, the Adullamite.
1;1. Mose;1Mo;38;13;1Mo 38,13;Tamars List;Da wurde Tamar erzählt: „Schau, dein Schwiegervater geht nach Timna hinauf, um seine Schafe zu scheren.“;Tamar was told, “Behold, your father-in-law is going up to Timnah to shear his sheep.”
1;1. Mose;1Mo;38;14;1Mo 38,14;Tamars List;Da zog sie ihre Witwenkleider aus. Sie verhüllte sich mit einem Schleier und hüllte sich ein. Sie setzte sich an das Tor von Enajim, das am Weg nach Timna liegt. Denn sie sah, dass Schela inzwischen erwachsen war, und man hatte sie ihm nicht zur Frau gegeben.;"She took off the garments of her widowhood, and covered herself with her veil, and wrapped herself, and sat in the gate of Enaim, which is on the way to Timnah; for she saw that Shelah was grown up, and she wasn’t given to him as a wife."
1;1. Mose;1Mo;38;15;1Mo 38,15;Tamars List;Als Juda sie sah, hielt er sie für eine Prostituierte. Denn sie hatte ihr Gesicht verhüllt.;When Judah saw her, he thought that she was a prostitute, for she had covered her face.
1;1. Mose;1Mo;38;16;1Mo 38,16;Tamars List;Er bog vom Weg ab, ging zu ihr hin und sagte: „Komm, lass mich mit dir schlafen.“ Er wusste ja nicht, dass sie seine Schwiegertochter war. Sie fragte: „Was gibst du mir dafür, dass du mit mir schläfst?“;He turned to her by the way, and said, “Please come, let me come in to you,” for he didn’t know that she was his daughter-in-law. She said, “What will you give me, that you may come in to me?”
1;1. Mose;1Mo;38;17;1Mo 38,17;Tamars List;Er sagte: „Ich schicke dir einen jungen Ziegenbock aus der Herde.“ Sie sagte: „Gibst du mir ein Pfand, bis du ihn schickst?“;He said, “I will send you a young goat from the flock.” She said, “Will you give me a pledge, until you send it?”
1;1. Mose;1Mo;38;18;1Mo 38,18;Tamars List;Er fragte: „Was für ein Pfand soll ich dir geben?“ Sie sagte: „Deinen Siegelring mit der Schnur und den Stab, den du in der Hand hast.“ Er gab sie ihr und schlief mit ihr. Und sie wurde von ihm schwanger.;He said, “What pledge will I give you?” She said, “Your signet and your cord, and your staff that is in your hand.” He gave them to her, and came in to her, and she conceived by him.
1;1. Mose;1Mo;38;19;1Mo 38,19;Tamars List;Dann stand sie auf und ging weg. Sie nahm ihren Schleier ab und zog wieder ihre Witwenkleider an.;She arose, and went away, and put off her veil from her, and put on the garments of her widowhood.
1;1. Mose;1Mo;38;20;1Mo 38,20;Juda sucht die Frau;Juda schickte den jungen Ziegenbock durch seinen Freund aus Adullam. Er sollte das Pfand von der Frau zurückholen. Aber er fand sie nicht.;Judah sent the young goat by the hand of his friend, the Adullamite, to receive the pledge from the woman’s hand, but he didn’t find her.
1;1. Mose;1Mo;38;21;1Mo 38,21;Juda sucht die Frau;Er fragte die Männer dort: „Wo ist die Prostituierte, die in Enajim am Weg saß?“ Sie antworteten: „Hier gab es keine Prostituierte.“;Then he asked the men of her place, saying, “Where is the prostitute, that was at Enaim by the road?” They said, “There has been no prostitute here.”
1;1. Mose;1Mo;38;22;1Mo 38,22;Juda sucht die Frau;Da kam er zu Juda zurück und sagte: „Ich habe sie nicht gefunden. Und die Männer dort haben auch gesagt: ‚Hier gab es keine Prostituierte.‘“;"He returned to Judah, and said, “I haven’t found her; and also the men of the place said, ‘There has been no prostitute here.’”"
1;1. Mose;1Mo;38;23;1Mo 38,23;Juda sucht die Frau;Juda sagte: „Soll sie die Sachen behalten. Sonst machen wir uns noch lächerlich. Ich habe ja den Ziegenbock geschickt, aber du hast sie nicht gefunden.“;Judah said, “Let her keep it, lest we be shamed. Behold, I sent this young goat, and you haven’t found her.”
1;1. Mose;1Mo;38;24;1Mo 38,24;„Sie ist gerechter als ich“;Ungefähr drei Monate später wurde Juda erzählt: „Deine Schwiegertochter Tamar hat sich wie eine Hure verhalten. Und schau: Sie ist dadurch auch noch schwanger geworden.“ Da sagte Juda: „Bringt sie heraus! Sie soll verbrannt werden.“;About three months later, Judah was told, “Tamar, your daughter-in-law, has played the prostitute. Moreover, behold, she is with child by prostitution.” Judah said, “Bring her out, and let her be burned.”
1;1. Mose;1Mo;38;25;1Mo 38,25;„Sie ist gerechter als ich“;Als man sie herausführte, schickte sie zu ihrem Schwiegervater und ließ ihm sagen: „Von dem Mann, dem diese Sachen gehören, bin ich schwanger.“ Und sie sagte: „Schau doch nach, wem das gehört: der Siegelring, die Schnur und der Stab.“;When she was brought out, she sent to her father-in-law, saying, “I am with child by the man who owns these.” She also said, “Please discern whose these are—the signet, and the cords, and the staff.”
1;1. Mose;1Mo;38;26;1Mo 38,26;„Sie ist gerechter als ich“;Juda erkannte die Sachen. Und er sagte: „Sie ist gerechter als ich. Denn ich habe sie meinem Sohn Schela nicht zur Frau gegeben.“ Danach schlief er nicht mehr mit ihr.;Judah acknowledged them, and said, “She is more righteous than I, because I didn’t give her to Shelah, my son.” He knew her again no more.
1;1. Mose;1Mo;38;27;1Mo 38,27;Zwillinge;Als die Zeit der Geburt kam – schau: Da waren Zwillinge in ihrem Bauch.;In the time of her travail, behold, twins were in her womb.
1;1. Mose;1Mo;38;28;1Mo 38,28;Zwillinge;Bei der Geburt streckte einer eine Hand heraus. Die Hebamme nahm einen roten Faden und band ihn um seine Hand. Sie sagte: „Der ist zuerst herausgekommen.“;When she travailed, one put out a hand, and the midwife took and tied a scarlet thread on his hand, saying, “This came out first.”
1;1. Mose;1Mo;38;29;1Mo 38,29;Zwillinge;Aber er zog seine Hand wieder zurück. Und schau: Da kam sein Bruder heraus. Die Hebamme sagte: „Was für einen Durchbruch hast du dir gemacht!“ Darum nannte man ihn Perez.;As he drew back his hand, behold, his brother came out, and she said, “Why have you made a breach for yourself?” Therefore his name was called Perez.
1;1. Mose;1Mo;38;30;1Mo 38,30;Zwillinge;Danach kam sein Bruder heraus, der den roten Faden an der Hand hatte. Man nannte ihn Serach.;Afterward his brother came out, who had the scarlet thread on his hand, and his name was called Zerah.
1;1. Mose;1Mo;39;1;1Mo 39,1;Gott ist mit Josef;Josef war nach Ägypten hinabgebracht worden. Potifar, ein Ägypter, kaufte ihn von den Ismaelitern, die ihn dorthin gebracht hatten. Potifar war ein hoher Beamter des Pharao, der Oberste der Leibwache.;Joseph was brought down to Egypt. Potiphar, an officer of Pharaoh’s, the captain of the guard, an Egyptian, bought him from the hand of the Ishmaelites that had brought him down there.
1;1. Mose;1Mo;39;2;1Mo 39,2;Gott ist mit Josef;Der HERR war mit Josef. Darum gelang ihm alles. Er lebte im Haus seines ägyptischen Herrn.;Yahweh was with Joseph, and he was a prosperous man. He was in the house of his master the Egyptian.
1;1. Mose;1Mo;39;3;1Mo 39,3;Gott ist mit Josef;Sein Herr sah, dass der HERR mit Josef war. Er sah, dass der HERR alles gelingen ließ, was Josef tat.;His master saw that Yahweh was with him, and that Yahweh made all that he did prosper in his hand.
1;1. Mose;1Mo;39;4;1Mo 39,4;Gott ist mit Josef;So gewann Josef die Gunst seines Herrn. Er durfte ihn persönlich bedienen. Potifar machte ihn zum Verwalter seines Hauses. Alles, was er besaß, vertraute er Josef an.;Joseph found favor in his sight. He ministered to him, and Potiphar made him overseer over his house, and all that he had he put into his hand.
1;1. Mose;1Mo;39;5;1Mo 39,5;Gott ist mit Josef;Von der Zeit an, als er ihn zum Verwalter über sein Haus und seinen ganzen Besitz gemacht hatte, segnete der HERR das Haus des Ägypters wegen Josef. Der Segen des HERRN lag auf allem, was Potifar besaß, im Haus und auf dem Feld.;From the time that he made him overseer in his house, and over all that he had, Yahweh blessed the Egyptian’s house for Joseph’s sake. Yahweh’s blessing was on all that he had, in the house and in the field.
1;1. Mose;1Mo;39;6;1Mo 39,6;Gott ist mit Josef;Potifar überließ alles, was er hatte, Josef. Er kümmerte sich selbst um nichts mehr, außer um das Essen, das er aß. Josef war schön gewachsen und sah gut aus.;He left all that he had in Joseph’s hand. He didn’t concern himself with anything, except for the food which he ate. Joseph was well-built and handsome.
1;1. Mose;1Mo;39;7;1Mo 39,7;Potifars Frau;Nach einiger Zeit warf die Frau seines Herrn ein Auge auf Josef. Sie sagte zu ihm: „Schlaf mit mir!“;"After these things, his master’s wife set her eyes on Joseph; and she said, “Lie with me.”"
1;1. Mose;1Mo;39;8;1Mo 39,8;Potifars Frau;Aber er weigerte sich. Er sagte zur Frau seines Herrn: „Schau, mein Herr kümmert sich um nichts mehr im Haus, weil ich da bin. Alles, was er besitzt, hat er mir anvertraut.;But he refused, and said to his master’s wife, “Behold, my master doesn’t know what is with me in the house, and he has put all that he has into my hand.
1;1. Mose;1Mo;39;9;1Mo 39,9;Potifars Frau;Niemand in diesem Haus ist größer als ich. Er hat mir nichts verboten außer dir. Denn du bist seine Frau. Wie könnte ich da so etwas Schlimmes tun und gegen Gott sündigen?“;No one is greater in this house than I am, and he has not kept back anything from me but you, because you are his wife. How then can I do this great wickedness, and sin against God?”
1;1. Mose;1Mo;39;10;1Mo 39,10;Potifars Frau;Sie redete Tag für Tag auf Josef ein. Aber er hörte nicht auf sie. Er wollte nicht mit ihr schlafen und nicht einmal in ihrer Nähe sein.;As she spoke to Joseph day by day, he didn’t listen to her, to lie by her, or to be with her.
1;1. Mose;1Mo;39;11;1Mo 39,11;Potifars Frau;Eines Tages ging Josef ins Haus, um seine Arbeit zu tun. Keiner von den Leuten im Haus war da.;About this time, he went into the house to do his work, and there were none of the men of the house inside.
1;1. Mose;1Mo;39;12;1Mo 39,12;Potifars Frau;Da packte sie ihn an seinem Gewand und sagte: „Schlaf mit mir!“ Aber er ließ sein Gewand in ihrer Hand zurück und floh nach draußen.;She caught him by his garment, saying, “Lie with me!” He left his garment in her hand, and ran outside.
1;1. Mose;1Mo;39;13;1Mo 39,13;Die falsche Anklage;Sie sah, dass er sein Gewand in ihrer Hand gelassen hatte und nach draußen geflohen war.;When she saw that he had left his garment in her hand, and had run outside,
1;1. Mose;1Mo;39;14;1Mo 39,14;Die falsche Anklage;Da rief sie die Leute ihres Hauses zusammen und sagte zu ihnen: „Schaut euch das an! Mein Mann hat uns einen Hebräer ins Haus gebracht, der sich über uns lustig macht. Er ist zu mir gekommen und wollte mit mir schlafen. Da habe ich laut geschrien.;she called to the men of her house, and spoke to them, saying, “Behold, he has brought a Hebrew in to us to mock us. He came in to me to lie with me, and I cried with a loud voice.
1;1. Mose;1Mo;39;15;1Mo 39,15;Die falsche Anklage;Als er hörte, dass ich laut schrie, ließ er sein Gewand bei mir liegen und floh nach draußen.“;When he heard that I lifted up my voice and cried, he left his garment by me, and ran outside.”
1;1. Mose;1Mo;39;16;1Mo 39,16;Die falsche Anklage;Sie legte sein Gewand neben sich, bis sein Herr nach Hause kam.;She laid up his garment by her, until his master came home.
1;1. Mose;1Mo;39;17;1Mo 39,17;Die falsche Anklage;Dann erzählte sie ihm dieselbe Geschichte. Sie sagte: „Der hebräische Sklave, den du uns ins Haus gebracht hast, ist zu mir gekommen, um sich über mich lustig zu machen.;She spoke to him according to these words, saying, “The Hebrew servant, whom you have brought to us, came in to me to mock me,
1;1. Mose;1Mo;39;18;1Mo 39,18;Die falsche Anklage;Als ich laut schrie, ließ er sein Gewand bei mir liegen und floh nach draußen.“;and as I lifted up my voice and cried, he left his garment by me, and ran outside.”
1;1. Mose;1Mo;39;19;1Mo 39,19;Die falsche Anklage;Sein Herr hörte, was seine Frau ihm erzählte: „So hat dein Sklave mich behandelt!“ Da wurde er sehr zornig.;When his master heard the words of his wife, which she spoke to him, saying, “This is what your servant did to me,” his wrath was kindled.
1;1. Mose;1Mo;39;20;1Mo 39,20;Die falsche Anklage;Josefs Herr ließ ihn packen und ins Gefängnis werfen, an den Ort, wo die Gefangenen des Königs eingesperrt waren. Dort blieb Josef im Gefängnis.;Joseph’s master took him, and put him into the prison, the place where the king’s prisoners were bound, and he was there in custody.
1;1. Mose;1Mo;39;21;1Mo 39,21;Gott ist auch im Gefängnis mit Josef;Aber der HERR war mit Josef. Er war gütig zu ihm. Er sorgte dafür, dass der Gefängnisaufseher ihm wohlgesinnt war.;But Yahweh was with Joseph, and showed kindness to him, and gave him favor in the sight of the keeper of the prison.
1;1. Mose;1Mo;39;22;1Mo 39,22;Gott ist auch im Gefängnis mit Josef;Der Gefängnisaufseher vertraute Josef alle Gefangenen im Gefängnis an. Alles, was dort getan wurde, das tat Josef.;The keeper of the prison committed to Joseph’s hand all the prisoners who were in the prison. Whatever they did there, he was responsible for it.
1;1. Mose;1Mo;39;23;1Mo 39,23;Gott ist auch im Gefängnis mit Josef;Der Gefängnisaufseher kümmerte sich um nichts mehr, was er Josef anvertraut hatte. Denn der HERR war mit Josef. Und was er tat, ließ der HERR gelingen.;"The keeper of the prison didn’t look after anything that was under his hand, because Yahweh was with him; and that which he did, Yahweh made it prosper."
1;1. Mose;1Mo;40;1;1Mo 40,1;Zwei neue Gefangene;Danach geschah es, dass der Mundschenk des Königs von Ägypten und sein Bäcker sich gegen ihren Herrn, den König von Ägypten, vergingen.;After these things, the butler of the king of Egypt and his baker offended their lord, the king of Egypt.
1;1. Mose;1Mo;40;2;1Mo 40,2;Zwei neue Gefangene;Der Pharao wurde zornig auf seine beiden Hofbeamten, den obersten Mundschenk und den obersten Bäcker.;Pharaoh was angry with his two officers, the chief cup bearer and the chief baker.
1;1. Mose;1Mo;40;3;1Mo 40,3;Zwei neue Gefangene;Er ließ sie im Haus des Obersten der Leibwache in Haft nehmen, in dem Gefängnis, wo auch Josef gefangen war.;He put them in custody in the house of the captain of the guard, into the prison, the place where Joseph was bound.
1;1. Mose;1Mo;40;4;1Mo 40,4;Zwei neue Gefangene;Der Oberste der Leibwache stellte ihnen Josef zur Seite. Josef sollte sie bedienen. So blieben sie eine Zeit lang in Haft.;The captain of the guard assigned them to Joseph, and he took care of them. They stayed in prison many days.
1;1. Mose;1Mo;40;5;1Mo 40,5;Zwei Träume;Eines Nachts hatten beide einen Traum, jeder seinen eigenen Traum. Jeder Traum hatte seine eigene Bedeutung. Der Mundschenk und der Bäcker des Königs von Ägypten, die im Gefängnis waren, träumten beide.;They both dreamed a dream, each man his dream, in one night, each man according to the interpretation of his dream, the cup bearer and the baker of the king of Egypt, who were bound in the prison.
1;1. Mose;1Mo;40;6;1Mo 40,6;Zwei Träume;Am Morgen kam Josef zu ihnen. Er sah sie an und merkte: Sie waren bedrückt.;Joseph came in to them in the morning, and saw them, and saw that they were sad.
1;1. Mose;1Mo;40;7;1Mo 40,7;Zwei Träume;Er fragte die Hofbeamten des Pharao, die mit ihm im Haus seines Herrn in Haft waren: „Warum seht ihr heute so traurig aus?“;He asked Pharaoh’s officers who were with him in custody in his master’s house, saying, “Why do you look so sad today?”
1;1. Mose;1Mo;40;8;1Mo 40,8;Zwei Träume;Sie antworteten ihm: „Wir haben einen Traum gehabt. Aber es gibt niemanden, der ihn deuten kann.“ Josef sagte zu ihnen: „Ist das Deuten von Träumen nicht Gottes Sache? Erzählt mir doch eure Träume.“;They said to him, “We have dreamed a dream, and there is no one who can interpret it.” Joseph said to them, “Don’t interpretations belong to God? Please tell it to me.”
1;1. Mose;1Mo;40;9;1Mo 40,9;Der Traum des Mundschenks;Da erzählte der oberste Mundschenk Josef seinen Traum. Er sagte zu ihm: „In meinem Traum – schau: Da war ein Weinstock vor mir.;The chief cup bearer told his dream to Joseph, and said to him, “In my dream, behold, a vine was in front of me,
1;1. Mose;1Mo;40;10;1Mo 40,10;Der Traum des Mundschenks;Am Weinstock waren drei Ranken. Es war, als ob er Knospen bekam. Er blühte auf, und seine Trauben wurden reif.;and in the vine were three branches. It was as though it budded, it blossomed, and its clusters produced ripe grapes.
1;1. Mose;1Mo;40;11;1Mo 40,11;Der Traum des Mundschenks;Ich hatte den Becher des Pharao in der Hand. Ich nahm die Trauben und presste sie in den Becher des Pharao aus. Dann gab ich dem Pharao den Becher in die Hand.“;"Pharaoh’s cup was in my hand; and I took the grapes, and pressed them into Pharaoh’s cup, and I gave the cup into Pharaoh’s hand.”"
1;1. Mose;1Mo;40;12;1Mo 40,12;Der Traum des Mundschenks;Josef sagte zu ihm: „Das ist die Bedeutung: Die drei Ranken sind drei Tage.;Joseph said to him, “This is its interpretation: the three branches are three days.
1;1. Mose;1Mo;40;13;1Mo 40,13;Der Traum des Mundschenks;In drei Tagen wird der Pharao deinen Kopf erheben. Er wird dich wieder in dein Amt einsetzen. Dann wirst du dem Pharao wieder den Becher in die Hand geben, so wie früher, als du sein Mundschenk warst.;Within three more days, Pharaoh will lift up your head, and restore you to your office. You will give Pharaoh’s cup into his hand, the way you did when you were his cup bearer.
1;1. Mose;1Mo;40;14;1Mo 40,14;Der Traum des Mundschenks;Aber denk an mich, wenn es dir gut geht. Sei doch so freundlich und erzähl dem Pharao von mir. Hilf mir, aus diesem Haus herauszukommen.;But remember me when it is well with you. Please show kindness to me, and make mention of me to Pharaoh, and bring me out of this house.
1;1. Mose;1Mo;40;15;1Mo 40,15;Der Traum des Mundschenks;Denn ich bin aus dem Land der Hebräer entführt worden. Und auch hier habe ich nichts getan, wofür man mich in dieses Loch werfen müsste.“;For indeed, I was stolen away out of the land of the Hebrews, and here also I have done nothing that they should put me into the dungeon.”
1;1. Mose;1Mo;40;16;1Mo 40,16;Der Traum des Bäckers;Der oberste Bäcker sah, dass Josef eine gute Deutung gegeben hatte. Da sagte er zu Josef: „Auch ich hatte einen Traum. Schau: Ich trug drei Körbe mit Weißbrot auf meinem Kopf.;When the chief baker saw that the interpretation was good, he said to Joseph, “I also was in my dream, and behold, three baskets of white bread were on my head.
1;1. Mose;1Mo;40;17;1Mo 40,17;Der Traum des Bäckers;Im obersten Korb waren alle möglichen Backwaren für den Pharao. Aber die Vögel fraßen sie aus dem Korb auf meinem Kopf.“;In the uppermost basket there were all kinds of baked food for Pharaoh, and the birds ate them out of the basket on my head.”
1;1. Mose;1Mo;40;18;1Mo 40,18;Der Traum des Bäckers;Josef antwortete: „Das ist die Bedeutung: Die drei Körbe sind drei Tage.;Joseph answered, “This is its interpretation. The three baskets are three days.
1;1. Mose;1Mo;40;19;1Mo 40,19;Der Traum des Bäckers;In drei Tagen wird der Pharao deinen Kopf erheben – von dir weg. Er wird dich an einem Holzpfahl aufhängen. Und die Vögel werden dein Fleisch fressen.“;"Within three more days, Pharaoh will lift up your head from off you, and will hang you on a tree; and the birds will eat your flesh from off you.”"
1;1. Mose;1Mo;40;20;1Mo 40,20;Es kommt, wie Josef gesagt hat;Am dritten Tag hatte der Pharao Geburtstag. Er machte ein Festessen für alle seine Beamten. Vor allen seinen Beamten erhob er den Kopf des obersten Mundschenks und den Kopf des obersten Bäckers.;On the third day, which was Pharaoh’s birthday, he made a feast for all his servants, and he lifted up the head of the chief cup bearer and the head of the chief baker among his servants.
1;1. Mose;1Mo;40;21;1Mo 40,21;Es kommt, wie Josef gesagt hat;Den obersten Mundschenk setzte er wieder in sein Amt ein. Er reichte dem Pharao wieder den Becher.;"He restored the chief cup bearer to his position again, and he gave the cup into Pharaoh’s hand;"
1;1. Mose;1Mo;40;22;1Mo 40,22;Es kommt, wie Josef gesagt hat;Den obersten Bäcker aber ließ er aufhängen, so wie Josef es ihnen gedeutet hatte.;but he hanged the chief baker, as Joseph had interpreted to them.
1;1. Mose;1Mo;40;23;1Mo 40,23;Es kommt, wie Josef gesagt hat;Aber der oberste Mundschenk dachte nicht mehr an Josef. Er vergaß ihn.;Yet the chief cup bearer didn’t remember Joseph, but forgot him.
1;1. Mose;1Mo;41;1;1Mo 41,1;Die Träume des Pharao;Zwei volle Jahre später hatte der Pharao einen Traum. Schau: Er stand am Nil.;At the end of two full years, Pharaoh dreamed, and behold, he stood by the river.
1;1. Mose;1Mo;41;2;1Mo 41,2;Die Träume des Pharao;Und schau: Aus dem Nil stiegen sieben Kühe heraus. Sie waren schön und fett und weideten im Schilfgras.;Behold, seven cattle came up out of the river. They were sleek and fat, and they fed in the marsh grass.
1;1. Mose;1Mo;41;3;1Mo 41,3;Die Träume des Pharao;Und schau: Nach ihnen stiegen sieben andere Kühe aus dem Nil. Sie waren hässlich und mager. Sie stellten sich neben die anderen Kühe am Ufer des Nils.;Behold, seven other cattle came up after them out of the river, ugly and thin, and stood by the other cattle on the brink of the river.
1;1. Mose;1Mo;41;4;1Mo 41,4;Die Träume des Pharao;Und die hässlichen, mageren Kühe fraßen die sieben schönen, fetten Kühe auf. Da wachte der Pharao auf.;The ugly and thin cattle ate up the seven sleek and fat cattle. So Pharaoh awoke.
1;1. Mose;1Mo;41;5;1Mo 41,5;Die Träume des Pharao;Er schlief wieder ein und träumte ein zweites Mal. Schau: An einem einzigen Halm wuchsen sieben Ähren, prall und schön.;"He slept and dreamed a second time; and behold, seven heads of grain came up on one stalk, healthy and good."
1;1. Mose;1Mo;41;6;1Mo 41,6;Die Träume des Pharao;Und schau: Nach ihnen wuchsen sieben Ähren, dünn und vom Ostwind ausgedörrt.;Behold, seven heads of grain, thin and blasted with the east wind, sprung up after them.
1;1. Mose;1Mo;41;7;1Mo 41,7;Die Träume des Pharao;Und die dünnen Ähren verschlangen die sieben prallen, vollen Ähren. Da wachte der Pharao auf. Und schau: Es war ein Traum.;The thin heads of grain swallowed up the seven healthy and full ears. Pharaoh awoke, and behold, it was a dream.
1;1. Mose;1Mo;41;8;1Mo 41,8;Die Träume des Pharao;Am Morgen war der Pharao beunruhigt. Er ließ alle Wahrsager und alle Weisen von Ägypten rufen. Der Pharao erzählte ihnen seine Träume. Aber keiner konnte sie dem Pharao deuten.;In the morning, his spirit was troubled, and he sent and called for all of Egypt’s magicians and wise men. Pharaoh told them his dreams, but there was no one who could interpret them to Pharaoh.
1;1. Mose;1Mo;41;9;1Mo 41,9;Der Mundschenk erinnert sich;Da sagte der oberste Mundschenk zum Pharao: „Heute muss ich an meine Fehler denken.;Then the chief cup bearer spoke to Pharaoh, saying, “I remember my faults today.
1;1. Mose;1Mo;41;10;1Mo 41,10;Der Mundschenk erinnert sich;Der Pharao war zornig auf seine Diener. Er ließ mich im Haus des Obersten der Leibwache in Haft nehmen, mich und den obersten Bäcker.;Pharaoh was angry with his servants, and put me in custody in the house of the captain of the guard, with the chief baker.
1;1. Mose;1Mo;41;11;1Mo 41,11;Der Mundschenk erinnert sich;Da hatten wir beide in einer Nacht einen Traum, er und ich. Jeder Traum hatte seine eigene Bedeutung.;We dreamed a dream in one night, he and I. Each man dreamed according to the interpretation of his dream.
1;1. Mose;1Mo;41;12;1Mo 41,12;Der Mundschenk erinnert sich;Bei uns war ein junger Hebräer, ein Sklave des Obersten der Leibwache. Dem erzählten wir unsere Träume. Er deutete sie uns. Jedem deutete er seinen Traum.;There was with us there a young man, a Hebrew, servant to the captain of the guard, and we told him, and he interpreted to us our dreams. He interpreted to each man according to his dream.
1;1. Mose;1Mo;41;13;1Mo 41,13;Der Mundschenk erinnert sich;Und genau so, wie er es uns gedeutet hatte, ist es gekommen: Mich hat der Pharao wieder in mein Amt eingesetzt, und ihn hat er aufhängen lassen.“;As he interpreted to us, so it was. He restored me to my office, and he hanged him.”
1;1. Mose;1Mo;41;14;1Mo 41,14;Josef vor dem Pharao;Da ließ der Pharao Josef rufen. Man holte ihn schnell aus dem Gefängnisloch. Josef rasierte sich, zog andere Kleider an und ging zum Pharao.;Then Pharaoh sent and called Joseph, and they brought him hastily out of the dungeon. He shaved himself, changed his clothing, and came in to Pharaoh.
1;1. Mose;1Mo;41;15;1Mo 41,15;Josef vor dem Pharao;Der Pharao sagte zu Josef: „Ich hatte einen Traum, aber niemand kann ihn deuten. Ich habe über dich gehört: Wenn du einen Traum hörst, kannst du ihn deuten.“;Pharaoh said to Joseph, “I have dreamed a dream, and there is no one who can interpret it. I have heard it said of you, that when you hear a dream you can interpret it.”
1;1. Mose;1Mo;41;16;1Mo 41,16;Josef vor dem Pharao;Josef antwortete dem Pharao: „Das liegt nicht an mir. Gott wird dem Pharao eine Antwort geben, die ihm Frieden bringt.“;Joseph answered Pharaoh, saying, “It isn’t in me. God will give Pharaoh an answer of peace.”
1;1. Mose;1Mo;41;17;1Mo 41,17;Josef vor dem Pharao;Da erzählte der Pharao Josef: „In meinem Traum – schau: Da stand ich am Ufer des Nils.;"Pharaoh spoke to Joseph, “In my dream, behold, I stood on the brink of the river;"
1;1. Mose;1Mo;41;18;1Mo 41,18;Josef vor dem Pharao;Und schau: Aus dem Nil stiegen sieben Kühe heraus, fett und schön. Sie weideten im Schilfgras.;"and behold, seven fat and sleek cattle came up out of the river. They fed in the marsh grass;"
1;1. Mose;1Mo;41;19;1Mo 41,19;Josef vor dem Pharao;Und schau: Nach ihnen stiegen sieben andere Kühe heraus, schwach, sehr hässlich und mager. So hässliche Kühe habe ich im ganzen Land Ägypten noch nie gesehen.;and behold, seven other cattle came up after them, poor and very ugly and thin, such as I never saw in all the land of Egypt for ugliness.
1;1. Mose;1Mo;41;20;1Mo 41,20;Josef vor dem Pharao;Die mageren, hässlichen Kühe fraßen die ersten sieben fetten Kühe auf.;"The thin and ugly cattle ate up the first seven fat cattle;"
1;1. Mose;1Mo;41;21;1Mo 41,21;Josef vor dem Pharao;Und als sie die gefressen hatten, merkte man gar nichts davon. Sie waren genauso hässlich wie vorher. Da wachte ich auf.;and when they had eaten them up, it couldn’t be known that they had eaten them, but they were still ugly, as at the beginning. So I awoke.
1;1. Mose;1Mo;41;22;1Mo 41,22;Josef vor dem Pharao;Dann sah ich in meinem Traum – schau: An einem einzigen Halm wuchsen sieben Ähren, voll und schön.;"I saw in my dream, and behold, seven heads of grain came up on one stalk, full and good;"
1;1. Mose;1Mo;41;23;1Mo 41,23;Josef vor dem Pharao;Und schau: Nach ihnen wuchsen sieben Ähren, verdorrt, dünn und vom Ostwind ausgedörrt.;and behold, seven heads of grain, withered, thin, and blasted with the east wind, sprung up after them.
1;1. Mose;1Mo;41;24;1Mo 41,24;Josef vor dem Pharao;Und die dünnen Ähren verschlangen die sieben schönen Ähren. Ich habe es den Wahrsagern erzählt. Aber keiner konnte es mir erklären.“;The thin heads of grain swallowed up the seven good heads of grain. I told it to the magicians, but there was no one who could explain it to me.”
1;1. Mose;1Mo;41;25;1Mo 41,25;Josef deutet die Träume;Josef sagte zum Pharao: „Die Träume des Pharao bedeuten dasselbe. Gott hat dem Pharao gezeigt, was er tun will.;Joseph said to Pharaoh, “The dream of Pharaoh is one. What God is about to do he has declared to Pharaoh.
1;1. Mose;1Mo;41;26;1Mo 41,26;Josef deutet die Träume;Die sieben schönen Kühe sind sieben Jahre. Und die sieben schönen Ähren sind auch sieben Jahre. Es ist ein und derselbe Traum.;"The seven good cattle are seven years; and the seven good heads of grain are seven years. The dream is one."
1;1. Mose;1Mo;41;27;1Mo 41,27;Josef deutet die Träume;Die sieben mageren, hässlichen Kühe, die nach ihnen herausstiegen, sind sieben Jahre. Und die sieben leeren, vom Ostwind ausgedörrten Ähren sind sieben Jahre Hungersnot.;"The seven thin and ugly cattle that came up after them are seven years, and also the seven empty heads of grain blasted with the east wind; they will be seven years of famine."
1;1. Mose;1Mo;41;28;1Mo 41,28;Josef deutet die Träume;Das ist es, was ich dem Pharao gesagt habe: Gott hat dem Pharao gezeigt, was er tun will.;That is the thing which I have spoken to Pharaoh. God has shown Pharaoh what he is about to do.
1;1. Mose;1Mo;41;29;1Mo 41,29;Josef deutet die Träume;Schau: Es kommen sieben Jahre mit großem Überfluss im ganzen Land Ägypten.;Behold, seven years of great plenty throughout all the land of Egypt are coming.
1;1. Mose;1Mo;41;30;1Mo 41,30;Josef deutet die Träume;Nach ihnen kommen sieben Jahre Hungersnot. Dann wird man den ganzen Überfluss im Land Ägypten vergessen. Die Hungersnot wird das Land auszehren.;Seven years of famine will arise after them, and all the plenty will be forgotten in the land of Egypt. The famine will consume the land,
1;1. Mose;1Mo;41;31;1Mo 41,31;Josef deutet die Träume;Man wird vom Überfluss im Land nichts mehr merken wegen der Hungersnot, die danach kommt. Denn sie wird sehr schwer sein.;"and the plenty will not be known in the land by reason of that famine which follows; for it will be very grievous."
1;1. Mose;1Mo;41;32;1Mo 41,32;Josef deutet die Träume;Dass der Pharao den Traum zweimal hatte, bedeutet: Gott hat es fest beschlossen. Und Gott wird es bald geschehen lassen.“;The dream was doubled to Pharaoh, because the thing is established by God, and God will shortly bring it to pass.
1;1. Mose;1Mo;41;33;1Mo 41,33;Josefs Rat;„Darum soll der Pharao jetzt einen klugen und weisen Mann suchen. Den soll er über das Land Ägypten setzen.;“Now therefore let Pharaoh look for a discreet and wise man, and set him over the land of Egypt.
1;1. Mose;1Mo;41;34;1Mo 41,34;Josefs Rat;Der Pharao soll handeln. Er soll Aufseher über das Land einsetzen. In den sieben Jahren des Überflusses soll er den fünften Teil der Ernte in Ägypten einsammeln.;Let Pharaoh do this, and let him appoint overseers over the land, and take up the fifth part of the land of Egypt’s produce in the seven plenteous years.
1;1. Mose;1Mo;41;35;1Mo 41,35;Josefs Rat;Sie sollen alles Essen aus diesen guten Jahren, die jetzt kommen, sammeln. Sie sollen das Getreide unter der Aufsicht des Pharao in den Städten lagern und gut aufbewahren.;Let them gather all the food of these good years that come, and store grain under the hand of Pharaoh for food in the cities, and let them keep it.
1;1. Mose;1Mo;41;36;1Mo 41,36;Josefs Rat;Dieses Essen soll ein Vorrat für das Land sein, für die sieben Jahre Hungersnot, die in Ägypten kommen werden. Dann geht das Land durch die Hungersnot nicht zugrunde.“;"The food will be to supply the land against the seven years of famine, which will be in the land of Egypt; so that the land will not perish through the famine.”"
1;1. Mose;1Mo;41;37;1Mo 41,37;Josef wird der zweite Mann in Ägypten;Der Vorschlag gefiel dem Pharao und allen seinen Beamten.;The thing was good in the eyes of Pharaoh, and in the eyes of all his servants.
1;1. Mose;1Mo;41;38;1Mo 41,38;Josef wird der zweite Mann in Ägypten;Der Pharao sagte zu seinen Beamten: „Finden wir je einen Mann wie diesen, in dem der Geist Gottes ist?“;Pharaoh said to his servants, “Can we find such a one as this, a man in whom is the Spirit of God?”
1;1. Mose;1Mo;41;39;1Mo 41,39;Josef wird der zweite Mann in Ägypten;Und der Pharao sagte zu Josef: „Gott hat dir das alles gezeigt. Darum gibt es keinen, der so klug und weise ist wie du.;Pharaoh said to Joseph, “Because God has shown you all of this, there is no one so discreet and wise as you.
1;1. Mose;1Mo;41;40;1Mo 41,40;Josef wird der zweite Mann in Ägypten;Du sollst über mein Haus herrschen. Mein ganzes Volk soll sich nach deinem Wort richten. Nur durch den Königsthron will ich größer sein als du.“;You shall be over my house. All my people will be ruled according to your word. Only in the throne I will be greater than you.”
1;1. Mose;1Mo;41;41;1Mo 41,41;Josef wird der zweite Mann in Ägypten;Und der Pharao sagte zu Josef: „Schau: Ich setze dich über das ganze Land Ägypten.“;Pharaoh said to Joseph, “Behold, I have set you over all the land of Egypt.”
1;1. Mose;1Mo;41;42;1Mo 41,42;Josef wird der zweite Mann in Ägypten;Der Pharao zog seinen Siegelring vom Finger und steckte ihn Josef an den Finger. Er ließ ihm Kleider aus feinem Leinen anziehen. Und er legte ihm eine goldene Kette um den Hals.;Pharaoh took off his signet ring from his hand, and put it on Joseph’s hand, and arrayed him in robes of fine linen, and put a gold chain about his neck.
1;1. Mose;1Mo;41;43;1Mo 41,43;Josef wird der zweite Mann in Ägypten;Er ließ ihn in seinem zweiten Prunkwagen fahren. Und vor ihm rief man aus: „Auf die Knie!“ So setzte er ihn über das ganze Land Ägypten.;He made him ride in the second chariot which he had. They cried before him, “Bow the knee!” He set him over all the land of Egypt.
1;1. Mose;1Mo;41;44;1Mo 41,44;Josef wird der zweite Mann in Ägypten;Der Pharao sagte zu Josef: „Ich bin der Pharao. Aber ohne deine Erlaubnis soll niemand im ganzen Land Ägypten eine Hand oder einen Fuß rühren.“;Pharaoh said to Joseph, “I am Pharaoh. Without you, no man shall lift up his hand or his foot in all the land of Egypt.”
1;1. Mose;1Mo;41;45;1Mo 41,45;Josef wird der zweite Mann in Ägypten;Der Pharao gab Josef den Namen Zafenat-Paneach. Und er gab ihm Asenat zur Frau. Sie war die Tochter von Potifera, dem Priester von On. So zog Josef aus, um über das Land Ägypten zu herrschen.;Pharaoh called Joseph’s name Zaphenath-Paneah. He gave him Asenath, the daughter of Potiphera priest of On as a wife. Joseph went out over the land of Egypt.
1;1. Mose;1Mo;41;46;1Mo 41,46;Josef wird der zweite Mann in Ägypten;Josef war 30 Jahre alt, als er vor dem Pharao, dem König von Ägypten, stand. Josef ging vom Pharao weg und zog durch das ganze Land Ägypten.;Joseph was thirty years old when he stood before Pharaoh king of Egypt. Joseph went out from the presence of Pharaoh, and went throughout all the land of Egypt.
1;1. Mose;1Mo;41;47;1Mo 41,47;Die sieben guten Jahre;In den sieben Jahren des Überflusses brachte das Land reiche Ernten.;In the seven plenteous years the earth produced abundantly.
1;1. Mose;1Mo;41;48;1Mo 41,48;Die sieben guten Jahre;Josef sammelte alles Essen der sieben Jahre im Land Ägypten. Er lagerte das Essen in den Städten. In jede Stadt brachte er das Getreide von den Feldern rund um die Stadt.;He gathered up all the food of the seven years which were in the land of Egypt, and laid up the food in the cities. He stored food in each city from the fields around that city.
1;1. Mose;1Mo;41;49;1Mo 41,49;Die sieben guten Jahre;So sammelte Josef Getreide wie Sand am Meer, so unglaublich viel, dass man aufhörte zu zählen. Denn man konnte es nicht mehr zählen.;Joseph laid up grain as the sand of the sea, very much, until he stopped counting, for it was without number.
1;1. Mose;1Mo;41;50;1Mo 41,50;Die sieben guten Jahre;Bevor die Jahre der Hungersnot kamen, bekam Josef zwei Söhne. Asenat, die Tochter von Potifera, dem Priester von On, gebar sie ihm.;To Joseph were born two sons before the year of famine came, whom Asenath, the daughter of Potiphera priest of On, bore to him.
1;1. Mose;1Mo;41;51;1Mo 41,51;Die sieben guten Jahre;Josef nannte den Erstgeborenen Manasse. Denn er sagte: „Gott hat mich all meine Not vergessen lassen und das ganze Haus meines Vaters.“;Joseph called the name of the firstborn Manasseh, “For”, he said, “God has made me forget all my toil, and all my father’s house.”
1;1. Mose;1Mo;41;52;1Mo 41,52;Die sieben guten Jahre;Den zweiten nannte er Efraim. Denn er sagte: „Gott hat mich fruchtbar gemacht in dem Land meines Elends.“;The name of the second, he called Ephraim: “For God has made me fruitful in the land of my affliction.”
1;1. Mose;1Mo;41;53;1Mo 41,53;Die Hungersnot kommt;Die sieben Jahre des Überflusses im Land Ägypten gingen zu Ende.;The seven years of plenty, that were in the land of Egypt, came to an end.
1;1. Mose;1Mo;41;54;1Mo 41,54;Die Hungersnot kommt;Dann begannen die sieben Jahre der Hungersnot, so wie Josef es gesagt hatte. In allen Ländern war Hungersnot. Aber im ganzen Land Ägypten gab es Brot.;The seven years of famine began to come, just as Joseph had said. There was famine in all lands, but in all the land of Egypt there was bread.
1;1. Mose;1Mo;41;55;1Mo 41,55;Die Hungersnot kommt;Als dann auch das ganze Land Ägypten hungerte, schrie das Volk zum Pharao um Brot. Da sagte der Pharao zu allen Ägyptern: „Geht zu Josef! Tut, was er euch sagt.“;When all the land of Egypt was famished, the people cried to Pharaoh for bread, and Pharaoh said to all the Egyptians, “Go to Joseph. What he says to you, do.”
1;1. Mose;1Mo;41;56;1Mo 41,56;Die Hungersnot kommt;Die Hungersnot war auf der ganzen Erde. Da öffnete Josef alle Vorratshäuser und verkaufte den Ägyptern Getreide. Denn die Hungersnot im Land Ägypten wurde immer schlimmer.;The famine was over all the surface of the earth. Joseph opened all the store houses, and sold to the Egyptians. The famine was severe in the land of Egypt.
1;1. Mose;1Mo;41;57;1Mo 41,57;Die Hungersnot kommt;Und aus allen Ländern kamen die Menschen nach Ägypten zu Josef, um Getreide zu kaufen. Denn die Hungersnot war schwer auf der ganzen Erde.;All countries came into Egypt, to Joseph, to buy grain, because the famine was severe in all the earth.
1;1. Mose;1Mo;42;1;1Mo 42,1;Jakob schickt seine Söhne los;Jakob erfuhr, dass es in Ägypten Getreide gab. Da sagte Jakob zu seinen Söhnen: „Warum seht ihr euch nur gegenseitig an?“;Now Jacob saw that there was grain in Egypt, and Jacob said to his sons, “Why do you look at one another?”
1;1. Mose;1Mo;42;2;1Mo 42,2;Jakob schickt seine Söhne los;Und er sagte: „Hört zu: Ich habe gehört, dass es in Ägypten Getreide gibt. Zieht hinab und kauft dort Getreide für uns. Dann bleiben wir am Leben und müssen nicht sterben.“;He said, “Behold, I have heard that there is grain in Egypt. Go down there, and buy for us from there, so that we may live, and not die.”
1;1. Mose;1Mo;42;3;1Mo 42,3;Jakob schickt seine Söhne los;Da zogen zehn Brüder von Josef hinab, um in Ägypten Getreide zu kaufen.;Joseph’s ten brothers went down to buy grain from Egypt.
1;1. Mose;1Mo;42;4;1Mo 42,4;Jakob schickt seine Söhne los;Benjamin aber, den Bruder von Josef, schickte Jakob nicht mit seinen Brüdern mit. Denn er dachte: „Es könnte ihm ein Unglück zustoßen.“;"But Jacob didn’t send Benjamin, Joseph’s brother, with his brothers; for he said, “Lest perhaps harm happen to him.”"
1;1. Mose;1Mo;42;5;1Mo 42,5;Jakob schickt seine Söhne los;So kamen die Söhne Israels mit den anderen, die auch kamen, um Getreide zu kaufen. Denn im Land Kanaan war Hungersnot.;The sons of Israel came to buy among those who came, for the famine was in the land of Canaan.
1;1. Mose;1Mo;42;6;1Mo 42,6;Die Brüder verneigen sich vor Josef;Josef war der Herrscher über das Land. Er war es, der allen Leuten im Land Getreide verkaufte. Da kamen die Brüder von Josef. Sie verneigten sich vor ihm mit dem Gesicht bis zur Erde.;Joseph was the governor over the land. It was he who sold to all the people of the land. Joseph’s brothers came, and bowed themselves down to him with their faces to the earth.
1;1. Mose;1Mo;42;7;1Mo 42,7;Die Brüder verneigen sich vor Josef;Josef sah seine Brüder und erkannte sie. Aber er tat so, als wäre er ein Fremder. Er redete hart mit ihnen. Er fragte sie: „Woher kommt ihr?“ Sie antworteten: „Aus dem Land Kanaan, um Essen zu kaufen.“;Joseph saw his brothers, and he recognized them, but acted like a stranger to them, and spoke roughly with them. He said to them, “Where did you come from?” They said, “From the land of Canaan, to buy food.”
1;1. Mose;1Mo;42;8;1Mo 42,8;Die Brüder verneigen sich vor Josef;Josef erkannte seine Brüder. Aber sie erkannten ihn nicht.;Joseph recognized his brothers, but they didn’t recognize him.
1;1. Mose;1Mo;42;9;1Mo 42,9;„Ihr seid Spione!“;Da erinnerte sich Josef an die Träume, die er über sie geträumt hatte. Er sagte zu ihnen: „Ihr seid Spione! Ihr seid gekommen, um herauszufinden, wo das Land ungeschützt ist.“;Joseph remembered the dreams which he dreamed about them, and said to them, “You are spies! You have come to see the nakedness of the land.”
1;1. Mose;1Mo;42;10;1Mo 42,10;„Ihr seid Spione!“;Sie antworteten ihm: „Nein, mein Herr! Deine Diener sind gekommen, um Essen zu kaufen.;They said to him, “No, my lord, but your servants have come to buy food.
1;1. Mose;1Mo;42;11;1Mo 42,11;„Ihr seid Spione!“;Wir sind alle Söhne von einem einzigen Mann. Wir sind ehrliche Leute. Deine Diener sind keine Spione.“;"We are all one man’s sons; we are honest men. Your servants are not spies.”"
1;1. Mose;1Mo;42;12;1Mo 42,12;„Ihr seid Spione!“;Er sagte zu ihnen: „Nein! Ihr seid gekommen, um herauszufinden, wo das Land ungeschützt ist.“;He said to them, “No, but you have come to see the nakedness of the land!”
1;1. Mose;1Mo;42;13;1Mo 42,13;„Ihr seid Spione!“;Sie sagten: „Wir, deine Diener, sind zwölf Brüder, die Söhne von einem einzigen Mann im Land Kanaan. Schau: Der jüngste ist heute bei unserem Vater. Und einer ist nicht mehr da.“;"They said, “We, your servants, are twelve brothers, the sons of one man in the land of Canaan; and behold, the youngest is today with our father, and one is no more.”"
1;1. Mose;1Mo;42;14;1Mo 42,14;„Ihr seid Spione!“;Josef sagte zu ihnen: „Es ist so, wie ich es euch gesagt habe: Ihr seid Spione!;Joseph said to them, “It is like I told you, saying, ‘You are spies!’
1;1. Mose;1Mo;42;15;1Mo 42,15;„Ihr seid Spione!“;Daran will ich euch prüfen: So wahr der Pharao lebt – ihr kommt hier nicht weg, bevor euer jüngster Bruder hierherkommt.;By this you shall be tested. By the life of Pharaoh, you shall not go out from here, unless your youngest brother comes here.
1;1. Mose;1Mo;42;16;1Mo 42,16;„Ihr seid Spione!“;Schickt einen von euch los. Der soll euren Bruder holen. Ihr anderen bleibt gefangen. So werden eure Worte geprüft, ob ihr die Wahrheit sagt. Wenn nicht, dann seid ihr – so wahr der Pharao lebt – ganz sicher Spione.“;Send one of you, and let him get your brother, and you shall be bound, that your words may be tested, whether there is truth in you, or else by the life of Pharaoh surely you are spies.”
1;1. Mose;1Mo;42;17;1Mo 42,17;„Ihr seid Spione!“;Und er ließ sie alle zusammen drei Tage lang ins Gefängnis sperren.;He put them all together into custody for three days.
1;1. Mose;1Mo;42;18;1Mo 42,18;Die Brüder erkennen ihre Schuld;Am dritten Tag sagte Josef zu ihnen: „Tut, was ich sage, dann bleibt ihr am Leben. Denn ich fürchte Gott.;Joseph said to them the third day, “Do this, and live, for I fear God.
1;1. Mose;1Mo;42;19;1Mo 42,19;Die Brüder erkennen ihre Schuld;Wenn ihr ehrliche Leute seid, dann soll einer von euch Brüdern im Gefängnis bleiben. Ihr anderen geht und bringt Getreide nach Hause zu euren hungernden Familien.;"If you are honest men, then let one of your brothers be bound in your prison; but you go, carry grain for the famine of your houses."
1;1. Mose;1Mo;42;20;1Mo 42,20;Die Brüder erkennen ihre Schuld;Aber euren jüngsten Bruder bringt ihr zu mir. Dann wird sich zeigen, dass eure Worte stimmen. Und ihr müsst nicht sterben.“ Und sie waren einverstanden.;"Bring your youngest brother to me; so will your words be verified, and you won’t die.” They did so."
1;1. Mose;1Mo;42;21;1Mo 42,21;Die Brüder erkennen ihre Schuld;Da sagten sie zueinander: „Ja, wir sind schuldig wegen unseres Bruders. Wir haben seine Angst gesehen, als er uns angefleht hat. Aber wir haben nicht auf ihn gehört. Darum kommt jetzt diese Not über uns.“;They said to one another, “We are certainly guilty concerning our brother, in that we saw the distress of his soul, when he begged us, and we wouldn’t listen. Therefore this distress has come upon us.”
1;1. Mose;1Mo;42;22;1Mo 42,22;Die Brüder erkennen ihre Schuld;Ruben antwortete ihnen: „Habe ich euch nicht gesagt: ‚Versündigt euch nicht an dem Jungen‘? Aber ihr wolltet nicht hören. Jetzt wird sein Blut von uns gefordert.“;Reuben answered them, saying, “Didn’t I tell you, saying, ‘Don’t sin against the child,’ and you wouldn’t listen? Therefore also, behold, his blood is required.”
1;1. Mose;1Mo;42;23;1Mo 42,23;Die Brüder erkennen ihre Schuld;Sie wussten nicht, dass Josef sie verstand. Denn er sprach durch einen Dolmetscher mit ihnen.;"They didn’t know that Joseph understood them; for there was an interpreter between them."
1;1. Mose;1Mo;42;24;1Mo 42,24;Die Brüder erkennen ihre Schuld;Da wandte Josef sich von ihnen ab und weinte. Dann kam er wieder zu ihnen zurück und redete mit ihnen. Er ließ Simeon aus ihrer Mitte nehmen und vor ihren Augen fesseln.;He turned himself away from them, and wept. Then he returned to them, and spoke to them, and took Simeon from among them, and bound him before their eyes.
1;1. Mose;1Mo;42;25;1Mo 42,25;Geld in den Säcken;Dann befahl Josef, ihre Säcke mit Getreide zu füllen. Jedem sollte man sein Geld wieder in seinen Sack legen. Und man sollte ihnen Proviant für die Reise mitgeben. So machte man es.;Then Joseph gave a command to fill their bags with grain, and to restore each man’s money into his sack, and to give them food for the way. So it was done to them.
1;1. Mose;1Mo;42;26;1Mo 42,26;Geld in den Säcken;Sie luden das Getreide auf ihre Esel und zogen weg.;They loaded their donkeys with their grain, and departed from there.
1;1. Mose;1Mo;42;27;1Mo 42,27;Geld in den Säcken;Als sie in der Herberge Rast machten, öffnete einer seinen Sack, um seinem Esel Futter zu geben. Da sah er sein Geld. Schau: Es lag oben in seinem Sack.;As one of them opened his sack to give his donkey food in the lodging place, he saw his money. Behold, it was in the mouth of his sack.
1;1. Mose;1Mo;42;28;1Mo 42,28;Geld in den Säcken;Er sagte zu seinen Brüdern: „Mein Geld ist zurückgekommen! Schaut, es ist in meinem Sack!“ Da erschraken sie zutiefst. Zitternd schauten sie einander an und sagten: „Was hat Gott uns da angetan?“;He said to his brothers, “My money is restored! Behold, it is in my sack!” Their hearts failed them, and they turned trembling to one another, saying, “What is this that God has done to us?”
1;1. Mose;1Mo;42;29;1Mo 42,29;Der Bericht vor dem Vater;Sie kamen zu ihrem Vater Jakob ins Land Kanaan. Sie erzählten ihm alles, was ihnen passiert war. Sie sagten:;They came to Jacob their father, to the land of Canaan, and told him all that had happened to them, saying,
1;1. Mose;1Mo;42;30;1Mo 42,30;Der Bericht vor dem Vater;„Der Mann, der Herr über das Land, hat hart mit uns geredet. Er hat uns für Spione gehalten, die das Land auskundschaften wollen.;“The man, the lord of the land, spoke roughly with us, and took us for spies of the country.
1;1. Mose;1Mo;42;31;1Mo 42,31;Der Bericht vor dem Vater;Wir haben zu ihm gesagt: ‚Wir sind ehrliche Leute. Wir sind keine Spione.;We said to him, ‘We are honest men. We are no spies.
1;1. Mose;1Mo;42;32;1Mo 42,32;Der Bericht vor dem Vater;Wir sind zwölf Brüder, Söhne von einem Vater. Einer ist nicht mehr da. Und der jüngste ist heute bei unserem Vater im Land Kanaan.‘;"We are twelve brothers, sons of our father; one is no more, and the youngest is today with our father in the land of Canaan.’"
1;1. Mose;1Mo;42;33;1Mo 42,33;Der Bericht vor dem Vater;Da hat der Mann, der Herr über das Land, zu uns gesagt: ‚Daran will ich erkennen, ob ihr ehrliche Leute seid: Lasst einen von euch Brüdern bei mir. Nehmt Getreide für eure hungernden Familien und geht.;The man, the lord of the land, said to us, ‘By this I will know that you are honest men: leave one of your brothers with me, and take grain for the famine of your houses, and go your way.
1;1. Mose;1Mo;42;34;1Mo 42,34;Der Bericht vor dem Vater;Und bringt euren jüngsten Bruder zu mir. Dann weiß ich, dass ihr keine Spione seid, sondern ehrliche Leute. Dann gebe ich euch euren Bruder zurück. Und ihr dürft im Land Handel treiben.‘“;Bring your youngest brother to me. Then I will know that you are not spies, but that you are honest men. So I will deliver your brother to you, and you shall trade in the land.’”
1;1. Mose;1Mo;42;35;1Mo 42,35;Der Bericht vor dem Vater;Dann leerten sie ihre Säcke aus. Und schau: In jedem Sack lag der Geldbeutel von jedem Einzelnen. Als sie und ihr Vater die Geldbeutel sahen, bekamen sie Angst.;As they emptied their sacks, behold, each man’s bundle of money was in his sack. When they and their father saw their bundles of money, they were afraid.
1;1. Mose;1Mo;42;36;1Mo 42,36;Der Bericht vor dem Vater;Ihr Vater Jakob sagte zu ihnen: „Ihr nehmt mir meine Kinder weg! Josef ist nicht mehr da. Simeon ist nicht mehr da. Und jetzt wollt ihr mir auch noch Benjamin wegnehmen. Alles kommt über mich!“;Jacob, their father, said to them, “You have bereaved me of my children! Joseph is no more, Simeon is no more, and you want to take Benjamin away. All these things are against me.”
1;1. Mose;1Mo;42;37;1Mo 42,37;Der Bericht vor dem Vater;Da sagte Ruben zu seinem Vater: „Du darfst meine beiden Söhne töten, wenn ich ihn dir nicht zurückbringe. Vertrau ihn mir an. Ich bringe ihn dir wieder zurück.“;Reuben spoke to his father, saying, “Kill my two sons, if I don’t bring him to you. Entrust him to my care, and I will bring him to you again.”
1;1. Mose;1Mo;42;38;1Mo 42,38;Der Bericht vor dem Vater;Aber Jakob sagte: „Mein Sohn wird nicht mit euch hinabziehen. Denn sein Bruder ist tot, und er ist allein übrig geblieben. Wenn ihm auf dem Weg, den ihr geht, ein Unglück zustößt, dann bringt ihr mich mit meinen grauen Haaren vor Kummer ins Grab.“;"He said, “My son shall not go down with you; for his brother is dead, and he only is left. If harm happens to him along the way in which you go, then you will bring down my gray hairs with sorrow to Sheol.”"
1;1. Mose;1Mo;43;1;1Mo 43,1;Juda bürgt für Benjamin;Die Hungersnot im Land war schwer.;The famine was severe in the land.
1;1. Mose;1Mo;43;2;1Mo 43,2;Juda bürgt für Benjamin;Als sie das Getreide aufgegessen hatten, das sie aus Ägypten mitgebracht hatten, sagte ihr Vater zu ihnen: „Zieht noch einmal hin und kauft uns ein wenig zu essen.“;When they had eaten up the grain which they had brought out of Egypt, their father said to them, “Go again, buy us a little more food.”
1;1. Mose;1Mo;43;3;1Mo 43,3;Juda bürgt für Benjamin;Da sagte Juda zu ihm: „Der Mann hat uns streng gewarnt. Er hat gesagt: ‚Ihr dürft mir nicht mehr unter die Augen kommen, wenn euer Bruder nicht bei euch ist.‘;Judah spoke to him, saying, “The man solemnly warned us, saying, ‘You shall not see my face, unless your brother is with you.’
1;1. Mose;1Mo;43;4;1Mo 43,4;Juda bürgt für Benjamin;Wenn du unseren Bruder mit uns schickst, dann ziehen wir hinab und kaufen dir etwas zu essen.;"If you’ll send our brother with us, we’ll go down and buy you food;"
1;1. Mose;1Mo;43;5;1Mo 43,5;Juda bürgt für Benjamin;Wenn du ihn aber nicht mitschickst, dann ziehen wir nicht hinab. Denn der Mann hat zu uns gesagt: ‚Ihr dürft mir nicht mehr unter die Augen kommen, wenn euer Bruder nicht bei euch ist.‘“;but if you don’t send him, we won’t go down, for the man said to us, ‘You shall not see my face, unless your brother is with you.’”
1;1. Mose;1Mo;43;6;1Mo 43,6;Juda bürgt für Benjamin;Israel sagte: „Warum habt ihr mir das angetan? Warum habt ihr dem Mann erzählt, dass ihr noch einen Bruder habt?“;Israel said, “Why did you treat me so badly, telling the man that you had another brother?”
1;1. Mose;1Mo;43;7;1Mo 43,7;Juda bürgt für Benjamin;Sie antworteten: „Der Mann hat ganz genau nach uns und unserer Familie gefragt. Er hat gefragt: ‚Lebt euer Vater noch? Habt ihr noch einen Bruder?‘ Wir haben ihm nur auf seine Fragen geantwortet. Wie hätten wir wissen sollen, dass er sagt: ‚Bringt euren Bruder her‘?“;They said, “The man asked directly concerning ourselves, and concerning our relatives, saying, ‘Is your father still alive? Have you another brother?’ We just answered his questions. Is there any way we could know that he would say, ‘Bring your brother down’?”
1;1. Mose;1Mo;43;8;1Mo 43,8;Juda bürgt für Benjamin;Und Juda sagte zu seinem Vater Israel: „Schick den Jungen mit mir mit. Dann machen wir uns auf den Weg und ziehen los. Dann bleiben wir am Leben und müssen nicht sterben – wir und du und unsere Kinder.;Judah said to Israel, his father, “Send the boy with me, and we’ll get up and go, so that we may live, and not die, both we, and you, and also our little ones.
1;1. Mose;1Mo;43;9;1Mo 43,9;Juda bürgt für Benjamin;Ich will für ihn bürgen. Von mir sollst du ihn fordern. Wenn ich ihn dir nicht zurückbringe und ihn dir nicht vor die Augen stelle, dann will ich mein ganzes Leben lang vor dir schuld sein.;"I’ll be collateral for him. From my hand will you require him. If I don’t bring him to you, and set him before you, then let me bear the blame forever;"
1;1. Mose;1Mo;43;10;1Mo 43,10;Juda bürgt für Benjamin;Denn wenn wir nicht so lange gezögert hätten, dann wären wir jetzt schon zweimal zurück.“;for if we hadn’t delayed, surely we would have returned a second time by now.”
1;1. Mose;1Mo;43;11;1Mo 43,11;Jakob lässt Benjamin gehen;Da sagte ihr Vater Israel zu ihnen: „Wenn es denn sein muss, dann macht es so: Nehmt in euren Säcken etwas von den besten Erzeugnissen des Landes mit. Bringt dem Mann ein Geschenk: etwas Balsam und etwas Honig, Gewürze und Myrrhe, Pistazien und Mandeln.;"Their father, Israel, said to them, “If it must be so, then do this: Take from the choice fruits of the land in your bags, and carry down a present for the man, a little balm, a little honey, spices and myrrh, nuts, and almonds;"
1;1. Mose;1Mo;43;12;1Mo 43,12;Jakob lässt Benjamin gehen;Nehmt doppelt so viel Geld mit. Und bringt das Geld zurück, das oben in euren Säcken gelegen hat. Vielleicht war es ein Versehen.;and take double money in your hand, and take back the money that was returned in the mouth of your sacks. Perhaps it was an oversight.
1;1. Mose;1Mo;43;13;1Mo 43,13;Jakob lässt Benjamin gehen;Nehmt auch euren Bruder mit. Macht euch auf und geht zurück zu dem Mann.;Take your brother also, get up, and return to the man.
1;1. Mose;1Mo;43;14;1Mo 43,14;Jakob lässt Benjamin gehen;Gott, der Allmächtige, lasse euch Erbarmen finden bei dem Mann, damit er euch euren anderen Bruder und Benjamin freigibt. Und ich – wenn ich meine Kinder verlieren soll, dann verliere ich sie eben.“;May God Almighty give you mercy before the man, that he may release to you your other brother and Benjamin. If I am bereaved of my children, I am bereaved.”
1;1. Mose;1Mo;43;15;1Mo 43,15;Jakob lässt Benjamin gehen;Da nahmen die Männer das Geschenk. Sie nahmen doppelt so viel Geld mit und Benjamin. Sie machten sich auf, zogen nach Ägypten hinab und traten vor Josef.;"The men took that present, and they took double money in their hand, and Benjamin; and got up, went down to Egypt, and stood before Joseph."
1;1. Mose;1Mo;43;16;1Mo 43,16;Angst vor Josefs Haus;Als Josef Benjamin bei ihnen sah, sagte er zu seinem Hausverwalter: „Bring die Männer in mein Haus. Schlachte ein Tier und bereite es zu. Denn die Männer sollen heute Mittag mit mir essen.“;"When Joseph saw Benjamin with them, he said to the steward of his house, “Bring the men into the house, and butcher an animal, and prepare; for the men will dine with me at noon.”"
1;1. Mose;1Mo;43;17;1Mo 43,17;Angst vor Josefs Haus;Der Mann tat, was Josef gesagt hatte. Er führte die Männer in Josefs Haus.;The man did as Joseph commanded, and the man brought the men to Joseph’s house.
1;1. Mose;1Mo;43;18;1Mo 43,18;Angst vor Josefs Haus;Die Männer bekamen Angst, weil man sie in Josefs Haus brachte. Sie sagten: „Wegen des Geldes, das beim ersten Mal wieder in unseren Säcken war, bringt man uns hierher. Er will einen Vorwand gegen uns haben. Er will über uns herfallen und uns zu Sklaven machen, und unsere Esel will er auch.“;"The men were afraid, because they were brought to Joseph’s house; and they said, “Because of the money that was returned in our sacks the first time, we’re brought in; that he may seek occasion against us, attack us, and seize us as slaves, along with our donkeys.”"
1;1. Mose;1Mo;43;19;1Mo 43,19;Angst vor Josefs Haus;Sie traten an den Hausverwalter von Josef heran. Am Eingang des Hauses redeten sie mit ihm.;They came near to the steward of Joseph’s house, and they spoke to him at the door of the house,
1;1. Mose;1Mo;43;20;1Mo 43,20;Angst vor Josefs Haus;Sie sagten: „Bitte, mein Herr! Wir sind schon beim ersten Mal hierhergekommen, um Essen zu kaufen.;and said, “Oh, my lord, we indeed came down the first time to buy food.
1;1. Mose;1Mo;43;21;1Mo 43,21;Angst vor Josefs Haus;Als wir dann in der Herberge waren und unsere Säcke öffneten – schau: Da lag das Geld von jedem oben in seinem Sack. Unser Geld, das volle Gewicht. Das haben wir jetzt wieder mitgebracht.;When we came to the lodging place, we opened our sacks, and behold, each man’s money was in the mouth of his sack, our money in full weight. We have brought it back in our hand.
1;1. Mose;1Mo;43;22;1Mo 43,22;Angst vor Josefs Haus;Und wir haben noch anderes Geld mitgebracht, um Essen zu kaufen. Wir wissen nicht, wer unser Geld in unsere Säcke gelegt hat.“;We have brought down other money in our hand to buy food. We don’t know who put our money in our sacks.”
1;1. Mose;1Mo;43;23;1Mo 43,23;Angst vor Josefs Haus;Er sagte: „Friede sei mit euch! Habt keine Angst! Euer Gott und der Gott eures Vaters hat euch einen Schatz in eure Säcke gelegt. Euer Geld habe ich bekommen.“ Dann brachte er Simeon zu ihnen heraus.;He said, “Peace be to you. Don’t be afraid. Your God, and the God of your father, has given you treasure in your sacks. I received your money.” He brought Simeon out to them.
1;1. Mose;1Mo;43;24;1Mo 43,24;Angst vor Josefs Haus;Der Mann führte die Männer in Josefs Haus. Er gab ihnen Wasser, und sie wuschen sich die Füße. Er gab auch ihren Eseln Futter.;The man brought the men into Joseph’s house, and gave them water, and they washed their feet. He gave their donkeys fodder.
1;1. Mose;1Mo;43;25;1Mo 43,25;Angst vor Josefs Haus;Dann legten sie das Geschenk zurecht, bis Josef am Mittag kam. Denn sie hatten gehört, dass sie dort essen sollten.;They prepared the present for Joseph’s coming at noon, for they heard that they should eat bread there.
1;1. Mose;1Mo;43;26;1Mo 43,26;Das Festessen;Als Josef nach Hause kam, brachten sie ihm das Geschenk ins Haus, das sie mitgebracht hatten. Und sie verneigten sich vor ihm bis zur Erde.;When Joseph came home, they brought him the present which was in their hand into the house, and bowed themselves down to the earth before him.
1;1. Mose;1Mo;43;27;1Mo 43,27;Das Festessen;Er fragte sie, wie es ihnen gehe. Und er fragte: „Geht es eurem alten Vater gut, von dem ihr erzählt habt? Lebt er noch?“;He asked them of their welfare, and said, “Is your father well, the old man of whom you spoke? Is he yet alive?”
1;1. Mose;1Mo;43;28;1Mo 43,28;Das Festessen;Sie antworteten: „Deinem Diener, unserem Vater, geht es gut. Er lebt noch.“ Und sie verneigten sich und warfen sich nieder.;They said, “Your servant, our father, is well. He is still alive.” They bowed down humbly.
1;1. Mose;1Mo;43;29;1Mo 43,29;Das Festessen;Da schaute Josef auf und sah seinen Bruder Benjamin, den Sohn seiner Mutter. Er fragte: „Ist das euer jüngster Bruder, von dem ihr mir erzählt habt?“ Und er sagte: „Gott sei dir gnädig, mein Sohn!“;He lifted up his eyes, and saw Benjamin, his brother, his mother’s son, and said, “Is this your youngest brother, of whom you spoke to me?” He said, “God be gracious to you, my son.”
1;1. Mose;1Mo;43;30;1Mo 43,30;Das Festessen;Dann ging Josef schnell hinaus. Denn er war so tief bewegt über seinen Bruder, dass er weinen musste. Er ging in sein Zimmer und weinte dort.;"Joseph hurried, for his heart yearned over his brother; and he sought a place to weep. He entered into his room, and wept there."
1;1. Mose;1Mo;43;31;1Mo 43,31;Das Festessen;Dann wusch er sich das Gesicht und kam wieder heraus. Er nahm sich zusammen und sagte: „Tragt das Essen auf!“;He washed his face, and came out. He controlled himself, and said, “Serve the meal.”
1;1. Mose;1Mo;43;32;1Mo 43,32;Das Festessen;Man trug Josef sein Essen für sich allein auf, den Brüdern für sich, und den Ägyptern, die mit ihm aßen, auch für sich. Denn die Ägypter dürfen nicht zusammen mit den Hebräern essen. Das ist für die Ägypter etwas Abscheuliches.;They served him by himself, and them by themselves, and the Egyptians who ate with him by themselves, because the Egyptians don’t eat with the Hebrews, for that is an abomination to the Egyptians.
1;1. Mose;1Mo;43;33;1Mo 43,33;Das Festessen;Die Brüder saßen vor ihm, der Älteste nach seinem Alter und der Jüngste nach seiner Jugend. Da schauten die Männer einander erstaunt an.;They sat before him, the firstborn according to his birthright, and the youngest according to his youth, and the men marveled with one another.
1;1. Mose;1Mo;43;34;1Mo 43,34;Das Festessen;Josef ließ ihnen Portionen von seinem Tisch bringen. Aber Benjamins Portion war fünfmal so groß wie die von allen anderen. Und sie tranken mit ihm und waren fröhlich.;He sent portions to them from before him, but Benjamin’s portion was five times as much as any of theirs. They drank, and were merry with him.
1;1. Mose;1Mo;44;1;1Mo 44,1;Josefs letzte Prüfung;Josef befahl seinem Hausverwalter: „Füll die Säcke der Männer mit Getreide, so viel sie tragen können. Und leg jedem sein Geld oben in seinen Sack.;He commanded the steward of his house, saying, “Fill the men’s sacks with food, as much as they can carry, and put each man’s money in his sack’s mouth.
1;1. Mose;1Mo;44;2;1Mo 44,2;Josefs letzte Prüfung;Und meinen Becher, den silbernen Becher, leg oben in den Sack des Jüngsten, zusammen mit dem Geld für sein Getreide.“ Der Verwalter machte es so, wie Josef gesagt hatte.;Put my cup, the silver cup, in the sack’s mouth of the youngest, with his grain money.” He did according to the word that Joseph had spoken.
1;1. Mose;1Mo;44;3;1Mo 44,3;Josefs letzte Prüfung;Als es am Morgen hell wurde, ließ man die Männer mit ihren Eseln ziehen.;As soon as the morning was light, the men were sent away, they and their donkeys.
1;1. Mose;1Mo;44;4;1Mo 44,4;Josefs letzte Prüfung;Sie waren gerade aus der Stadt hinaus und noch nicht weit gekommen. Da sagte Josef zu seinem Hausverwalter: „Auf! Lauf den Männern nach! Wenn du sie eingeholt hast, dann sag zu ihnen: ‚Warum habt ihr Gutes mit Bösem vergolten?;When they had gone out of the city, and were not yet far off, Joseph said to his steward, “Up, follow after the men. When you overtake them, ask them, ‘Why have you rewarded evil for good?
1;1. Mose;1Mo;44;5;1Mo 44,5;Josefs letzte Prüfung;Ist das nicht der Becher, aus dem mein Herr trinkt und aus dem er die Zukunft liest? Da habt ihr etwas Böses getan!‘“;Isn’t this that from which my lord drinks, and by which he indeed divines? You have done evil in so doing.’”
1;1. Mose;1Mo;44;6;1Mo 44,6;Josefs letzte Prüfung;Der Verwalter holte sie ein und sagte ihnen genau diese Worte.;He overtook them, and he spoke these words to them.
1;1. Mose;1Mo;44;7;1Mo 44,7;Der Becher wird gefunden;Sie antworteten ihm: „Warum sagt mein Herr so etwas? Es liegt deinen Dienern völlig fern, so etwas zu tun!;They said to him, “Why does my lord speak such words as these? Far be it from your servants that they should do such a thing!
1;1. Mose;1Mo;44;8;1Mo 44,8;Der Becher wird gefunden;Schau: Das Geld, das wir oben in unseren Säcken gefunden hatten, haben wir dir sogar aus dem Land Kanaan zurückgebracht. Wie sollten wir da aus dem Haus deines Herrn Silber oder Gold stehlen?;Behold, the money, which we found in our sacks’ mouths, we brought again to you out of the land of Canaan. How then should we steal silver or gold out of your lord’s house?
1;1. Mose;1Mo;44;9;1Mo 44,9;Der Becher wird gefunden;Bei wem von deinen Dienern der Becher gefunden wird, der soll sterben. Und wir anderen wollen die Sklaven meines Herrn sein.“;With whomever of your servants it is found, let him die, and we also will be my lord’s slaves.”
1;1. Mose;1Mo;44;10;1Mo 44,10;Der Becher wird gefunden;Er sagte: „Gut, es soll so sein, wie ihr sagt. Aber nur der, bei dem er gefunden wird, soll mein Sklave sein. Ihr anderen sollt frei sein.“;"He said, “Now also let it be according to your words. He with whom it is found will be my slave; and you will be blameless.”"
1;1. Mose;1Mo;44;11;1Mo 44,11;Der Becher wird gefunden;Schnell stellte jeder seinen Sack auf die Erde, und jeder öffnete seinen Sack.;Then they hurried, and each man took his sack down to the ground, and each man opened his sack.
1;1. Mose;1Mo;44;12;1Mo 44,12;Der Becher wird gefunden;Der Verwalter durchsuchte die Säcke. Er fing beim Ältesten an und hörte beim Jüngsten auf. Und der Becher wurde im Sack von Benjamin gefunden.;He searched, beginning with the oldest, and ending at the youngest. The cup was found in Benjamin’s sack.
1;1. Mose;1Mo;44;13;1Mo 44,13;Der Becher wird gefunden;Da zerrissen sie ihre Kleider. Jeder belud wieder seinen Esel. Und sie kehrten in die Stadt zurück.;Then they tore their clothes, and each man loaded his donkey, and returned to the city.
1;1. Mose;1Mo;44;14;1Mo 44,14;Vor Josef;Juda und seine Brüder kamen in Josefs Haus. Josef war noch dort. Sie warfen sich vor ihm auf die Erde.;Judah and his brothers came to Joseph’s house, and he was still there. They fell on the ground before him.
1;1. Mose;1Mo;44;15;1Mo 44,15;Vor Josef;Josef sagte zu ihnen: „Was habt ihr da getan? Wisst ihr nicht, dass ein Mann wie ich die Zukunft lesen kann?“;Joseph said to them, “What deed is this that you have done? Don’t you know that such a man as I can indeed do divination?”
1;1. Mose;1Mo;44;16;1Mo 44,16;Vor Josef;Juda sagte: „Was sollen wir meinem Herrn sagen? Was sollen wir reden? Wie sollen wir uns rechtfertigen? Gott hat die Schuld deiner Diener ans Licht gebracht. Schau: Wir sind die Sklaven meines Herrn, wir alle und auch der, bei dem der Becher gefunden wurde.“;Judah said, “What will we tell my lord? What will we speak? How will we clear ourselves? God has found out the iniquity of your servants. Behold, we are my lord’s slaves, both we and he also in whose hand the cup is found.”
1;1. Mose;1Mo;44;17;1Mo 44,17;Vor Josef;Aber Josef sagte: „Das liegt mir fern, so etwas zu tun. Der Mann, bei dem der Becher gefunden wurde, der soll mein Sklave sein. Ihr anderen aber, zieht in Frieden hinauf zu eurem Vater.“;"He said, “Far be it from me that I should do so. The man in whose hand the cup is found, he will be my slave; but as for you, go up in peace to your father.”"
1;1. Mose;1Mo;44;18;1Mo 44,18;Judas Rede;Da trat Juda zu ihm und sagte: „Bitte, mein Herr! Lass deinen Diener ein Wort zu meinem Herrn sagen. Werde nicht zornig auf deinen Diener. Denn du bist so mächtig wie der Pharao.;"Then Judah came near to him, and said, “Oh, my lord, please let your servant speak a word in my lord’s ears, and don’t let your anger burn against your servant; for you are even as Pharaoh."
1;1. Mose;1Mo;44;19;1Mo 44,19;Judas Rede;Mein Herr hat seine Diener gefragt: ‚Habt ihr einen Vater oder einen Bruder?‘;My lord asked his servants, saying, ‘Have you a father, or a brother?’
1;1. Mose;1Mo;44;20;1Mo 44,20;Judas Rede;Wir haben meinem Herrn geantwortet: ‚Wir haben einen alten Vater. Und wir haben einen jüngeren Bruder, den er im Alter bekommen hat. Dessen Bruder ist tot. Er ist als Einziger von seiner Mutter übrig geblieben. Und sein Vater liebt ihn.‘;"We said to my lord, ‘We have a father, an old man, and a child of his old age, a little one; and his brother is dead, and he alone is left of his mother; and his father loves him.’"
1;1. Mose;1Mo;44;21;1Mo 44,21;Judas Rede;Da hast du zu deinen Dienern gesagt: ‚Bringt ihn zu mir herab. Ich will ihn mit eigenen Augen sehen.‘;You said to your servants, ‘Bring him down to me, that I may set my eyes on him.’
1;1. Mose;1Mo;44;22;1Mo 44,22;Judas Rede;Wir haben zu meinem Herrn gesagt: ‚Der Junge kann seinen Vater nicht verlassen. Wenn er seinen Vater verlässt, dann stirbt sein Vater.‘;We said to my lord, ‘The boy can’t leave his father, for if he should leave his father, his father would die.’
1;1. Mose;1Mo;44;23;1Mo 44,23;Judas Rede;Aber du hast zu deinen Dienern gesagt: ‚Wenn euer jüngster Bruder nicht mit euch herabkommt, dürft ihr mir nicht mehr unter die Augen kommen.‘;You said to your servants, ‘Unless your youngest brother comes down with you, you will see my face no more.’
1;1. Mose;1Mo;44;24;1Mo 44,24;Judas Rede;Als wir zu deinem Diener, meinem Vater, hinaufkamen, haben wir ihm erzählt, was mein Herr gesagt hat.;When we came up to your servant my father, we told him the words of my lord.
1;1. Mose;1Mo;44;25;1Mo 44,25;Judas Rede;Dann hat unser Vater gesagt: ‚Zieht noch einmal hin und kauft uns ein wenig zu essen.‘;Our father said, ‘Go again and buy us a little food.’
1;1. Mose;1Mo;44;26;1Mo 44,26;Judas Rede;Wir haben gesagt: ‚Wir können nicht hinabziehen. Nur wenn unser jüngster Bruder bei uns ist, ziehen wir hinab. Denn wir dürfen dem Mann nicht unter die Augen kommen, wenn unser jüngster Bruder nicht bei uns ist.‘;We said, ‘We can’t go down. If our youngest brother is with us, then we will go down: for we may not see the man’s face, unless our youngest brother is with us.’
1;1. Mose;1Mo;44;27;1Mo 44,27;Judas Rede;Da hat dein Diener, mein Vater, zu uns gesagt: ‚Ihr wisst, dass meine Frau mir zwei Söhne geboren hat.;Your servant, my father, said to us, ‘You know that my wife bore me two sons.
1;1. Mose;1Mo;44;28;1Mo 44,28;Judas Rede;Der eine ist von mir weggegangen. Und ich habe gesagt: Er ist bestimmt zerrissen worden. Ich habe ihn bis heute nicht mehr gesehen.;"One went out from me, and I said, “Surely he is torn in pieces;” and I haven’t seen him since."
1;1. Mose;1Mo;44;29;1Mo 44,29;Judas Rede;Wenn ihr mir jetzt auch noch diesen wegnehmt und ihm ein Unglück zustößt, dann bringt ihr mich mit meinen grauen Haaren vor Kummer ins Grab.‘;If you take this one also from me, and harm happens to him, you will bring down my gray hairs with sorrow to Sheol.’
1;1. Mose;1Mo;44;30;1Mo 44,30;Judas Rede;Wenn ich jetzt zu deinem Diener, meinem Vater, komme, und der Junge ist nicht bei uns – sein Leben hängt doch an dem Leben des Jungen –,;"Now therefore when I come to your servant my father, and the boy is not with us; since his life is bound up in the boy’s life;"
1;1. Mose;1Mo;44;31;1Mo 44,31;Judas Rede;dann wird er sehen, dass der Junge nicht da ist, und er wird sterben. Dann bringen deine Diener die grauen Haare deines Dieners, unseres Vaters, vor Kummer ins Grab.;it will happen, when he sees that the boy is no more, that he will die. Your servants will bring down the gray hairs of your servant, our father, with sorrow to Sheol.
1;1. Mose;1Mo;44;32;1Mo 44,32;Judas Rede;Denn dein Diener hat bei meinem Vater für den Jungen gebürgt. Ich habe gesagt: ‚Wenn ich ihn dir nicht zurückbringe, dann will ich mein ganzes Leben lang vor meinem Vater schuld sein.‘;For your servant became collateral for the boy to my father, saying, ‘If I don’t bring him to you, then I will bear the blame to my father forever.’
1;1. Mose;1Mo;44;33;1Mo 44,33;Judas Rede;Darum lass doch bitte deinen Diener anstelle des Jungen hierbleiben, als Sklave meines Herrn. Und lass den Jungen mit seinen Brüdern hinaufziehen.;"Now therefore, please let your servant stay instead of the boy, my lord’s slave; and let the boy go up with his brothers."
1;1. Mose;1Mo;44;34;1Mo 44,34;Judas Rede;Denn wie könnte ich zu meinem Vater hinaufgehen, wenn der Junge nicht bei mir ist? Ich könnte das Unglück nicht mit ansehen, das über meinen Vater kommen würde.“;For how will I go up to my father, if the boy isn’t with me?—lest I see the evil that will come on my father.”
1;1. Mose;1Mo;45;1;1Mo 45,1;Josef gibt sich zu erkennen;Da konnte Josef sich nicht mehr beherrschen vor all den Leuten, die bei ihm standen. Er rief: „Alle sollen hinausgehen!“ So war niemand bei ihm, als Josef sich seinen Brüdern zu erkennen gab.;Then Joseph couldn’t control himself before all those who stood before him, and he called out, “Cause everyone to go out from me!” No one else stood with him, while Joseph made himself known to his brothers.
1;1. Mose;1Mo;45;2;1Mo 45,2;Josef gibt sich zu erkennen;Er weinte laut. Die Ägypter hörten es. Auch im Palast des Pharao hörte man es.;He wept aloud. The Egyptians heard, and the house of Pharaoh heard.
1;1. Mose;1Mo;45;3;1Mo 45,3;Josef gibt sich zu erkennen;Josef sagte zu seinen Brüdern: „Ich bin Josef! Lebt mein Vater noch?“ Aber seine Brüder konnten ihm nicht antworten. So erschrocken waren sie vor ihm.;"Joseph said to his brothers, “I am Joseph! Does my father still live?” His brothers couldn’t answer him; for they were terrified at his presence."
1;1. Mose;1Mo;45;4;1Mo 45,4;Josef gibt sich zu erkennen;Da sagte Josef zu seinen Brüdern: „Kommt doch näher zu mir!“ Und sie kamen näher. Er sagte: „Ich bin Josef, euer Bruder, den ihr nach Ägypten verkauft habt.“;Joseph said to his brothers, “Come near to me, please.” They came near. He said, “I am Joseph, your brother, whom you sold into Egypt.
1;1. Mose;1Mo;45;5;1Mo 45,5;Gott hat es zum Guten gelenkt;„Seid jetzt nicht traurig, und macht euch keine Vorwürfe, dass ihr mich hierher verkauft habt. Denn Gott hat mich vor euch hergeschickt, um Leben zu retten.;Now don’t be grieved, nor angry with yourselves, that you sold me here, for God sent me before you to preserve life.
1;1. Mose;1Mo;45;6;1Mo 45,6;Gott hat es zum Guten gelenkt;Schon zwei Jahre herrscht die Hungersnot im Land. Und es kommen noch fünf Jahre, in denen man weder pflügen noch ernten kann.;For these two years the famine has been in the land, and there are yet five years, in which there will be no plowing and no harvest.
1;1. Mose;1Mo;45;7;1Mo 45,7;Gott hat es zum Guten gelenkt;Gott hat mich vor euch hergeschickt, damit von euch Menschen auf der Erde übrig bleiben und damit viele von euch gerettet werden und am Leben bleiben.;God sent me before you to preserve for you a remnant on the earth, and to save you alive by a great deliverance.
1;1. Mose;1Mo;45;8;1Mo 45,8;Gott hat es zum Guten gelenkt;Also habt nicht ihr mich hierher geschickt, sondern Gott. Er hat mich zum Berater des Pharao gemacht, zum Herrn über sein ganzes Haus und zum Herrscher über das ganze Land Ägypten.“;So now it wasn’t you who sent me here, but God, and he has made me a father to Pharaoh, lord of all his house, and ruler over all the land of Egypt.
1;1. Mose;1Mo;45;9;1Mo 45,9;Holt meinen Vater!;„Beeilt euch, zieht hinauf zu meinem Vater und sagt zu ihm: ‚So sagt dein Sohn Josef: Gott hat mich zum Herrn über ganz Ägypten gemacht. Komm herab zu mir. Zögere nicht!;Hurry, and go up to my father, and tell him, ‘This is what your son Joseph says, “God has made me lord of all Egypt. Come down to me. Don’t wait.
1;1. Mose;1Mo;45;10;1Mo 45,10;Holt meinen Vater!;Du sollst im Gebiet Goschen wohnen. Dann bist du nahe bei mir, du und deine Kinder und deine Enkel, deine Schafe und Ziegen, deine Rinder und alles, was du hast.;You shall dwell in the land of Goshen, and you will be near to me, you, your children, your children’s children, your flocks, your herds, and all that you have.
1;1. Mose;1Mo;45;11;1Mo 45,11;Holt meinen Vater!;Dort will ich für dich sorgen. Denn es kommen noch fünf Jahre Hungersnot. Sonst würdest du verarmen, du und deine Familie und alles, was zu dir gehört.‘;"There I will provide for you; for there are yet five years of famine; lest you come to poverty, you, and your household, and all that you have.”’"
1;1. Mose;1Mo;45;12;1Mo 45,12;Holt meinen Vater!;Schaut doch, ihr seht es mit eigenen Augen, und auch mein Bruder Benjamin sieht es: Ich selbst bin es, der mit euch redet.;Behold, your eyes see, and the eyes of my brother Benjamin, that it is my mouth that speaks to you.
1;1. Mose;1Mo;45;13;1Mo 45,13;Holt meinen Vater!;Erzählt meinem Vater von all meiner Herrlichkeit in Ägypten und von allem, was ihr gesehen habt. Beeilt euch und bringt meinen Vater hierher.“;You shall tell my father of all my glory in Egypt, and of all that you have seen. You shall hurry and bring my father down here.”
1;1. Mose;1Mo;45;14;1Mo 45,14;Holt meinen Vater!;Dann fiel Josef seinem Bruder Benjamin um den Hals und weinte. Und auch Benjamin weinte an seinem Hals.;He fell on his brother Benjamin’s neck and wept, and Benjamin wept on his neck.
1;1. Mose;1Mo;45;15;1Mo 45,15;Holt meinen Vater!;Er küsste alle seine Brüder und weinte an ihrem Hals. Danach redeten seine Brüder mit ihm.;He kissed all his brothers, and wept on them. After that his brothers talked with him.
1;1. Mose;1Mo;45;16;1Mo 45,16;Der Pharao lädt die Familie ein;Im Palast des Pharao hörte man die Nachricht: „Die Brüder von Josef sind gekommen!“ Das freute den Pharao und seine Beamten.;The report of it was heard in Pharaoh’s house, saying, “Joseph’s brothers have come.” It pleased Pharaoh well, and his servants.
1;1. Mose;1Mo;45;17;1Mo 45,17;Der Pharao lädt die Familie ein;Der Pharao sagte zu Josef: „Sag zu deinen Brüdern: ‚Macht es so: Beladet eure Tiere und zieht ins Land Kanaan.;Pharaoh said to Joseph, “Tell your brothers, ‘Do this: Load your animals, and go, travel to the land of Canaan.
1;1. Mose;1Mo;45;18;1Mo 45,18;Der Pharao lädt die Familie ein;Holt euren Vater und eure Familien und kommt zu mir. Ich will euch das Beste geben, was es in Ägypten gibt. Ihr sollt vom Besten des Landes essen.‘;Take your father and your households, and come to me, and I will give you the good of the land of Egypt, and you will eat the fat of the land.’
1;1. Mose;1Mo;45;19;1Mo 45,19;Der Pharao lädt die Familie ein;Und du sollst ihnen auch das befehlen: ‚Macht es so: Nehmt euch Wagen aus dem Land Ägypten mit, für eure Kinder und eure Frauen. Holt euren Vater und kommt.;Now you are commanded to do this: Take wagons out of the land of Egypt for your little ones, and for your wives, and bring your father, and come.
1;1. Mose;1Mo;45;20;1Mo 45,20;Der Pharao lädt die Familie ein;Und trauert euren Sachen nicht nach. Denn das Beste vom ganzen Land Ägypten soll euch gehören.‘“;Also, don’t concern yourselves about your belongings, for the good of all the land of Egypt is yours.”
1;1. Mose;1Mo;45;21;1Mo 45,21;Die Brüder kehren heim;Die Söhne Israels machten es so. Josef gab ihnen Wagen, wie der Pharao es befohlen hatte. Und er gab ihnen Proviant für die Reise.;The sons of Israel did so. Joseph gave them wagons, according to the commandment of Pharaoh, and gave them provision for the way.
1;1. Mose;1Mo;45;22;1Mo 45,22;Die Brüder kehren heim;Jedem von ihnen schenkte er Festkleider zum Wechseln. Benjamin aber schenkte er 300 Silberstücke und fünf Festkleider.;He gave each one of them changes of clothing, but to Benjamin he gave three hundred pieces of silver and five changes of clothing.
1;1. Mose;1Mo;45;23;1Mo 45,23;Die Brüder kehren heim;Seinem Vater schickte er: zehn Esel, beladen mit den besten Dingen aus Ägypten, und zehn Eselinnen, beladen mit Getreide, Brot und Proviant für seinen Vater auf der Reise.;He sent the following to his father: ten donkeys loaded with the good things of Egypt, and ten female donkeys loaded with grain and bread and provision for his father by the way.
1;1. Mose;1Mo;45;24;1Mo 45,24;Die Brüder kehren heim;Dann verabschiedete er seine Brüder, und sie zogen los. Er sagte zu ihnen: „Streitet euch nicht unterwegs!“;So he sent his brothers away, and they departed. He said to them, “See that you don’t quarrel on the way.”
1;1. Mose;1Mo;45;25;1Mo 45,25;Die Brüder kehren heim;So zogen sie aus Ägypten hinauf und kamen ins Land Kanaan zu ihrem Vater Jakob.;They went up out of Egypt, and came into the land of Canaan, to Jacob their father.
1;1. Mose;1Mo;45;26;1Mo 45,26;Die Brüder kehren heim;Sie erzählten ihm: „Josef lebt noch! Und er ist der Herrscher über das ganze Land Ägypten!“ Aber Jakobs Herz blieb kalt und starr. Denn er glaubte ihnen nicht.;They told him, saying, “Joseph is still alive, and he is ruler over all the land of Egypt.” His heart fainted, for he didn’t believe them.
1;1. Mose;1Mo;45;27;1Mo 45,27;Die Brüder kehren heim;Da erzählten sie ihm alles, was Josef zu ihnen gesagt hatte. Und er sah die Wagen, die Josef geschickt hatte, um ihn abzuholen. Da lebte der Geist ihres Vaters Jakob wieder auf.;They told him all the words of Joseph, which he had said to them. When he saw the wagons which Joseph had sent to carry him, the spirit of Jacob, their father, revived.
1;1. Mose;1Mo;45;28;1Mo 45,28;Die Brüder kehren heim;Und Israel sagte: „Genug! Mein Sohn Josef lebt noch! Ich will hingehen und ihn sehen, bevor ich sterbe.“;Israel said, “It is enough. Joseph my son is still alive. I will go and see him before I die.”
1;1. Mose;1Mo;46;1;1Mo 46,1;Gott ermutigt Jakob;Israel brach mit allem auf, was er hatte. Er kam nach Beerscheba. Dort brachte er dem Gott seines Vaters Isaak Opfer dar.;Israel traveled with all that he had, and came to Beersheba, and offered sacrifices to the God of his father, Isaac.
1;1. Mose;1Mo;46;2;1Mo 46,2;Gott ermutigt Jakob;In der Nacht sprach Gott in einer Vision zu Israel. Er sagte: „Jakob! Jakob!“ Er antwortete: „Hier bin ich.“;God spoke to Israel in the visions of the night, and said, “Jacob, Jacob!” He said, “Here I am.”
1;1. Mose;1Mo;46;3;1Mo 46,3;Gott ermutigt Jakob;Gott sagte: „Ich bin Gott, der Gott deines Vaters. Hab keine Angst, nach Ägypten hinabzuziehen. Denn dort will ich dich zu einem großen Volk machen.;He said, “I am God, the God of your father. Don’t be afraid to go down into Egypt, for there I will make of you a great nation.
1;1. Mose;1Mo;46;4;1Mo 46,4;Gott ermutigt Jakob;Ich selbst ziehe mit dir hinab nach Ägypten. Und ich selbst bringe dich auch ganz bestimmt wieder herauf. Und Josef wird dir die Augen schließen.“;I will go down with you into Egypt. I will also surely bring you up again. Joseph’s hand will close your eyes.”
1;1. Mose;1Mo;46;5;1Mo 46,5;Der Aufbruch;Dann brach Jakob von Beerscheba auf. Die Söhne Israels setzten ihren Vater Jakob, ihre Kinder und ihre Frauen auf die Wagen, die der Pharao geschickt hatte, um ihn abzuholen.;Jacob rose up from Beersheba, and the sons of Israel carried Jacob, their father, their little ones, and their wives, in the wagons which Pharaoh had sent to carry him.
1;1. Mose;1Mo;46;6;1Mo 46,6;Der Aufbruch;Sie nahmen ihr Vieh und ihren Besitz mit, den sie im Land Kanaan erworben hatten. So kamen sie nach Ägypten, Jakob und alle seine Nachkommen mit ihm:;They took their livestock, and their goods, which they had gotten in the land of Canaan, and came into Egypt—Jacob, and all his offspring with him,
1;1. Mose;1Mo;46;7;1Mo 46,7;Der Aufbruch;seine Söhne und seine Enkel, seine Töchter und seine Enkelinnen. Alle seine Nachkommen brachte er mit nach Ägypten.;his sons, and his sons’ sons with him, his daughters, and his sons’ daughters, and he brought all his offspring with him into Egypt.
1;1. Mose;1Mo;46;8;1Mo 46,8;Die Familie Jakobs: die Nachkommen von Lea;Das sind die Namen der Israeliten, die nach Ägypten kamen, Jakob und seine Söhne: Ruben, der Erstgeborene von Jakob.;These are the names of the children of Israel, who came into Egypt, Jacob and his sons: Reuben, Jacob’s firstborn.
1;1. Mose;1Mo;46;9;1Mo 46,9;Die Familie Jakobs: die Nachkommen von Lea;Die Söhne von Ruben: Henoch, Pallu, Hezron und Karmi.;The sons of Reuben: Hanoch, Pallu, Hezron, and Carmi.
1;1. Mose;1Mo;46;10;1Mo 46,10;Die Familie Jakobs: die Nachkommen von Lea;Die Söhne von Simeon: Jemuël, Jamin, Ohad, Jachin, Zohar und Schaul, der Sohn einer Kanaaniterin.;The sons of Simeon: Jemuel, Jamin, Ohad, Jachin, Zohar, and Shaul the son of a Canaanite woman.
1;1. Mose;1Mo;46;11;1Mo 46,11;Die Familie Jakobs: die Nachkommen von Lea;Die Söhne von Levi: Gerschon, Kehat und Merari.;The sons of Levi: Gershon, Kohath, and Merari.
1;1. Mose;1Mo;46;12;1Mo 46,12;Die Familie Jakobs: die Nachkommen von Lea;Die Söhne von Juda: Er, Onan, Schela, Perez und Serach. Aber Er und Onan waren im Land Kanaan gestorben. Die Söhne von Perez waren Hezron und Hamul.;"The sons of Judah: Er, Onan, Shelah, Perez, and Zerah; but Er and Onan died in the land of Canaan. The sons of Perez were Hezron and Hamul."
1;1. Mose;1Mo;46;13;1Mo 46,13;Die Familie Jakobs: die Nachkommen von Lea;Die Söhne von Issachar: Tola, Puwa, Job und Schimron.;The sons of Issachar: Tola, Puvah, Iob, and Shimron.
1;1. Mose;1Mo;46;14;1Mo 46,14;Die Familie Jakobs: die Nachkommen von Lea;Die Söhne von Sebulon: Sered, Elon und Jachleël.;The sons of Zebulun: Sered, Elon, and Jahleel.
1;1. Mose;1Mo;46;15;1Mo 46,15;Die Familie Jakobs: die Nachkommen von Lea;Das sind die Söhne von Lea, die sie Jakob in Paddan-Aram geboren hatte, dazu seine Tochter Dina. Zusammen waren es 33 Personen, Söhne und Töchter.;These are the sons of Leah, whom she bore to Jacob in Paddan Aram, with his daughter Dinah. All the souls of his sons and his daughters were thirty-three.
1;1. Mose;1Mo;46;16;1Mo 46,16;Die Nachkommen von Silpa;Die Söhne von Gad: Zifjon, Haggi, Schuni, Ezbon, Eri, Arodi und Areli.;The sons of Gad: Ziphion, Haggi, Shuni, Ezbon, Eri, Arodi, and Areli.
1;1. Mose;1Mo;46;17;1Mo 46,17;Die Nachkommen von Silpa;Die Söhne von Ascher: Jimna, Jischwa, Jischwi und Beria, und ihre Schwester Serach. Die Söhne von Beria waren Heber und Malkiël.;The sons of Asher: Imnah, Ishvah, Ishvi, Beriah, and Serah their sister. The sons of Beriah: Heber and Malchiel.
1;1. Mose;1Mo;46;18;1Mo 46,18;Die Nachkommen von Silpa;Das sind die Nachkommen von Silpa. Laban hatte sie seiner Tochter Lea als Magd gegeben. Sie gebar Jakob diese Nachkommen, 16 Personen.;These are the sons of Zilpah, whom Laban gave to Leah, his daughter, and these she bore to Jacob, even sixteen souls.
1;1. Mose;1Mo;46;19;1Mo 46,19;Die Nachkommen von Rahel;Die Söhne von Rahel, der Frau von Jakob: Josef und Benjamin.;The sons of Rachel, Jacob’s wife: Joseph and Benjamin.
1;1. Mose;1Mo;46;20;1Mo 46,20;Die Nachkommen von Rahel;Josef wurden im Land Ägypten Manasse und Efraim geboren. Asenat, die Tochter von Potifera, dem Priester von On, hatte sie ihm geboren.;To Joseph in the land of Egypt were born Manasseh and Ephraim, whom Asenath, the daughter of Potiphera, priest of On, bore to him.
1;1. Mose;1Mo;46;21;1Mo 46,21;Die Nachkommen von Rahel;Die Söhne von Benjamin: Bela, Becher, Aschbel, Gera, Naaman, Ehi, Rosch, Muppim, Huppim und Ard.;The sons of Benjamin: Bela, Becher, Ashbel, Gera, Naaman, Ehi, Rosh, Muppim, Huppim, and Ard.
1;1. Mose;1Mo;46;22;1Mo 46,22;Die Nachkommen von Rahel;Das sind die Nachkommen von Rahel, die Jakob geboren wurden. Zusammen waren es 14 Personen.;These are the sons of Rachel, who were born to Jacob: all the souls were fourteen.
1;1. Mose;1Mo;46;23;1Mo 46,23;Die Nachkommen von Bilha;Der Sohn von Dan: Huschim.;The son of Dan: Hushim.
1;1. Mose;1Mo;46;24;1Mo 46,24;Die Nachkommen von Bilha;Die Söhne von Naftali: Jachzeël, Guni, Jezer und Schillem.;The sons of Naphtali: Jahzeel, Guni, Jezer, and Shillem.
1;1. Mose;1Mo;46;25;1Mo 46,25;Die Nachkommen von Bilha;Das sind die Nachkommen von Bilha. Laban hatte sie seiner Tochter Rahel als Magd gegeben. Sie gebar Jakob diese Nachkommen, zusammen sieben Personen.;These are the sons of Bilhah, whom Laban gave to Rachel, his daughter, and these she bore to Jacob: all the souls were seven.
1;1. Mose;1Mo;46;26;1Mo 46,26;Siebzig Personen;Alle Personen, die mit Jakob nach Ägypten kamen und direkt von ihm abstammten, waren 66 – die Frauen seiner Söhne nicht mitgezählt.;All the souls who came with Jacob into Egypt, who were his direct offspring, in addition to Jacob’s sons’ wives, all the souls were sixty-six.
1;1. Mose;1Mo;46;27;1Mo 46,27;Siebzig Personen;Dazu kamen die beiden Söhne von Josef, die ihm in Ägypten geboren wurden. So waren es zusammen 70 Personen aus der Familie Jakobs, die nach Ägypten kamen.;The sons of Joseph, who were born to him in Egypt, were two souls. All the souls of the house of Jacob, who came into Egypt, were seventy.
1;1. Mose;1Mo;46;28;1Mo 46,28;Das Wiedersehen;Jakob schickte Juda vor sich her zu Josef. Er sollte ihm den Weg nach Goschen zeigen. So kamen sie in das Gebiet Goschen.;Jacob sent Judah before him to Joseph, to show the way before him to Goshen, and they came into the land of Goshen.
1;1. Mose;1Mo;46;29;1Mo 46,29;Das Wiedersehen;Josef ließ seinen Wagen anspannen. Er fuhr nach Goschen hinauf, seinem Vater Israel entgegen. Als er ihn sah, fiel er ihm um den Hals. Und er weinte lange an seinem Hals.;Joseph prepared his chariot, and went up to meet Israel, his father, in Goshen. He presented himself to him, and fell on his neck, and wept on his neck a good while.
1;1. Mose;1Mo;46;30;1Mo 46,30;Das Wiedersehen;Israel sagte zu Josef: „Jetzt kann ich sterben. Denn ich habe dein Gesicht gesehen und weiß, dass du noch lebst.“;Israel said to Joseph, “Now let me die, since I have seen your face, that you are still alive.”
1;1. Mose;1Mo;46;31;1Mo 46,31;Josef bereitet die Brüder auf den Pharao vor;Josef sagte zu seinen Brüdern und zur Familie seines Vaters: „Ich will zum Pharao hinaufgehen und es ihm sagen. Ich will zu ihm sagen: ‚Meine Brüder und die Familie meines Vaters, die im Land Kanaan waren, sind zu mir gekommen.;Joseph said to his brothers, and to his father’s house, “I will go up, and speak with Pharaoh, and will tell him, ‘My brothers, and my father’s house, who were in the land of Canaan, have come to me.
1;1. Mose;1Mo;46;32;1Mo 46,32;Josef bereitet die Brüder auf den Pharao vor;Die Männer sind Hirten. Sie haben immer Vieh gehalten. Ihre Schafe und Ziegen, ihre Rinder und alles, was sie haben, haben sie mitgebracht.‘;These men are shepherds, for they have been keepers of livestock, and they have brought their flocks, and their herds, and all that they have.’
1;1. Mose;1Mo;46;33;1Mo 46,33;Josef bereitet die Brüder auf den Pharao vor;Wenn euch der Pharao dann rufen lässt und fragt: ‚Was ist euer Beruf?‘,;It will happen, when Pharaoh summons you, and will say, ‘What is your occupation?’
1;1. Mose;1Mo;46;34;1Mo 46,34;Josef bereitet die Brüder auf den Pharao vor;dann sollt ihr sagen: ‚Deine Diener haben von Jugend an bis heute Vieh gehalten, wir und schon unsere Vorfahren.‘ Dann dürft ihr im Gebiet Goschen wohnen. Denn die Ägypter verabscheuen alle Hirten.“;"that you shall say, ‘Your servants have been keepers of livestock from our youth even until now, both we, and our fathers:’ that you may dwell in the land of Goshen; for every shepherd is an abomination to the Egyptians.”"
1;1. Mose;1Mo;47;1;1Mo 47,1;Die Brüder vor dem Pharao;Josef ging zum Pharao und berichtete ihm: „Mein Vater und meine Brüder sind aus dem Land Kanaan gekommen, mit ihren Schafen und Ziegen, ihren Rindern und allem, was ihnen gehört. Schau, sie sind jetzt im Gebiet Goschen.“;"Then Joseph went in and told Pharaoh, and said, “My father and my brothers, with their flocks, their herds, and all that they own, have come out of the land of Canaan; and behold, they are in the land of Goshen.”"
1;1. Mose;1Mo;47;2;1Mo 47,2;Die Brüder vor dem Pharao;Er hatte fünf von seinen Brüdern mitgenommen. Die stellte er dem Pharao vor.;From among his brothers he took five men, and presented them to Pharaoh.
1;1. Mose;1Mo;47;3;1Mo 47,3;Die Brüder vor dem Pharao;Der Pharao fragte seine Brüder: „Was ist euer Beruf?“ Sie antworteten dem Pharao: „Deine Diener sind Hirten, wir und schon unsere Vorfahren.“;Pharaoh said to his brothers, “What is your occupation?” They said to Pharaoh, “Your servants are shepherds, both we, and our fathers.”
1;1. Mose;1Mo;47;4;1Mo 47,4;Die Brüder vor dem Pharao;Und sie sagten zum Pharao: „Wir sind gekommen, um als Fremde eine Zeit lang im Land zu leben. Denn es gibt keine Weide mehr für die Herden deiner Diener. Die Hungersnot im Land Kanaan ist schwer. Darum lass deine Diener doch im Gebiet Goschen wohnen.“;They also said to Pharaoh, “We have come to live as foreigners in the land, for there is no pasture for your servants’ flocks. For the famine is severe in the land of Canaan. Now therefore, please let your servants dwell in the land of Goshen.”
1;1. Mose;1Mo;47;5;1Mo 47,5;Die Brüder vor dem Pharao;Da sagte der Pharao zu Josef: „Dein Vater und deine Brüder sind zu dir gekommen.;Pharaoh spoke to Joseph, saying, “Your father and your brothers have come to you.
1;1. Mose;1Mo;47;6;1Mo 47,6;Die Brüder vor dem Pharao;Das Land Ägypten steht dir offen. Lass deinen Vater und deine Brüder im besten Teil des Landes wohnen. Sie sollen im Gebiet Goschen wohnen. Und wenn du unter ihnen tüchtige Männer kennst, dann mach sie zu Aufsehern über meine eigenen Herden.“;The land of Egypt is before you. Make your father and your brothers dwell in the best of the land. Let them dwell in the land of Goshen. If you know any able men among them, then put them in charge of my livestock.”
1;1. Mose;1Mo;47;7;1Mo 47,7;Jakob segnet den Pharao;Dann brachte Josef seinen Vater Jakob herein und stellte ihn dem Pharao vor. Und Jakob segnete den Pharao.;"Joseph brought in Jacob, his father, and set him before Pharaoh; and Jacob blessed Pharaoh."
1;1. Mose;1Mo;47;8;1Mo 47,8;Jakob segnet den Pharao;Der Pharao fragte Jakob: „Wie alt bist du?“;Pharaoh said to Jacob, “How old are you?”
1;1. Mose;1Mo;47;9;1Mo 47,9;Jakob segnet den Pharao;Jakob antwortete dem Pharao: „Ich bin seit 130 Jahren auf der Wanderschaft. Wenige und schwere Jahre waren es. Ich habe das Alter meiner Vorfahren nicht erreicht, die auch als Wanderer gelebt haben.“;Jacob said to Pharaoh, “The years of my pilgrimage are one hundred thirty years. The days of the years of my life have been few and evil. They have not attained to the days of the years of the life of my fathers in the days of their pilgrimage.”
1;1. Mose;1Mo;47;10;1Mo 47,10;Jakob segnet den Pharao;Dann segnete Jakob den Pharao noch einmal und ging hinaus.;Jacob blessed Pharaoh, and went out from the presence of Pharaoh.
1;1. Mose;1Mo;47;11;1Mo 47,11;Jakob segnet den Pharao;Josef gab seinem Vater und seinen Brüdern einen Wohnort. Er gab ihnen Land als Besitz in Ägypten, im besten Teil des Landes, in der Gegend von Ramses. So hatte es der Pharao befohlen.;Joseph placed his father and his brothers, and gave them a possession in the land of Egypt, in the best of the land, in the land of Rameses, as Pharaoh had commanded.
1;1. Mose;1Mo;47;12;1Mo 47,12;Jakob segnet den Pharao;Und Josef versorgte seinen Vater, seine Brüder und die ganze Familie seines Vaters mit Brot, so viel jede Familie brauchte, je nach der Zahl der Kinder.;Joseph provided his father, his brothers, and all of his father’s household with bread, according to the sizes of their families.
1;1. Mose;1Mo;47;13;1Mo 47,13;Die Hungersnot wird immer schlimmer;Im ganzen Land gab es kein Brot mehr. Denn die Hungersnot war sehr schwer. Das Land Ägypten und das Land Kanaan waren vom Hunger völlig erschöpft.;"There was no bread in all the land; for the famine was very severe, so that the land of Egypt and the land of Canaan fainted by reason of the famine."
1;1. Mose;1Mo;47;14;1Mo 47,14;Die Hungersnot wird immer schlimmer;Josef sammelte alles Geld, das es im Land Ägypten und im Land Kanaan gab, für das Getreide, das die Leute kauften. Und Josef brachte das Geld in den Palast des Pharao.;Joseph gathered up all the money that was found in the land of Egypt, and in the land of Canaan, for the grain which they bought: and Joseph brought the money into Pharaoh’s house.
1;1. Mose;1Mo;47;15;1Mo 47,15;Die Hungersnot wird immer schlimmer;Als das Geld im Land Ägypten und im Land Kanaan zu Ende war, kamen alle Ägypter zu Josef und sagten: „Gib uns Brot! Sollen wir vor deinen Augen sterben, nur weil wir kein Geld mehr haben?“;When the money was all spent in the land of Egypt, and in the land of Canaan, all the Egyptians came to Joseph, and said, “Give us bread, for why should we die in your presence? For our money fails.”
1;1. Mose;1Mo;47;16;1Mo 47,16;Die Hungersnot wird immer schlimmer;Josef sagte: „Gebt mir euer Vieh. Dann gebe ich euch Brot für euer Vieh, wenn ihr kein Geld mehr habt.“;"Joseph said, “Give me your livestock; and I will give you food for your livestock, if your money is gone.”"
1;1. Mose;1Mo;47;17;1Mo 47,17;Die Hungersnot wird immer schlimmer;Da brachten sie ihr Vieh zu Josef. Und Josef gab ihnen Brot für ihre Pferde, ihre Schafe und Ziegen, ihre Rinder und ihre Esel. So versorgte er sie in diesem Jahr mit Brot für ihr ganzes Vieh.;They brought their livestock to Joseph, and Joseph gave them bread in exchange for the horses, and for the flocks, and for the herds, and for the donkeys: and he fed them with bread in exchange for all their livestock for that year.
1;1. Mose;1Mo;47;18;1Mo 47,18;Die Ägypter verkaufen sich und ihr Land;Als dieses Jahr vorbei war, kamen sie im zweiten Jahr zu ihm und sagten: „Wir wollen es vor unserem Herrn nicht verbergen: Das Geld ist zu Ende. Und unser Vieh gehört schon unserem Herrn. Uns bleibt nichts mehr, was wir unserem Herrn geben könnten, außer uns selbst und unserem Ackerland.;When that year was ended, they came to him the second year, and said to him, “We will not hide from my lord how our money is all spent, and the herds of livestock are my lord’s. There is nothing left in the sight of my lord, but our bodies, and our lands.
1;1. Mose;1Mo;47;19;1Mo 47,19;Die Ägypter verkaufen sich und ihr Land;Warum sollen wir vor deinen Augen sterben, wir und unser Land? Kauf uns und unser Land für Brot. Dann sind wir und unser Land dem Pharao untertan. Gib uns Saatgut, damit wir am Leben bleiben und nicht sterben und damit das Land nicht verödet.“;Why should we die before your eyes, both we and our land? Buy us and our land for bread, and we and our land will be servants to Pharaoh. Give us seed, that we may live, and not die, and that the land won’t be desolate.”
1;1. Mose;1Mo;47;20;1Mo 47,20;Die Ägypter verkaufen sich und ihr Land;So kaufte Josef das ganze Ackerland in Ägypten für den Pharao. Denn alle Ägypter verkauften ihre Felder, weil die Hungersnot so schwer auf ihnen lastete. So wurde das Land Eigentum des Pharao.;So Joseph bought all the land of Egypt for Pharaoh, for every man of the Egyptians sold his field, because the famine was severe on them, and the land became Pharaoh’s.
1;1. Mose;1Mo;47;21;1Mo 47,21;Die Ägypter verkaufen sich und ihr Land;Und das Volk ließ er in die Städte umziehen, von einem Ende Ägyptens bis zum anderen.;As for the people, he moved them to the cities from one end of the border of Egypt even to the other end of it.
1;1. Mose;1Mo;47;22;1Mo 47,22;Die Ägypter verkaufen sich und ihr Land;Nur das Land der Priester kaufte er nicht. Denn die Priester bekamen vom Pharao einen festen Anteil. Davon lebten sie. Darum mussten sie ihr Land nicht verkaufen.;Only he didn’t buy the land of the priests, for the priests had a portion from Pharaoh, and ate their portion which Pharaoh gave them. That is why they didn’t sell their land.
1;1. Mose;1Mo;47;23;1Mo 47,23;Die Ägypter verkaufen sich und ihr Land;Josef sagte zum Volk: „Schaut, heute habe ich euch und euer Land für den Pharao gekauft. Hier habt ihr Saatgut. Besät damit das Land.;Then Joseph said to the people, “Behold, I have bought you and your land today for Pharaoh. Behold, here is seed for you, and you shall sow the land.
1;1. Mose;1Mo;47;24;1Mo 47,24;Die Ägypter verkaufen sich und ihr Land;Bei der Ernte sollt ihr dem Pharao ein Fünftel geben. Vier Fünftel sollen euch gehören: als Saatgut für das Feld und als Essen für euch, eure Familien und eure Kinder.“;It will happen at the harvests, that you shall give a fifth to Pharaoh, and four parts will be your own, for seed of the field, for your food, for them of your households, and for food for your little ones.”
1;1. Mose;1Mo;47;25;1Mo 47,25;Die Ägypter verkaufen sich und ihr Land;Sie sagten: „Du hast uns das Leben gerettet! Wir möchten weiter die Gunst unseres Herrn haben. Wir wollen dem Pharao untertan sein.“;They said, “You have saved our lives! Let us find favor in the sight of my lord, and we will be Pharaoh’s servants.”
1;1. Mose;1Mo;47;26;1Mo 47,26;Die Ägypter verkaufen sich und ihr Land;So machte Josef es zum Gesetz für das Land Ägypten, das bis heute gilt: Dem Pharao gehört ein Fünftel der Ernte. Nur das Land der Priester wurde nicht Eigentum des Pharao.;Joseph made it a statute concerning the land of Egypt to this day, that Pharaoh should have the fifth. Only the land of the priests alone didn’t become Pharaoh’s.
1;1. Mose;1Mo;47;27;1Mo 47,27;Jakob will in Kanaan begraben werden;So wohnte Israel im Land Ägypten, im Gebiet Goschen. Sie erwarben dort Besitz. Sie bekamen viele Kinder und wurden sehr zahlreich.;"Israel lived in the land of Egypt, in the land of Goshen; and they got themselves possessions therein, and were fruitful, and multiplied exceedingly."
1;1. Mose;1Mo;47;28;1Mo 47,28;Jakob will in Kanaan begraben werden;Jakob lebte noch 17 Jahre im Land Ägypten. So wurde Jakob insgesamt 147 Jahre alt.;Jacob lived in the land of Egypt seventeen years. So the days of Jacob, the years of his life, were one hundred forty-seven years.
1;1. Mose;1Mo;47;29;1Mo 47,29;Jakob will in Kanaan begraben werden;Als die Zeit kam, dass Israel sterben musste, rief er seinen Sohn Josef zu sich. Er sagte zu ihm: „Wenn ich deine Gunst gefunden habe, dann leg deine Hand unter meine Hüfte. Erweise mir Liebe und Treue: Begrab mich bitte nicht in Ägypten.;The time came near that Israel must die, and he called his son Joseph, and said to him, “If now I have found favor in your sight, please put your hand under my thigh, and deal kindly and truly with me. Please don’t bury me in Egypt,
1;1. Mose;1Mo;47;30;1Mo 47,30;Jakob will in Kanaan begraben werden;Wenn ich mich zu meinen Vorfahren gelegt habe, dann bring mich aus Ägypten weg und begrab mich in ihrem Grab.“ Josef antwortete: „Ich will tun, was du gesagt hast.“;but when I sleep with my fathers, you shall carry me out of Egypt, and bury me in their burying place.” Joseph said, “I will do as you have said.”
1;1. Mose;1Mo;47;31;1Mo 47,31;Jakob will in Kanaan begraben werden;Jakob sagte: „Schwöre es mir!“ Da schwor Josef es ihm. Und Israel neigte sich anbetend über das Kopfende seines Bettes.;Israel said, “Swear to me,” and he swore to him. Then Israel bowed himself on the bed’s head.
1;1. Mose;1Mo;48;1;1Mo 48,1;Josef besucht seinen kranken Vater;Einige Zeit später sagte man zu Josef: „Schau, dein Vater ist krank.“ Da nahm er seine beiden Söhne Manasse und Efraim mit.;After these things, someone said to Joseph, “Behold, your father is sick.” He took with him his two sons, Manasseh and Ephraim.
1;1. Mose;1Mo;48;2;1Mo 48,2;Josef besucht seinen kranken Vater;Man sagte zu Jakob: „Schau, dein Sohn Josef kommt zu dir.“ Da nahm Israel all seine Kraft zusammen und setzte sich im Bett auf.;Someone told Jacob, and said, “Behold, your son Joseph comes to you,” and Israel strengthened himself, and sat on the bed.
1;1. Mose;1Mo;48;3;1Mo 48,3;Josef besucht seinen kranken Vater;Jakob sagte zu Josef: „Gott, der Allmächtige, ist mir in Lus im Land Kanaan erschienen und hat mich gesegnet.;Jacob said to Joseph, “God Almighty appeared to me at Luz in the land of Canaan, and blessed me,
1;1. Mose;1Mo;48;4;1Mo 48,4;Josef besucht seinen kranken Vater;Er hat zu mir gesagt: ‚Schau, ich will dich fruchtbar machen und zahlreich. Ich will eine Gemeinschaft von Völkern aus dir machen. Und dieses Land will ich deinen Nachkommen nach dir geben, als Besitz für immer.‘;and said to me, ‘Behold, I will make you fruitful, and multiply you, and I will make of you a company of peoples, and will give this land to your offspring after you for an everlasting possession.’
1;1. Mose;1Mo;48;5;1Mo 48,5;Josef besucht seinen kranken Vater;Deine beiden Söhne, die dir im Land Ägypten geboren wurden, bevor ich zu dir nach Ägypten kam, sollen jetzt meine Söhne sein. Efraim und Manasse sollen mir gehören wie Ruben und Simeon.;"Now your two sons, who were born to you in the land of Egypt before I came to you into Egypt, are mine; Ephraim and Manasseh, even as Reuben and Simeon, will be mine."
1;1. Mose;1Mo;48;6;1Mo 48,6;Josef besucht seinen kranken Vater;Die Kinder aber, die du nach ihnen bekommst, sollen dir gehören. Sie sollen beim Erbe unter dem Namen ihrer Brüder gezählt werden.;Your offspring, whom you become the father of after them, will be yours. They will be called after the name of their brothers in their inheritance.
1;1. Mose;1Mo;48;7;1Mo 48,7;Josef besucht seinen kranken Vater;Als ich aus Paddan zurückkam, starb mir Rahel im Land Kanaan auf dem Weg. Es war nur noch ein kleines Stück bis Efrata. Dort am Weg nach Efrata habe ich sie begraben. Efrata ist Betlehem.“;As for me, when I came from Paddan, Rachel died beside me in the land of Canaan on the way, when there was still some distance to come to Ephrath, and I buried her there on the way to Ephrath (also called Bethlehem).”
1;1. Mose;1Mo;48;8;1Mo 48,8;Der Großvater und die Enkel;Dann sah Israel die Söhne von Josef und fragte: „Wer sind die da?“;Israel saw Joseph’s sons, and said, “Who are these?”
1;1. Mose;1Mo;48;9;1Mo 48,9;Der Großvater und die Enkel;Josef antwortete seinem Vater: „Das sind meine Söhne, die Gott mir hier geschenkt hat.“ Jakob sagte: „Bring sie doch zu mir her. Ich will sie segnen.“;Joseph said to his father, “They are my sons, whom God has given me here.” He said, “Please bring them to me, and I will bless them.”
1;1. Mose;1Mo;48;10;1Mo 48,10;Der Großvater und die Enkel;Israels Augen waren vom Alter schwach geworden. Er konnte nicht mehr gut sehen. Josef brachte sie zu ihm. Und er küsste sie und umarmte sie.;"Now the eyes of Israel were dim for age, so that he couldn’t see well. Joseph brought them near to him; and he kissed them, and embraced them."
1;1. Mose;1Mo;48;11;1Mo 48,11;Der Großvater und die Enkel;Israel sagte zu Josef: „Ich habe nicht geglaubt, dass ich dein Gesicht noch einmal sehen würde. Und schau: Gott hat mich sogar noch deine Kinder sehen lassen.“;Israel said to Joseph, “I didn’t think I would see your face, and behold, God has let me see your offspring also.”
1;1. Mose;1Mo;48;12;1Mo 48,12;Der Großvater und die Enkel;Dann nahm Josef die beiden vom Schoß seines Vaters. Und er verneigte sich mit dem Gesicht bis zur Erde.;Joseph brought them out from between his knees, and he bowed himself with his face to the earth.
1;1. Mose;1Mo;48;13;1Mo 48,13;Der Jüngere vor dem Älteren;Dann nahm Josef beide. Efraim nahm er an seine rechte Hand, so dass er links von Israel stand. Und Manasse nahm er an seine linke Hand, so dass er rechts von Israel stand. So brachte er sie zu ihm.;Joseph took them both, Ephraim in his right hand toward Israel’s left hand, and Manasseh in his left hand toward Israel’s right hand, and brought them near to him.
1;1. Mose;1Mo;48;14;1Mo 48,14;Der Jüngere vor dem Älteren;Aber Israel streckte seine rechte Hand aus und legte sie auf den Kopf von Efraim, obwohl er der Jüngere war. Und seine linke Hand legte er auf den Kopf von Manasse. Er kreuzte seine Hände absichtlich. Denn Manasse war der Erstgeborene.;Israel stretched out his right hand, and laid it on Ephraim’s head, who was the younger, and his left hand on Manasseh’s head, guiding his hands knowingly, for Manasseh was the firstborn.
1;1. Mose;1Mo;48;15;1Mo 48,15;Der Jüngere vor dem Älteren;Und er segnete Josef und sagte: „Der Gott, mit dem meine Väter Abraham und Isaak gelebt haben, der Gott, der mich mein ganzes Leben lang bis heute wie ein Hirte versorgt hat,;He blessed Joseph, and said, “The God before whom my fathers Abraham and Isaac walked, the God who has fed me all my life long to this day,
1;1. Mose;1Mo;48;16;1Mo 48,16;Der Jüngere vor dem Älteren;der Engel, der mich aus allem Unglück erlöst hat, er segne die Jungen. In ihnen soll mein Name weiterleben und der Name meiner Väter Abraham und Isaak. Sie sollen sich auf der Erde zu einer großen Menge vermehren.“;the angel who has redeemed me from all evil, bless the lads, and let my name be named on them, and the name of my fathers Abraham and Isaac. Let them grow into a multitude upon the earth.”
1;1. Mose;1Mo;48;17;1Mo 48,17;Der Jüngere vor dem Älteren;Josef sah, dass sein Vater die rechte Hand auf Efraims Kopf legte. Das gefiel ihm nicht. Er fasste die Hand seines Vaters, um sie von Efraims Kopf auf Manasses Kopf zu legen.;When Joseph saw that his father laid his right hand on the head of Ephraim, it displeased him. He held up his father’s hand, to remove it from Ephraim’s head to Manasseh’s head.
1;1. Mose;1Mo;48;18;1Mo 48,18;Der Jüngere vor dem Älteren;Josef sagte zu seinem Vater: „Nicht so, mein Vater! Der hier ist der Erstgeborene. Leg deine rechte Hand auf seinen Kopf.“;Joseph said to his father, “Not so, my father, for this is the firstborn. Put your right hand on his head.”
1;1. Mose;1Mo;48;19;1Mo 48,19;Der Jüngere vor dem Älteren;Aber sein Vater wollte nicht. Er sagte: „Ich weiß, mein Sohn, ich weiß. Auch er wird ein Volk werden. Auch er wird groß werden. Aber sein jüngerer Bruder wird größer sein als er. Und seine Nachkommen werden eine Menge von Völkern werden.“;His father refused, and said, “I know, my son, I know. He also will become a people, and he also will be great. However, his younger brother will be greater than he, and his offspring will become a multitude of nations.”
1;1. Mose;1Mo;48;20;1Mo 48,20;Der Jüngere vor dem Älteren;So segnete er sie an diesem Tag und sagte: „Mit eurem Namen wird man in Israel segnen. Man wird sagen: ‚Gott mache dich wie Efraim und Manasse!‘“ So stellte er Efraim vor Manasse.;He blessed them that day, saying, “Israel will bless in your name, saying, ‘God make you as Ephraim and as Manasseh’” He set Ephraim before Manasseh.
1;1. Mose;1Mo;48;21;1Mo 48,21;Ein besonderes Geschenk für Josef;Dann sagte Israel zu Josef: „Schau, ich muss sterben. Aber Gott wird mit euch sein. Er wird euch zurückbringen in das Land eurer Väter.;Israel said to Joseph, “Behold, I am dying, but God will be with you, and bring you again to the land of your fathers.
1;1. Mose;1Mo;48;22;1Mo 48,22;Ein besonderes Geschenk für Josef;Und dir gebe ich ein Stück Land mehr als deinen Brüdern. Ich habe es den Amoritern mit meinem Schwert und meinem Bogen abgenommen.“;Moreover I have given to you one portion above your brothers, which I took out of the hand of the Amorite with my sword and with my bow.”
1;1. Mose;1Mo;49;1;1Mo 49,1;Versammelt euch!;Jakob rief seine Söhne zu sich und sagte: „Versammelt euch! Ich will euch sagen, was euch in späteren Zeiten geschehen wird.;Jacob called to his sons, and said: “Gather yourselves together, that I may tell you that which will happen to you in the days to come.
1;1. Mose;1Mo;49;2;1Mo 49,2;Versammelt euch!;Kommt zusammen und hört zu, ihr Söhne Jakobs! Hört auf Israel, euren Vater!“;Assemble yourselves, and hear, you sons of Jacob. Listen to Israel, your father.
1;1. Mose;1Mo;49;3;1Mo 49,3;Ruben;„Ruben, du bist mein Erstgeborener, meine Kraft und der Erstling meiner Stärke. Du warst der Erste an Würde und der Erste an Macht.;“Reuben, you are my firstborn, my might, and the beginning of my strength, excelling in dignity, and excelling in power.
1;1. Mose;1Mo;49;4;1Mo 49,4;Ruben;Aber du bist aufgebraust wie kochendes Wasser. Darum sollst du nicht der Erste bleiben. Denn du bist in das Bett deines Vaters gestiegen. Damals hast du es entehrt. Ja, er ist auf mein Lager gestiegen!“;Boiling over like water, you shall not excel, because you went up to your father’s bed, then defiled it. He went up to my couch.
1;1. Mose;1Mo;49;5;1Mo 49,5;Simeon und Levi;„Simeon und Levi sind Brüder. Ihre Schwerter sind Werkzeuge der Gewalt.;“Simeon and Levi are brothers. Their swords are weapons of violence.
1;1. Mose;1Mo;49;6;1Mo 49,6;Simeon und Levi;Meine Seele soll nicht an ihren Plänen teilhaben. Meine Ehre soll sich nicht mit ihrer Versammlung verbinden. Denn in ihrem Zorn haben sie Männer getötet. Und in ihrem Übermut haben sie Rindern die Sehnen durchgeschnitten.;"My soul, don’t come into their council. My glory, don’t be united to their assembly; for in their anger they killed men. In their self-will they hamstrung cattle."
1;1. Mose;1Mo;49;7;1Mo 49,7;Simeon und Levi;Verflucht sei ihr Zorn, denn er ist gewaltig, und ihre Wut, denn sie ist grausam. Ich will sie in Jakob verteilen und in Israel zerstreuen.“;"Cursed be their anger, for it was fierce; and their wrath, for it was cruel. I will divide them in Jacob, and scatter them in Israel."
1;1. Mose;1Mo;49;8;1Mo 49,8;Juda;„Juda, dich werden deine Brüder loben. Deine Hand wird deine Feinde im Nacken packen. Die Söhne deines Vaters werden sich vor dir verneigen.;“Judah, your brothers will praise you. Your hand will be on the neck of your enemies. Your father’s sons will bow down before you.
1;1. Mose;1Mo;49;9;1Mo 49,9;Juda;Juda ist ein junger Löwe. Vom Raub bist du heraufgekommen, mein Sohn. Er hat sich niedergekauert und hingelegt wie ein Löwe, wie eine Löwin. Wer wagt es, ihn aufzuscheuchen?;Judah is a lion’s cub. From the prey, my son, you have gone up. He stooped down, he crouched as a lion, as a lioness. Who will rouse him up?
1;1. Mose;1Mo;49;10;1Mo 49,10;Juda;Das Zepter wird nicht von Juda weichen und der Herrscherstab nicht von seinen Füßen, bis der kommt, dem es gehört. Ihm werden die Völker gehorchen.;The scepter will not depart from Judah, nor the ruler’s staff from between his feet, until he comes to whom it belongs. The obedience of the peoples will be to him.
1;1. Mose;1Mo;49;11;1Mo 49,11;Juda;Er bindet seinen jungen Esel an den Weinstock, das Füllen seiner Eselin an die beste Rebe. Er wäscht seine Kleider in Wein, sein Gewand in Traubenblut.;Binding his foal to the vine, his donkey’s colt to the choice vine, he has washed his garments in wine, his robes in the blood of grapes.
1;1. Mose;1Mo;49;12;1Mo 49,12;Juda;Seine Augen werden rot sein vom Wein, seine Zähne weiß von Milch.“;His eyes will be red with wine, his teeth white with milk.
1;1. Mose;1Mo;49;13;1Mo 49,13;Sebulon und Issachar;„Sebulon wird am Ufer des Meeres wohnen. Er wird ein Hafen für Schiffe sein. Sein Gebiet wird bis nach Sidon reichen.;“Zebulun will dwell at the haven of the sea. He will be for a haven of ships. His border will be on Sidon.
1;1. Mose;1Mo;49;14;1Mo 49,14;Sebulon und Issachar;Issachar ist ein starker Esel, der zwischen den Packtaschen liegt.;“Issachar is a strong donkey, lying down between the saddlebags.
1;1. Mose;1Mo;49;15;1Mo 49,15;Sebulon und Issachar;Er sah, dass der Ruheplatz gut war und dass das Land schön war. Da beugte er seinen Rücken unter die Last und wurde ein Knecht, der Zwangsarbeit leisten muss.“;He saw a resting place, that it was good, the land, that it was pleasant. He bows his shoulder to the burden, and becomes a servant doing forced labor.
1;1. Mose;1Mo;49;16;1Mo 49,16;Dan, Gad, Ascher und Naftali;„Dan wird seinem Volk Recht verschaffen wie jeder andere Stamm Israels.;“Dan will judge his people, as one of the tribes of Israel.
1;1. Mose;1Mo;49;17;1Mo 49,17;Dan, Gad, Ascher und Naftali;Dan wird eine Schlange am Weg sein, eine Viper auf dem Pfad, die das Pferd in die Fersen beißt, so dass sein Reiter nach hinten stürzt.;Dan will be a serpent on the trail, an adder in the path, that bites the horse’s heels, so that his rider falls backward.
1;1. Mose;1Mo;49;18;1Mo 49,18;Dan, Gad, Ascher und Naftali;Auf deine Rettung warte ich, HERR!;I have waited for your salvation, Yahweh.
1;1. Mose;1Mo;49;19;1Mo 49,19;Dan, Gad, Ascher und Naftali;Gad – eine Räuberschar wird ihn bedrängen. Aber er wird ihnen auf die Fersen treten.;“A troop will press on Gad, but he will press on their heel.
1;1. Mose;1Mo;49;20;1Mo 49,20;Dan, Gad, Ascher und Naftali;Ascher – sein Essen wird reichhaltig sein. Er wird Leckerbissen liefern, die eines Königs würdig sind.;“Asher’s food will be rich. He will produce royal dainties.
1;1. Mose;1Mo;49;21;1Mo 49,21;Dan, Gad, Ascher und Naftali;Naftali ist eine Hirschkuh, die frei herumläuft und schöne Junge zur Welt bringt.“;“Naphtali is a doe set free, who bears beautiful fawns.
1;1. Mose;1Mo;49;22;1Mo 49,22;Josef;„Josef ist ein junger, fruchtbarer Weinstock, ein fruchtbarer Weinstock an einer Quelle. Seine Ranken klettern über die Mauer.;“Joseph is a fruitful vine, a fruitful vine by a spring. His branches run over the wall.
1;1. Mose;1Mo;49;23;1Mo 49,23;Josef;Die Bogenschützen haben ihn bitter gequält. Sie haben auf ihn geschossen und ihn verfolgt.;The archers have severely grieved him, shot at him, and persecuted him:
1;1. Mose;1Mo;49;24;1Mo 49,24;Josef;Aber sein Bogen blieb fest. Seine Arme blieben stark durch die Hände des Starken Jakobs – von dort kommt der Hirte, der Fels Israels –,;But his bow remained strong. The arms of his hands were made strong, by the hands of the Mighty One of Jacob, (from there is the shepherd, the stone of Israel),
1;1. Mose;1Mo;49;25;1Mo 49,25;Josef;durch den Gott deines Vaters – er wird dir helfen – durch den Allmächtigen – er wird dich segnen – mit Segen vom Himmel oben, mit Segen aus der Tiefe, die unten liegt, mit Segen der Brüste und des Mutterschoßes.;even by the God of your father, who will help you, by the Almighty, who will bless you, with blessings of heaven above, blessings of the deep that lies below, blessings of the breasts, and of the womb.
1;1. Mose;1Mo;49;26;1Mo 49,26;Josef;Die Segnungen deines Vaters sind stärker als die Segnungen meiner Vorfahren, sie reichen bis an die Grenzen der uralten Hügel. Sie sollen auf den Kopf von Josef kommen, auf den Scheitel dessen, der von seinen Brüdern getrennt wurde.“;The blessings of your father have prevailed above the blessings of my ancestors, above the boundaries of the ancient hills. They will be on the head of Joseph, on the crown of the head of him who is separated from his brothers.
1;1. Mose;1Mo;49;27;1Mo 49,27;Benjamin;„Benjamin ist ein reißender Wolf. Am Morgen frisst er die Beute. Und am Abend verteilt er, was er geraubt hat.“;“Benjamin is a ravenous wolf. In the morning he will devour the prey. At evening he will divide the plunder.”
1;1. Mose;1Mo;49;28;1Mo 49,28;Jakob stirbt;Das sind die zwölf Stämme Israels. Und das hat ihr Vater zu ihnen gesagt, als er sie segnete. Jeden segnete er mit dem Segen, der für ihn bestimmt war.;All these are the twelve tribes of Israel, and this is what their father spoke to them, and blessed them. He blessed everyone according to his own blessing.
1;1. Mose;1Mo;49;29;1Mo 49,29;Jakob stirbt;Dann gab er ihnen einen Auftrag und sagte zu ihnen: „Bald werde ich mit meinen Vorfahren vereint. Begrabt mich bei meinen Vätern in der Höhle auf dem Feld des Hetiters Efron,;He instructed them, and said to them, “I am to be gathered to my people. Bury me with my fathers in the cave that is in the field of Ephron the Hittite,
1;1. Mose;1Mo;49;30;1Mo 49,30;Jakob stirbt;in der Höhle auf dem Feld Machpela, östlich von Mamre, im Land Kanaan. Abraham hat sie zusammen mit dem Feld von dem Hetiter Efron als Grabstätte gekauft.;in the cave that is in the field of Machpelah, which is before Mamre, in the land of Canaan, which Abraham bought with the field from Ephron the Hittite as a burial place.
1;1. Mose;1Mo;49;31;1Mo 49,31;Jakob stirbt;Dort hat man Abraham und seine Frau Sara begraben. Dort hat man Isaak und seine Frau Rebekka begraben. Und dort habe ich Lea begraben.;There they buried Abraham and Sarah, his wife. There they buried Isaac and Rebekah, his wife, and there I buried Leah:
1;1. Mose;1Mo;49;32;1Mo 49,32;Jakob stirbt;Das Feld und die Höhle darin wurden von den Hetitern gekauft.“;the field and the cave that is therein, which was purchased from the children of Heth.”
1;1. Mose;1Mo;49;33;1Mo 49,33;Jakob stirbt;Als Jakob alle diese Anweisungen an seine Söhne gegeben hatte, zog er seine Füße auf das Bett zurück. Er tat seinen letzten Atemzug. Und er wurde mit seinen Vorfahren vereint.;When Jacob finished charging his sons, he gathered up his feet into the bed, breathed his last breath, and was gathered to his people.
1;1. Mose;1Mo;50;1;1Mo 50,1;Die Trauer um Jakob;Da warf sich Josef über das Gesicht seines Vaters. Er weinte über ihm und küsste ihn.;Joseph fell on his father’s face, wept on him, and kissed him.
1;1. Mose;1Mo;50;2;1Mo 50,2;Die Trauer um Jakob;Dann befahl Josef seinen Dienern, den Ärzten, seinen Vater einzubalsamieren. Und die Ärzte balsamierten Israel ein.;"Joseph commanded his servants, the physicians, to embalm his father; and the physicians embalmed Israel."
1;1. Mose;1Mo;50;3;1Mo 50,3;Die Trauer um Jakob;Das dauerte 40 Tage. So lange braucht man zum Einbalsamieren. Die Ägypter trauerten 70 Tage lang um Israel.;Forty days were used for him, for that is how many days it takes to embalm. The Egyptians wept for Israel for seventy days.
1;1. Mose;1Mo;50;4;1Mo 50,4;Der große Trauerzug nach Kanaan;Als die Tage der Trauer um ihn vorüber waren, redete Josef mit den Leuten am Hof des Pharao. Er sagte: „Wenn ich eure Gunst habe, dann sagt doch dem Pharao:;When the days of weeping for him were past, Joseph spoke to Pharaoh’s staff, saying, “If now I have found favor in your eyes, please speak in the ears of Pharaoh, saying,
1;1. Mose;1Mo;50;5;1Mo 50,5;Der große Trauerzug nach Kanaan;‚Mein Vater hat mich schwören lassen. Er hat gesagt: Schau, ich sterbe. Begrab mich in meinem Grab, das ich mir im Land Kanaan ausgehoben habe. Darum lass mich doch hinaufziehen und meinen Vater begraben. Danach komme ich zurück.‘“;‘My father made me swear, saying, “Behold, I am dying. Bury me in my grave which I have dug for myself in the land of Canaan.” Now therefore, please let me go up and bury my father, and I will come again.’”
1;1. Mose;1Mo;50;6;1Mo 50,6;Der große Trauerzug nach Kanaan;Der Pharao sagte: „Zieh hinauf und begrab deinen Vater, so wie er dich hat schwören lassen.“;Pharaoh said, “Go up, and bury your father, just like he made you swear.”
1;1. Mose;1Mo;50;7;1Mo 50,7;Der große Trauerzug nach Kanaan;Da zog Josef hinauf, um seinen Vater zu begraben. Mit ihm zogen alle Beamten des Pharao, die Ältesten an seinem Hof und alle Ältesten des Landes Ägypten,;"Joseph went up to bury his father; and with him went up all the servants of Pharaoh, the elders of his house, all the elders of the land of Egypt,"
1;1. Mose;1Mo;50;8;1Mo 50,8;Der große Trauerzug nach Kanaan;dazu die ganze Familie von Josef, seine Brüder und die Familie seines Vaters. Nur ihre Kinder, ihre Schafe und Ziegen und ihre Rinder ließen sie im Gebiet Goschen zurück.;all the house of Joseph, his brothers, and his father’s house. Only their little ones, their flocks, and their herds, they left in the land of Goshen.
1;1. Mose;1Mo;50;9;1Mo 50,9;Der große Trauerzug nach Kanaan;Auch Wagen und Reiter zogen mit ihm hinauf. Es war ein sehr großer Zug.;Both chariots and horsemen went up with him. It was a very great company.
1;1. Mose;1Mo;50;10;1Mo 50,10;Der große Trauerzug nach Kanaan;Sie kamen zur Tenne von Atad, die jenseits des Jordan liegt. Dort hielten sie eine große und sehr feierliche Totenklage. Sieben Tage lang trauerte Josef dort um seinen Vater.;They came to the threshing floor of Atad, which is beyond the Jordan, and there they lamented with a very great and severe lamentation. He mourned for his father seven days.
1;1. Mose;1Mo;50;11;1Mo 50,11;Der große Trauerzug nach Kanaan;Die Menschen, die im Land wohnten, die Kanaaniter, sahen die Trauer an der Tenne von Atad. Sie sagten: „Das ist eine große Trauer der Ägypter.“ Darum nennt man diesen Ort Abel-Mizrajim. Er liegt jenseits des Jordan.;When the inhabitants of the land, the Canaanites, saw the mourning in the floor of Atad, they said, “This is a grievous mourning by the Egyptians.” Therefore its name was called Abel Mizraim, which is beyond the Jordan.
1;1. Mose;1Mo;50;12;1Mo 50,12;Der große Trauerzug nach Kanaan;Jakobs Söhne taten für ihn, was er ihnen aufgetragen hatte.;His sons did to him just as he commanded them,
1;1. Mose;1Mo;50;13;1Mo 50,13;Der große Trauerzug nach Kanaan;Seine Söhne brachten ihn ins Land Kanaan. Sie begruben ihn in der Höhle auf dem Feld Machpela, östlich von Mamre. Abraham hatte sie zusammen mit dem Feld von dem Hetiter Efron als Grabstätte gekauft.;for his sons carried him into the land of Canaan, and buried him in the cave of the field of Machpelah, which Abraham bought with the field, as a possession for a burial site, from Ephron the Hittite, near Mamre.
1;1. Mose;1Mo;50;14;1Mo 50,14;Der große Trauerzug nach Kanaan;Nachdem er seinen Vater begraben hatte, kehrte Josef nach Ägypten zurück, er und seine Brüder und alle, die mit ihm hinaufgezogen waren, um seinen Vater zu begraben.;Joseph returned into Egypt—he, and his brothers, and all that went up with him to bury his father, after he had buried his father.
1;1. Mose;1Mo;50;15;1Mo 50,15;Die Angst der Brüder;Josefs Brüder merkten, dass ihr Vater tot war. Da sagten sie: „Vielleicht hasst Josef uns jetzt. Vielleicht zahlt er uns jetzt all das Böse heim, das wir ihm angetan haben.“;When Joseph’s brothers saw that their father was dead, they said, “It may be that Joseph will hate us, and will fully pay us back for all the evil which we did to him.”
1;1. Mose;1Mo;50;16;1Mo 50,16;Die Angst der Brüder;Darum ließen sie Josef ausrichten: „Dein Vater hat vor seinem Tod angeordnet:;They sent a message to Joseph, saying, “Your father commanded before he died, saying,
1;1. Mose;1Mo;50;17;1Mo 50,17;Die Angst der Brüder;‚So sollt ihr zu Josef sagen: Vergib doch deinen Brüdern ihr Unrecht und ihre Schuld. Sie haben dir Böses angetan.‘ Darum vergib doch bitte den Dienern des Gottes deines Vaters ihr Unrecht.“ Als man Josef diese Worte ausrichtete, weinte er.;‘You shall tell Joseph, “Now please forgive the disobedience of your brothers, and their sin, because they did evil to you.”’ Now, please forgive the disobedience of the servants of the God of your father.” Joseph wept when they spoke to him.
1;1. Mose;1Mo;50;18;1Mo 50,18;Die Angst der Brüder;Dann kamen auch seine Brüder selbst. Sie warfen sich vor ihm nieder und sagten: „Schau, wir sind deine Sklaven.“;"His brothers also went and fell down before his face; and they said, “Behold, we are your servants.”"
1;1. Mose;1Mo;50;19;1Mo 50,19;„Ihr wolltet Böses – Gott hat es zum Guten gemacht“;Aber Josef sagte zu ihnen: „Habt keine Angst! Stehe ich denn an Gottes Stelle?;Joseph said to them, “Don’t be afraid, for am I in the place of God?
1;1. Mose;1Mo;50;20;1Mo 50,20;„Ihr wolltet Böses – Gott hat es zum Guten gemacht“;Ihr hattet Böses gegen mich geplant. Aber Gott hat es zum Guten gewendet. Er wollte damit erreichen, was heute geschieht: viele Menschen am Leben zu erhalten.;As for you, you meant evil against me, but God meant it for good, to save many people alive, as is happening today.
1;1. Mose;1Mo;50;21;1Mo 50,21;„Ihr wolltet Böses – Gott hat es zum Guten gemacht“;Darum habt keine Angst. Ich will für euch und eure Kinder sorgen.“ So tröstete er sie und redete freundlich mit ihnen.;Now therefore don’t be afraid. I will provide for you and your little ones.” He comforted them, and spoke kindly to them.
1;1. Mose;1Mo;50;22;1Mo 50,22;Josefs letzte Jahre und sein Tod;Josef blieb in Ägypten wohnen, er und die Familie seines Vaters. Josef wurde 110 Jahre alt.;Joseph lived in Egypt, he, and his father’s house. Joseph lived one hundred ten years.
1;1. Mose;1Mo;50;23;1Mo 50,23;Josefs letzte Jahre und sein Tod;Josef sah noch die Kinder von Efraim bis in die dritte Generation. Auch die Kinder von Machir, dem Sohn von Manasse, wurden auf Josefs Knien geboren.;Joseph saw Ephraim’s children to the third generation. The children also of Machir, the son of Manasseh, were born on Joseph’s knees.
1;1. Mose;1Mo;50;24;1Mo 50,24;Josefs letzte Jahre und sein Tod;Dann sagte Josef zu seinen Brüdern: „Ich sterbe. Aber Gott wird sich ganz bestimmt um euch kümmern. Er wird euch aus diesem Land herausführen in das Land, das er Abraham, Isaak und Jakob mit einem Schwur versprochen hat.“;Joseph said to his brothers, “I am dying, but God will surely visit you, and bring you up out of this land to the land which he swore to Abraham, to Isaac, and to Jacob.”
1;1. Mose;1Mo;50;25;1Mo 50,25;Josefs letzte Jahre und sein Tod;Und Josef ließ die Israeliten schwören. Er sagte: „Gott wird sich ganz bestimmt um euch kümmern. Dann sollt ihr meine Gebeine von hier mit hinaufnehmen.“;Joseph took an oath from the children of Israel, saying, “God will surely visit you, and you shall carry up my bones from here.”
1;1. Mose;1Mo;50;26;1Mo 50,26;Josefs letzte Jahre und sein Tod;So starb Josef, 110 Jahre alt. Man balsamierte ihn ein und legte ihn in einen Sarg in Ägypten.;So Joseph died, being one hundred ten years old, and they embalmed him, and he was put in a coffin in Egypt.
2;2. Mose;2Mo;1;1;2Mo 1,1;Aus einer Familie wird ein Volk;Das sind die Namen der Söhne Israels, die nach Ägypten gekommen waren. Mit Jakob kam jeder mit seiner Familie:;Now these are the names of the sons of Israel, who came into Egypt (every man and his household came with Jacob):
2;2. Mose;2Mo;1;2;2Mo 1,2;Aus einer Familie wird ein Volk;Ruben, Simeon, Levi und Juda,;Reuben, Simeon, Levi, and Judah,
2;2. Mose;2Mo;1;3;2Mo 1,3;Aus einer Familie wird ein Volk;Issachar, Sebulon und Benjamin,;Issachar, Zebulun, and Benjamin,
2;2. Mose;2Mo;1;4;2Mo 1,4;Aus einer Familie wird ein Volk;Dan und Naftali, Gad und Ascher.;Dan and Naphtali, Gad and Asher.
2;2. Mose;2Mo;1;5;2Mo 1,5;Aus einer Familie wird ein Volk;Alle Nachkommen von Jakob zusammen waren 70 Personen. Josef war schon in Ägypten.;All the souls who came out of Jacob’s body were seventy souls, and Joseph was in Egypt already.
2;2. Mose;2Mo;1;6;2Mo 1,6;Aus einer Familie wird ein Volk;Dann starben Josef und alle seine Brüder und alle Menschen dieser Generation.;Joseph died, as did all his brothers, and all that generation.
2;2. Mose;2Mo;1;7;2Mo 1,7;Aus einer Familie wird ein Volk;Aber die Israeliten bekamen viele Kinder. Sie vermehrten sich und wurden sehr zahlreich und sehr stark. Das ganze Land war voll von ihnen.;"The children of Israel were fruitful, and increased abundantly, and multiplied, and grew exceedingly mighty; and the land was filled with them."
2;2. Mose;2Mo;1;8;2Mo 1,8;Ein neuer König;Da kam in Ägypten ein neuer König an die Macht. Er wusste nichts von Josef.;Now there arose a new king over Egypt, who didn’t know Joseph.
2;2. Mose;2Mo;1;9;2Mo 1,9;Ein neuer König;Er sagte zu seinem Volk: „Schaut: Das Volk der Israeliten ist zahlreicher und stärker als wir.;He said to his people, “Behold, the people of the children of Israel are more and mightier than we.
2;2. Mose;2Mo;1;10;2Mo 1,10;Ein neuer König;Kommt, wir müssen klug gegen sie vorgehen. Sonst werden sie noch mehr. Und wenn ein Krieg ausbricht, dann verbünden sie sich mit unseren Feinden. Dann kämpfen sie gegen uns und ziehen aus dem Land weg.“;Come, let’s deal wisely with them, lest they multiply, and it happen that when any war breaks out, they also join themselves to our enemies and fight against us, and escape out of the land.”
2;2. Mose;2Mo;1;11;2Mo 1,11;Ein neuer König;Darum setzten die Ägypter Aufseher über sie ein. Die sollten sie mit schwerer Zwangsarbeit unterdrücken. So mussten sie für den Pharao die Vorratsstädte Pitom und Ramses bauen.;Therefore they set taskmasters over them to afflict them with their burdens. They built storage cities for Pharaoh: Pithom and Raamses.
2;2. Mose;2Mo;1;12;2Mo 1,12;Ein neuer König;Aber je mehr man sie unterdrückte, desto mehr wurden sie und desto weiter breiteten sie sich aus. Da bekamen die Ägypter Angst vor den Israeliten.;But the more they afflicted them, the more they multiplied and the more they spread out. They started to dread the children of Israel.
2;2. Mose;2Mo;1;13;2Mo 1,13;Ein neuer König;Darum zwangen die Ägypter die Israeliten mit großer Härte zur Arbeit.;The Egyptians ruthlessly made the children of Israel serve,
2;2. Mose;2Mo;1;14;2Mo 1,14;Ein neuer König;Sie machten ihnen das Leben bitter mit schwerer Arbeit: mit Lehm und Ziegeln und mit allen möglichen Arbeiten auf dem Feld. Bei allen diesen Arbeiten zwangen sie sie mit großer Härte.;and they made their lives bitter with hard service in mortar and in brick, and in all kinds of service in the field, all their service, in which they ruthlessly made them serve.
2;2. Mose;2Mo;1;15;2Mo 1,15;Die mutigen Hebammen;Der König von Ägypten redete mit den hebräischen Hebammen. Die eine hieß Schifra, die andere hieß Pua.;The king of Egypt spoke to the Hebrew midwives, of whom the name of the one was Shiphrah, and the name of the other Puah,
2;2. Mose;2Mo;1;16;2Mo 1,16;Die mutigen Hebammen;Er sagte: „Wenn ihr den hebräischen Frauen bei der Geburt helft, dann achtet darauf, was es wird: Wenn es ein Junge ist, dann tötet ihn. Wenn es ein Mädchen ist, dann darf es leben.“;"and he said, “When you perform the duty of a midwife to the Hebrew women, and see them on the birth stool, if it is a son, then you shall kill him; but if it is a daughter, then she shall live.”"
2;2. Mose;2Mo;1;17;2Mo 1,17;Die mutigen Hebammen;Aber die Hebammen hatten Ehrfurcht vor Gott. Sie taten nicht, was der König von Ägypten ihnen befohlen hatte. Sie ließen die Jungen am Leben.;But the midwives feared God, and didn’t do what the king of Egypt commanded them, but saved the baby boys alive.
2;2. Mose;2Mo;1;18;2Mo 1,18;Die mutigen Hebammen;Da ließ der König von Ägypten die Hebammen rufen. Er sagte zu ihnen: „Warum habt ihr das getan? Warum habt ihr die Jungen am Leben gelassen?“;The king of Egypt called for the midwives, and said to them, “Why have you done this thing and saved the boys alive?”
2;2. Mose;2Mo;1;19;2Mo 1,19;Die mutigen Hebammen;Die Hebammen antworteten dem Pharao: „Die hebräischen Frauen sind nicht wie die ägyptischen Frauen. Sie sind kräftig. Sie haben ihr Kind schon geboren, bevor die Hebamme zu ihnen kommt.“;"The midwives said to Pharaoh, “Because the Hebrew women aren’t like the Egyptian women; for they are vigorous and give birth before the midwife comes to them.”"
2;2. Mose;2Mo;1;20;2Mo 1,20;Die mutigen Hebammen;Gott tat den Hebammen Gutes. Und das Volk wurde immer zahlreicher und sehr stark.;God dealt well with the midwives, and the people multiplied, and grew very mighty.
2;2. Mose;2Mo;1;21;2Mo 1,21;Die mutigen Hebammen;Weil die Hebammen Ehrfurcht vor Gott hatten, schenkte er ihnen eigene Familien.;Because the midwives feared God, he gave them families.
2;2. Mose;2Mo;1;22;2Mo 1,22;Der Befehl des Pharao;Da befahl der Pharao seinem ganzen Volk: „Jeden Jungen, der geboren wird, sollt ihr in den Nil werfen. Aber jedes Mädchen dürft ihr am Leben lassen.“;Pharaoh commanded all his people, saying, “You shall cast every son who is born into the river, and every daughter you shall save alive.”
2;2. Mose;2Mo;2;1;2Mo 2,1;Das Kind im Körbchen;Ein Mann aus der Familie Levi heiratete eine Frau, die auch aus der Familie Levi stammte.;A man of the house of Levi went and took a daughter of Levi as his wife.
2;2. Mose;2Mo;2;2;2Mo 2,2;Das Kind im Körbchen;Die Frau wurde schwanger und gebar einen Sohn. Sie sah, dass er ein schönes Kind war. Darum versteckte sie ihn drei Monate lang.;The woman conceived and bore a son. When she saw that he was a fine child, she hid him three months.
2;2. Mose;2Mo;2;3;2Mo 2,3;Das Kind im Körbchen;Als sie ihn nicht mehr länger verstecken konnte, nahm sie ein Körbchen aus Papyrus. Sie dichtete es mit Erdpech und Pech ab. Dann legte sie das Kind hinein. Und sie setzte das Körbchen ins Schilf am Ufer des Nils.;When she could no longer hide him, she took a papyrus basket for him, and coated it with tar and with pitch. She put the child in it, and laid it in the reeds by the river’s bank.
2;2. Mose;2Mo;2;4;2Mo 2,4;Das Kind im Körbchen;Seine Schwester stellte sich in einiger Entfernung hin. Sie wollte sehen, was mit ihm geschehen würde.;His sister stood far off, to see what would be done to him.
2;2. Mose;2Mo;2;5;2Mo 2,5;Das Kind im Körbchen;Da kam die Tochter des Pharao herab, um im Nil zu baden. Ihre Dienerinnen gingen am Ufer entlang. Sie sah das Körbchen im Schilf. Sie schickte ihre Dienerin hin, um es zu holen.;Pharaoh’s daughter came down to bathe at the river. Her maidens walked along by the riverside. She saw the basket among the reeds, and sent her servant to get it.
2;2. Mose;2Mo;2;6;2Mo 2,6;Das Kind im Körbchen;Sie öffnete es und sah das Kind. Und schau: Der kleine Junge weinte. Da hatte sie Mitleid mit ihm. Sie sagte: „Das ist eines von den Kindern der Hebräer.“;She opened it, and saw the child, and behold, the baby cried. She had compassion on him, and said, “This is one of the Hebrews’ children.”
2;2. Mose;2Mo;2;7;2Mo 2,7;Das Kind im Körbchen;Da sagte seine Schwester zur Tochter des Pharao: „Soll ich hingehen und dir eine hebräische Frau holen, die das Kind für dich stillt?“;Then his sister said to Pharaoh’s daughter, “Should I go and call a nurse for you from the Hebrew women, that she may nurse the child for you?”
2;2. Mose;2Mo;2;8;2Mo 2,8;Das Kind im Körbchen;Die Tochter des Pharao sagte zu ihr: „Ja, geh!“ Da ging das Mädchen und holte die Mutter des Kindes.;Pharaoh’s daughter said to her, “Go.” The young woman went and called the child’s mother.
2;2. Mose;2Mo;2;9;2Mo 2,9;Das Kind im Körbchen;Die Tochter des Pharao sagte zu ihr: „Nimm dieses Kind mit und still es für mich. Ich werde dir einen Lohn dafür geben.“ So nahm die Frau das Kind und stillte es.;Pharaoh’s daughter said to her, “Take this child away, and nurse him for me, and I will give you your wages.” The woman took the child, and nursed him.
2;2. Mose;2Mo;2;10;2Mo 2,10;Das Kind im Körbchen;Als das Kind größer geworden war, brachte sie es zur Tochter des Pharao. Und es wurde ihr Sohn. Sie nannte ihn Mose. Denn sie sagte: „Ich habe ihn aus dem Wasser gezogen.“;The child grew, and she brought him to Pharaoh’s daughter, and he became her son. She named him Moses, and said, “Because I drew him out of the water.”
2;2. Mose;2Mo;2;11;2Mo 2,11;Mose tötet einen Ägypter;Als Mose erwachsen geworden war, ging er einmal zu seinen Brüdern hinaus. Er sah, wie schwer sie arbeiten mussten. Da sah er, wie ein Ägypter einen Hebräer schlug, einen von seinen Brüdern.;In those days, when Moses had grown up, he went out to his brothers and saw their burdens. He saw an Egyptian striking a Hebrew, one of his brothers.
2;2. Mose;2Mo;2;12;2Mo 2,12;Mose tötet einen Ägypter;Er schaute nach allen Seiten. Als er sah, dass niemand da war, erschlug er den Ägypter. Und er verscharrte ihn im Sand.;He looked this way and that way, and when he saw that there was no one, he killed the Egyptian, and hid him in the sand.
2;2. Mose;2Mo;2;13;2Mo 2,13;Mose tötet einen Ägypter;Am nächsten Tag ging er wieder hinaus. Und schau: Da stritten sich zwei hebräische Männer. Er sagte zu dem, der im Unrecht war: „Warum schlägst du deinen Nachbarn?“;He went out the second day, and behold, two men of the Hebrews were fighting with each other. He said to him who did the wrong, “Why do you strike your fellow?”
2;2. Mose;2Mo;2;14;2Mo 2,14;Mose tötet einen Ägypter;Der antwortete: „Wer hat dich denn zum Anführer und Richter über uns gemacht? Willst du mich etwa auch umbringen, so wie du den Ägypter umgebracht hast?“ Da bekam Mose Angst. Er dachte: „Dann ist die Sache also bekannt geworden.“;He said, “Who made you a prince and a judge over us? Do you plan to kill me, as you killed the Egyptian?” Moses was afraid, and said, “Surely this thing is known.”
2;2. Mose;2Mo;2;15;2Mo 2,15;Mose tötet einen Ägypter;Als der Pharao davon hörte, wollte er Mose töten lassen. Aber Mose floh vor dem Pharao. Er ging in das Land Midian. Dort setzte er sich an einen Brunnen.;Now when Pharaoh heard this thing, he sought to kill Moses. But Moses fled from the face of Pharaoh, and lived in the land of Midian, and he sat down by a well.
2;2. Mose;2Mo;2;16;2Mo 2,16;Mose in Midian;Der Priester von Midian hatte sieben Töchter. Sie kamen zum Brunnen, schöpften Wasser und füllten die Tränkrinnen, um die Schafe und Ziegen ihres Vaters zu tränken.;Now the priest of Midian had seven daughters. They came and drew water, and filled the troughs to water their father’s flock.
2;2. Mose;2Mo;2;17;2Mo 2,17;Mose in Midian;Da kamen Hirten und jagten sie weg. Aber Mose stand auf, half den Frauen und tränkte ihre Herde.;"The shepherds came and drove them away; but Moses stood up and helped them, and watered their flock."
2;2. Mose;2Mo;2;18;2Mo 2,18;Mose in Midian;Als sie zu ihrem Vater Reguël kamen, fragte er: „Warum seid ihr heute so früh zurück?“;When they came to Reuel, their father, he said, “How is it that you have returned so early today?”
2;2. Mose;2Mo;2;19;2Mo 2,19;Mose in Midian;Sie antworteten: „Ein Ägypter hat uns vor den Hirten beschützt. Er hat sogar Wasser für uns geschöpft und die Herde getränkt.“;They said, “An Egyptian delivered us out of the hand of the shepherds, and moreover he drew water for us, and watered the flock.”
2;2. Mose;2Mo;2;20;2Mo 2,20;Mose in Midian;Da sagte er zu seinen Töchtern: „Wo ist er denn? Warum habt ihr den Mann dort gelassen? Ruft ihn, damit er mit uns isst.“;He said to his daughters, “Where is he? Why is it that you have left the man? Call him, that he may eat bread.”
2;2. Mose;2Mo;2;21;2Mo 2,21;Mose in Midian;Mose war einverstanden, bei dem Mann zu bleiben. Und der Mann gab Mose seine Tochter Zippora zur Frau.;Moses was content to dwell with the man. He gave Moses Zipporah, his daughter.
2;2. Mose;2Mo;2;22;2Mo 2,22;Mose in Midian;Sie gebar einen Sohn. Mose nannte ihn Gerschom. Denn er sagte: „Ich bin ein Fremder in einem fremden Land.“;She bore a son, and he named him Gershom, for he said, “I have lived as a foreigner in a foreign land.”
2;2. Mose;2Mo;2;23;2Mo 2,23;Gott hört das Schreien seines Volkes;Viele Jahre später starb der König von Ägypten. Die Israeliten aber stöhnten unter der Sklaverei. Sie schrien um Hilfe. Und ihr Hilfeschrei wegen der Sklaverei stieg zu Gott hinauf.;In the course of those many days, the king of Egypt died, and the children of Israel sighed because of the bondage, and they cried, and their cry came up to God because of the bondage.
2;2. Mose;2Mo;2;24;2Mo 2,24;Gott hört das Schreien seines Volkes;Gott hörte ihr Stöhnen. Und Gott dachte an seinen Bund mit Abraham, mit Isaak und mit Jakob.;God heard their groaning, and God remembered his covenant with Abraham, with Isaac, and with Jacob.
2;2. Mose;2Mo;2;25;2Mo 2,25;Gott hört das Schreien seines Volkes;Gott sah die Israeliten an. Und Gott wusste Bescheid.;God saw the children of Israel, and God understood.
2;2. Mose;2Mo;3;1;2Mo 3,1;Ein Busch, der brennt und nicht verbrennt;Mose hütete die Schafe und Ziegen seines Schwiegervaters Jitro, des Priesters von Midian. Er trieb die Herde weit in die Wüste hinein. So kam er an den Berg Gottes, den Horeb.;Now Moses was keeping the flock of Jethro, his father-in-law, the priest of Midian, and he led the flock to the back of the wilderness, and came to God’s mountain, to Horeb.
2;2. Mose;2Mo;3;2;2Mo 3,2;Ein Busch, der brennt und nicht verbrennt;Da erschien ihm der Engel des HERRN in einer Feuerflamme mitten aus einem Dornbusch. Mose schaute hin. Und schau: Der Dornbusch brannte im Feuer. Aber der Dornbusch verbrannte nicht.;Yahweh’s angel appeared to him in a flame of fire out of the middle of a bush. He looked, and behold, the bush burned with fire, and the bush was not consumed.
2;2. Mose;2Mo;3;3;2Mo 3,3;Ein Busch, der brennt und nicht verbrennt;Mose sagte: „Ich will hingehen und mir diese seltsame Erscheinung ansehen. Warum verbrennt der Dornbusch nicht?“;Moses said, “I will go now, and see this great sight, why the bush is not burned.”
2;2. Mose;2Mo;3;4;2Mo 3,4;Ein Busch, der brennt und nicht verbrennt;Der HERR sah, dass Mose näher kam, um es sich anzusehen. Da rief Gott ihn mitten aus dem Dornbusch: „Mose! Mose!“ Er antwortete: „Hier bin ich.“;When Yahweh saw that he came over to see, God called to him out of the middle of the bush, and said, “Moses! Moses!” He said, “Here I am.”
2;2. Mose;2Mo;3;5;2Mo 3,5;Ein Busch, der brennt und nicht verbrennt;Gott sagte: „Komm nicht näher! Zieh deine Sandalen aus. Denn der Ort, auf dem du stehst, ist heiliger Boden.“;He said, “Don’t come close. Take off your sandals, for the place you are standing on is holy ground.”
2;2. Mose;2Mo;3;6;2Mo 3,6;Ein Busch, der brennt und nicht verbrennt;Und er sagte: „Ich bin der Gott deines Vaters, der Gott Abrahams, der Gott Isaaks und der Gott Jakobs.“ Da verhüllte Mose sein Gesicht. Denn er hatte Angst, Gott anzuschauen.;Moreover he said, “I am the God of your father, the God of Abraham, the God of Isaac, and the God of Jacob.” Moses hid his face because he was afraid to look at God.
2;2. Mose;2Mo;3;7;2Mo 3,7;Gott hat das Elend gesehen;Der HERR sagte: „Ich habe das Elend meines Volkes in Ägypten genau gesehen. Ich habe gehört, wie sie über ihre Unterdrücker schreien. Ja, ich kenne ihre Schmerzen.;Yahweh said, “I have surely seen the affliction of my people who are in Egypt, and have heard their cry because of their taskmasters, for I know their sorrows.
2;2. Mose;2Mo;3;8;2Mo 3,8;Gott hat das Elend gesehen;Darum bin ich herabgekommen. Ich will sie aus der Hand der Ägypter retten. Ich will sie aus diesem Land herausführen in ein gutes und weites Land, in ein Land, in dem Milch und Honig fließen: in das Gebiet der Kanaaniter, Hetiter, Amoriter, Perisiter, Hiwiter und Jebusiter.;"I have come down to deliver them out of the hand of the Egyptians, and to bring them up out of that land to a good and large land, to a land flowing with milk and honey; to the place of the Canaanite, the Hittite, the Amorite, the Perizzite, the Hivite, and the Jebusite."
2;2. Mose;2Mo;3;9;2Mo 3,9;Gott hat das Elend gesehen;Schau: Der Hilfeschrei der Israeliten ist zu mir gedrungen. Ich habe auch gesehen, wie grausam die Ägypter sie unterdrücken.;Now, behold, the cry of the children of Israel has come to me. Moreover I have seen the oppression with which the Egyptians oppress them.
2;2. Mose;2Mo;3;10;2Mo 3,10;Gott hat das Elend gesehen;Darum geh jetzt! Ich schicke dich zum Pharao. Führe mein Volk, die Israeliten, aus Ägypten heraus.“;Come now therefore, and I will send you to Pharaoh, that you may bring my people, the children of Israel, out of Egypt.”
2;2. Mose;2Mo;3;11;2Mo 3,11;„Wer bin ich?“;Mose sagte zu Gott: „Wer bin ich denn, dass ich zum Pharao gehen soll? Und dass ich die Israeliten aus Ägypten herausführen soll?“;Moses said to God, “Who am I, that I should go to Pharaoh, and that I should bring the children of Israel out of Egypt?”
2;2. Mose;2Mo;3;12;2Mo 3,12;„Wer bin ich?“;Gott antwortete: „Ich werde mit dir sein. Und das soll das Zeichen für dich sein, dass ich dich geschickt habe: Wenn du das Volk aus Ägypten herausgeführt hast, dann werdet ihr Gott auf diesem Berg dienen.“;He said, “Certainly I will be with you. This will be the token to you, that I have sent you: when you have brought the people out of Egypt, you shall serve God on this mountain.”
2;2. Mose;2Mo;3;13;2Mo 3,13;Gottes Name;Mose sagte zu Gott: „Schau, wenn ich zu den Israeliten komme und zu ihnen sage: ‚Der Gott eurer Vorfahren hat mich zu euch geschickt‘, und sie fragen mich: ‚Wie heißt er?‘ – was soll ich ihnen dann sagen?“;Moses said to God, “Behold, when I come to the children of Israel, and tell them, ‘The God of your fathers has sent me to you,’ and they ask me, ‘What is his name?’ what should I tell them?”
2;2. Mose;2Mo;3;14;2Mo 3,14;Gottes Name;Gott sagte zu Mose: „Ich bin, der ich bin.“ Und er sagte: „So sollst du zu den Israeliten sagen: ‚Ich bin‘ hat mich zu euch geschickt.“;God said to Moses, “I AM WHO I AM,” and he said, “You shall tell the children of Israel this: ‘I AM has sent me to you.’”
2;2. Mose;2Mo;3;15;2Mo 3,15;Gottes Name;Weiter sagte Gott zu Mose: „So sollst du zu den Israeliten sagen: ‚Der HERR, der Gott eurer Vorfahren, der Gott Abrahams, der Gott Isaaks und der Gott Jakobs, hat mich zu euch geschickt.‘ Das ist mein Name für immer. So sollen mich alle Generationen nennen.“;God said moreover to Moses, “You shall tell the children of Israel this, ‘Yahweh, the God of your fathers, the God of Abraham, the God of Isaac, and the God of Jacob, has sent me to you.’ This is my name forever, and this is my memorial to all generations.
2;2. Mose;2Mo;3;16;2Mo 3,16;Gottes Plan;„Geh und versammle die Ältesten von Israel. Sag zu ihnen: ‚Der HERR, der Gott eurer Vorfahren, der Gott Abrahams, Isaaks und Jakobs, ist mir erschienen. Er hat gesagt: Ich habe mich um euch gekümmert. Ich habe gesehen, was man euch in Ägypten antut.;Go and gather the elders of Israel together, and tell them, ‘Yahweh, the God of your fathers, the God of Abraham, of Isaac, and of Jacob, has appeared to me, saying, “I have surely visited you, and seen that which is done to you in Egypt.
2;2. Mose;2Mo;3;17;2Mo 3,17;Gottes Plan;Und ich habe gesagt: Ich will euch aus dem Elend in Ägypten herausführen in das Land der Kanaaniter, Hetiter, Amoriter, Perisiter, Hiwiter und Jebusiter, in ein Land, in dem Milch und Honig fließen.‘;I have said, I will bring you up out of the affliction of Egypt to the land of the Canaanite, the Hittite, the Amorite, the Perizzite, the Hivite, and the Jebusite, to a land flowing with milk and honey.”’
2;2. Mose;2Mo;3;18;2Mo 3,18;Gottes Plan;Sie werden auf dich hören. Dann sollst du mit den Ältesten von Israel zum König von Ägypten gehen. Ihr sollt zu ihm sagen: ‚Der HERR, der Gott der Hebräer, ist uns begegnet. Lass uns doch drei Tagesreisen weit in die Wüste ziehen. Dort wollen wir dem HERRN, unserem Gott, Opfer bringen.‘;They will listen to your voice. You shall come, you and the elders of Israel, to the king of Egypt, and you shall tell him, ‘Yahweh, the God of the Hebrews, has met with us. Now please let us go three days’ journey into the wilderness, that we may sacrifice to Yahweh, our God.’
2;2. Mose;2Mo;3;19;2Mo 3,19;Gottes Plan;Ich weiß aber, dass der König von Ägypten euch nicht ziehen lassen wird. Nicht einmal, wenn eine starke Hand ihn dazu zwingt.;I know that the king of Egypt won’t give you permission to go, no, not by a mighty hand.
2;2. Mose;2Mo;3;20;2Mo 3,20;Gottes Plan;Darum werde ich meine Hand ausstrecken und Ägypten mit all meinen Wundern schlagen, die ich dort tun werde. Danach wird er euch ziehen lassen.;I will reach out my hand and strike Egypt with all my wonders which I will do among them, and after that he will let you go.
2;2. Mose;2Mo;3;21;2Mo 3,21;Gottes Plan;Ich werde dafür sorgen, dass die Ägypter diesem Volk wohlgesinnt sind. Wenn ihr wegzieht, sollt ihr nicht mit leeren Händen gehen.;I will give this people favor in the sight of the Egyptians, and it will happen that when you go, you shall not go empty-handed.
2;2. Mose;2Mo;3;22;2Mo 3,22;Gottes Plan;Jede Frau soll ihre Nachbarin und die Frau, die in ihrem Haus wohnt, um Schmuck aus Silber und Gold und um Kleider bitten. Das sollt ihr euren Söhnen und Töchtern anziehen. So sollt ihr die Ägypter berauben.“;But every woman shall ask of her neighbor, and of her who visits her house, jewels of silver, jewels of gold, and clothing. You shall put them on your sons, and on your daughters. You shall plunder the Egyptians.”
2;2. Mose;2Mo;4;1;2Mo 4,1;Drei Zeichen;Mose antwortete: „Aber schau, sie werden mir nicht glauben und nicht auf mich hören. Sie werden sagen: ‚Der HERR ist dir nicht erschienen.‘“;"Moses answered, “But, behold, they will not believe me, nor listen to my voice; for they will say, ‘Yahweh has not appeared to you.’”"
2;2. Mose;2Mo;4;2;2Mo 4,2;Drei Zeichen;Der HERR fragte ihn: „Was hast du da in deiner Hand?“ Mose antwortete: „Einen Stab.“;Yahweh said to him, “What is that in your hand?” He said, “A rod.”
2;2. Mose;2Mo;4;3;2Mo 4,3;Drei Zeichen;Der HERR sagte: „Wirf ihn auf die Erde!“ Mose warf ihn auf die Erde. Da wurde der Stab zu einer Schlange. Und Mose lief vor ihr weg.;"He said, “Throw it on the ground.” He threw it on the ground, and it became a snake; and Moses ran away from it."
2;2. Mose;2Mo;4;4;2Mo 4,4;Drei Zeichen;Der HERR sagte zu Mose: „Streck deine Hand aus und pack sie am Schwanz!“ Mose streckte seine Hand aus und packte sie. Da wurde sie in seiner Hand wieder zu einem Stab.;Yahweh said to Moses, “Stretch out your hand, and take it by the tail.” He stretched out his hand, and took hold of it, and it became a rod in his hand.
2;2. Mose;2Mo;4;5;2Mo 4,5;Drei Zeichen;„So sollen sie glauben, dass dir der HERR erschienen ist, der Gott ihrer Vorfahren, der Gott Abrahams, der Gott Isaaks und der Gott Jakobs.“;“This is so that they may believe that Yahweh, the God of their fathers, the God of Abraham, the God of Isaac, and the God of Jacob, has appeared to you.”
2;2. Mose;2Mo;4;6;2Mo 4,6;Drei Zeichen;Weiter sagte der HERR zu ihm: „Steck deine Hand in dein Gewand.“ Mose steckte seine Hand in sein Gewand. Als er sie wieder herauszog – schau: Da war seine Hand vom Aussatz befallen, weiß wie Schnee.;Yahweh said furthermore to him, “Now put your hand inside your cloak.” He put his hand inside his cloak, and when he took it out, behold, his hand was leprous, as white as snow.
2;2. Mose;2Mo;4;7;2Mo 4,7;Drei Zeichen;Der HERR sagte: „Steck deine Hand noch einmal in dein Gewand.“ Mose steckte seine Hand noch einmal in sein Gewand. Als er sie wieder herauszog – schau: Da war sie wieder gesund wie der Rest seines Körpers.;He said, “Put your hand inside your cloak again.” He put his hand inside his cloak again, and when he took it out of his cloak, behold, it had turned again as his other flesh.
2;2. Mose;2Mo;4;8;2Mo 4,8;Drei Zeichen;„Wenn sie dir nicht glauben und nicht auf das erste Zeichen hören, dann werden sie dem zweiten Zeichen glauben.;“It will happen, if they will not believe you or listen to the voice of the first sign, that they will believe the voice of the latter sign.
2;2. Mose;2Mo;4;9;2Mo 4,9;Drei Zeichen;Und wenn sie auch diesen beiden Zeichen nicht glauben und nicht auf dich hören, dann nimm Wasser aus dem Nil und gieß es auf das trockene Land. Das Wasser, das du aus dem Nil nimmst, wird auf dem trockenen Land zu Blut werden.“;It will happen, if they will not believe even these two signs or listen to your voice, that you shall take of the water of the river, and pour it on the dry land. The water which you take out of the river will become blood on the dry land.”
2;2. Mose;2Mo;4;10;2Mo 4,10;„Ich kann nicht gut reden“;Mose sagte zum HERRN: „Ach, Herr, ich bin kein guter Redner. Ich war es früher nicht, und ich bin es auch jetzt nicht, seit du mit deinem Diener redest. Ich spreche schwerfällig, und meine Zunge ist ungeschickt.“;"Moses said to Yahweh, “O Lord, I am not eloquent, neither before now, nor since you have spoken to your servant; for I am slow of speech, and of a slow tongue.”"
2;2. Mose;2Mo;4;11;2Mo 4,11;„Ich kann nicht gut reden“;Der HERR sagte zu ihm: „Wer hat dem Menschen den Mund gemacht? Wer macht stumm oder taub, sehend oder blind? Bin ich es nicht, der HERR?;Yahweh said to him, “Who made man’s mouth? Or who makes one mute, or deaf, or seeing, or blind? Isn’t it I, Yahweh?
2;2. Mose;2Mo;4;12;2Mo 4,12;„Ich kann nicht gut reden“;Darum geh jetzt! Ich werde mit deinem Mund sein. Ich werde dir beibringen, was du sagen sollst.“;Now therefore go, and I will be with your mouth, and teach you what you shall speak.”
2;2. Mose;2Mo;4;13;2Mo 4,13;„Ich kann nicht gut reden“;Aber Mose sagte: „Ach, Herr, schick doch bitte jemand anderen!“;Moses said, “Oh, Lord, please send someone else.”
2;2. Mose;2Mo;4;14;2Mo 4,14;„Ich kann nicht gut reden“;Da wurde der HERR zornig über Mose. Er sagte: „Ist da nicht dein Bruder Aaron, der Levit? Ich weiß, dass er gut reden kann. Und schau: Er ist schon auf dem Weg zu dir. Wenn er dich sieht, wird er sich von Herzen freuen.;Yahweh’s anger burned against Moses, and he said, “What about Aaron, your brother, the Levite? I know that he can speak well. Also, behold, he is coming out to meet you. When he sees you, he will be glad in his heart.
2;2. Mose;2Mo;4;15;2Mo 4,15;„Ich kann nicht gut reden“;Du sollst mit ihm reden und ihm die Worte in den Mund legen. Ich werde mit deinem Mund und mit seinem Mund sein. Ich werde euch beibringen, was ihr tun sollt.;You shall speak to him, and put the words in his mouth. I will be with your mouth, and with his mouth, and will teach you what you shall do.
2;2. Mose;2Mo;4;16;2Mo 4,16;„Ich kann nicht gut reden“;Er soll für dich zum Volk reden. Er wird für dich der Mund sein. Und du wirst für ihn wie Gott sein.;He will be your spokesman to the people. It will happen that he will be to you a mouth, and you will be to him as God.
2;2. Mose;2Mo;4;17;2Mo 4,17;„Ich kann nicht gut reden“;Und diesen Stab nimm in deine Hand. Mit ihm sollst du die Zeichen tun.“;You shall take this rod in your hand, with which you shall do the signs.”
2;2. Mose;2Mo;4;18;2Mo 4,18;Mose kehrt nach Ägypten zurück;Mose ging zurück zu seinem Schwiegervater Jitro. Er sagte zu ihm: „Lass mich doch zu meinen Brüdern in Ägypten zurückkehren. Ich will sehen, ob sie noch leben.“ Jitro sagte zu Mose: „Geh in Frieden!“;Moses went and returned to Jethro his father-in-law, and said to him, “Please let me go and return to my brothers who are in Egypt, and see whether they are still alive.” Jethro said to Moses, “Go in peace.”
2;2. Mose;2Mo;4;19;2Mo 4,19;Mose kehrt nach Ägypten zurück;Der HERR sagte zu Mose in Midian: „Geh zurück nach Ägypten. Denn alle Männer, die dich töten wollten, sind tot.“;"Yahweh said to Moses in Midian, “Go, return into Egypt; for all the men who sought your life are dead.”"
2;2. Mose;2Mo;4;20;2Mo 4,20;Mose kehrt nach Ägypten zurück;Da nahm Mose seine Frau und seine Söhne. Er setzte sie auf einen Esel und kehrte ins Land Ägypten zurück. Den Stab Gottes nahm Mose in seine Hand.;Moses took his wife and his sons, and set them on a donkey, and he returned to the land of Egypt. Moses took God’s rod in his hand.
2;2. Mose;2Mo;4;21;2Mo 4,21;Mose kehrt nach Ägypten zurück;Der HERR sagte zu Mose: „Wenn du jetzt nach Ägypten zurückkehrst, dann tu vor dem Pharao alle Wunder, die ich in deine Hand gelegt habe. Aber ich werde sein Herz hart machen. Dann wird er das Volk nicht ziehen lassen.;Yahweh said to Moses, “When you go back into Egypt, see that you do before Pharaoh all the wonders which I have put in your hand, but I will harden his heart and he will not let the people go.
2;2. Mose;2Mo;4;22;2Mo 4,22;Mose kehrt nach Ägypten zurück;Dann sollst du zum Pharao sagen: ‚So spricht der HERR: Israel ist mein Sohn, mein Erstgeborener.;You shall tell Pharaoh, ‘Yahweh says, Israel is my son, my firstborn,
2;2. Mose;2Mo;4;23;2Mo 4,23;Mose kehrt nach Ägypten zurück;Ich habe dir gesagt: Lass meinen Sohn ziehen, damit er mir dienen kann. Aber du hast dich geweigert, ihn ziehen zu lassen. Schau: Darum werde ich deinen Sohn töten, deinen Erstgeborenen.‘“;"and I have said to you, “Let my son go, that he may serve me;” and you have refused to let him go. Behold, I will kill your firstborn son.’”"
2;2. Mose;2Mo;4;24;2Mo 4,24;Eine rätselhafte Nacht;Unterwegs, an einem Rastplatz, trat der HERR Mose entgegen und wollte ihn töten.;On the way at a lodging place, Yahweh met Moses and wanted to kill him.
2;2. Mose;2Mo;4;25;2Mo 4,25;Eine rätselhafte Nacht;Da nahm Zippora einen scharfen Feuerstein. Sie schnitt ihrem Sohn die Vorhaut ab. Damit berührte sie seine Füße und sagte: „Du bist mir ein Blutbräutigam!“;"Then Zipporah took a flint, and cut off the foreskin of her son, and cast it at his feet; and she said, “Surely you are a bridegroom of blood to me.”"
2;2. Mose;2Mo;4;26;2Mo 4,26;Eine rätselhafte Nacht;Da ließ der HERR von ihm ab. Sie sagte damals „Blutbräutigam“ wegen der Beschneidung.;So he let him alone. Then she said, “You are a bridegroom of blood,” because of the circumcision.
2;2. Mose;2Mo;4;27;2Mo 4,27;Mose und Aaron beim Volk;Der HERR sagte zu Aaron: „Geh in die Wüste, Mose entgegen!“ Da ging Aaron los. Er traf Mose am Berg Gottes und küsste ihn.;Yahweh said to Aaron, “Go into the wilderness to meet Moses.” He went, and met him on God’s mountain, and kissed him.
2;2. Mose;2Mo;4;28;2Mo 4,28;Mose und Aaron beim Volk;Mose erzählte Aaron alles, was der HERR ihm aufgetragen hatte, und von allen Zeichen, die er tun sollte.;Moses told Aaron all Yahweh’s words with which he had sent him, and all the signs with which he had instructed him.
2;2. Mose;2Mo;4;29;2Mo 4,29;Mose und Aaron beim Volk;Dann gingen Mose und Aaron los. Sie versammelten alle Ältesten der Israeliten.;Moses and Aaron went and gathered together all the elders of the children of Israel.
2;2. Mose;2Mo;4;30;2Mo 4,30;Mose und Aaron beim Volk;Aaron sagte alles, was der HERR zu Mose gesagt hatte. Und er tat die Zeichen vor den Augen des Volkes.;Aaron spoke all the words which Yahweh had spoken to Moses, and did the signs in the sight of the people.
2;2. Mose;2Mo;4;31;2Mo 4,31;Mose und Aaron beim Volk;Da glaubte das Volk. Sie hörten, dass der HERR sich um die Israeliten gekümmert und dass er ihr Elend gesehen hatte. Da verneigten sie sich und beteten an.;The people believed, and when they heard that Yahweh had visited the children of Israel, and that he had seen their affliction, then they bowed their heads and worshiped.
2;2. Mose;2Mo;5;1;2Mo 5,1;„Lass mein Volk ziehen!“;Danach gingen Mose und Aaron zum Pharao und sagten: „So spricht der HERR, der Gott Israels: ‚Lass mein Volk ziehen, damit es mir in der Wüste ein Fest feiern kann.‘“;Afterward Moses and Aaron came, and said to Pharaoh, “This is what Yahweh, the God of Israel, says, ‘Let my people go, that they may hold a feast to me in the wilderness.’”
2;2. Mose;2Mo;5;2;2Mo 5,2;„Lass mein Volk ziehen!“;Der Pharao antwortete: „Wer ist denn der HERR, dass ich auf ihn hören sollte und Israel ziehen lassen sollte? Ich kenne den HERRN nicht. Und ich lasse Israel auch nicht ziehen.“;Pharaoh said, “Who is Yahweh, that I should listen to his voice to let Israel go? I don’t know Yahweh, and moreover I will not let Israel go.”
2;2. Mose;2Mo;5;3;2Mo 5,3;„Lass mein Volk ziehen!“;Sie sagten: „Der Gott der Hebräer ist uns begegnet. Lass uns doch drei Tagesreisen weit in die Wüste ziehen. Dort wollen wir dem HERRN, unserem Gott, Opfer bringen. Sonst schlägt er uns mit der Pest oder mit dem Schwert.“;They said, “The God of the Hebrews has met with us. Please let us go three days’ journey into the wilderness, and sacrifice to Yahweh, our God, lest he fall on us with pestilence, or with the sword.”
2;2. Mose;2Mo;5;4;2Mo 5,4;„Lass mein Volk ziehen!“;Der König von Ägypten sagte zu ihnen: „Mose und Aaron, warum haltet ihr das Volk von der Arbeit ab? Geht zurück an eure Arbeit!“;The king of Egypt said to them, “Why do you, Moses and Aaron, take the people from their work? Get back to your burdens!”
2;2. Mose;2Mo;5;5;2Mo 5,5;„Lass mein Volk ziehen!“;Und der Pharao sagte: „Schaut, das Volk im Land ist schon so zahlreich. Und ihr wollt, dass sie sich von ihrer Arbeit ausruhen!“;Pharaoh said, “Behold, the people of the land are now many, and you make them rest from their burdens.”
2;2. Mose;2Mo;5;6;2Mo 5,6;Ziegel ohne Stroh;Noch am selben Tag gab der Pharao den Sklaventreibern und den Aufsehern des Volkes einen Befehl:;The same day Pharaoh commanded the taskmasters of the people and their officers, saying,
2;2. Mose;2Mo;5;7;2Mo 5,7;Ziegel ohne Stroh;„Ihr sollt dem Volk kein Stroh mehr geben, um Ziegel zu machen, so wie bisher. Sie sollen selbst gehen und sich Stroh sammeln.;“You shall no longer give the people straw to make brick, as before. Let them go and gather straw for themselves.
2;2. Mose;2Mo;5;8;2Mo 5,8;Ziegel ohne Stroh;Aber sie sollen trotzdem genauso viele Ziegel machen wie bisher. Ihr dürft ihnen nichts davon erlassen. Denn sie sind faul. Darum schreien sie: ‚Wir wollen gehen und unserem Gott Opfer bringen.‘;You shall require from them the number of the bricks which they made before. You shall not diminish anything of it, for they are idle. Therefore they cry, saying, ‘Let’s go and sacrifice to our God.’
2;2. Mose;2Mo;5;9;2Mo 5,9;Ziegel ohne Stroh;Die Arbeit soll für die Männer noch schwerer werden. Sie sollen nur noch mit ihrer Arbeit beschäftigt sein. Dann hören sie nicht mehr auf solche Lügengeschichten.“;Let heavier work be laid on the men, that they may labor in it. Don’t let them pay any attention to lying words.”
2;2. Mose;2Mo;5;10;2Mo 5,10;Ziegel ohne Stroh;Da gingen die Sklaventreiber und die Aufseher des Volkes hinaus. Sie sagten zum Volk: „So spricht der Pharao: ‚Ich gebe euch kein Stroh mehr.;The taskmasters of the people went out with their officers, and they spoke to the people, saying, “This is what Pharaoh says: ‘I will not give you straw.
2;2. Mose;2Mo;5;11;2Mo 5,11;Ziegel ohne Stroh;Geht selbst und holt euch Stroh, wo ihr es findet. Aber eure Arbeit wird um nichts weniger.‘“;Go yourselves, get straw where you can find it, for nothing of your work shall be diminished.’”
2;2. Mose;2Mo;5;12;2Mo 5,12;Ziegel ohne Stroh;Da verteilte sich das Volk über das ganze Land Ägypten. Sie sammelten Stoppeln, um Stroh zu haben.;So the people were scattered abroad throughout all the land of Egypt to gather stubble for straw.
2;2. Mose;2Mo;5;13;2Mo 5,13;Ziegel ohne Stroh;Und die Sklaventreiber trieben sie an: „Schafft jeden Tag eure Arbeit, genauso viel wie damals, als ihr Stroh bekommen habt!“;The taskmasters were urgent saying, “Fulfill your work quota daily, as when there was straw!”
2;2. Mose;2Mo;5;14;2Mo 5,14;Ziegel ohne Stroh;Die Aufseher der Israeliten waren von den Sklaventreibern des Pharao eingesetzt worden. Sie wurden geschlagen. Man fragte sie: „Warum habt ihr gestern und heute nicht so viele Ziegel gemacht wie vorher?“;The officers of the children of Israel, whom Pharaoh’s taskmasters had set over them, were beaten, and were asked, “Why haven’t you fulfilled your quota both yesterday and today, in making brick as before?”
2;2. Mose;2Mo;5;15;2Mo 5,15;Die Klage der Aufseher;Da gingen die Aufseher der Israeliten zum Pharao. Sie klagten ihm laut: „Warum behandelst du deine Diener so?;Then the officers of the children of Israel came and cried to Pharaoh, saying, “Why do you deal this way with your servants?
2;2. Mose;2Mo;5;16;2Mo 5,16;Die Klage der Aufseher;Deine Diener bekommen kein Stroh mehr. Und trotzdem sagt man zu uns: ‚Macht Ziegel!‘ Und schau: Deine Diener werden geschlagen. Aber die Schuld liegt bei deinen eigenen Leuten.“;"No straw is given to your servants, and they tell us, ‘Make brick!’ and behold, your servants are beaten; but the fault is in your own people.”"
2;2. Mose;2Mo;5;17;2Mo 5,17;Die Klage der Aufseher;Der Pharao antwortete: „Faul seid ihr, faul! Darum sagt ihr: ‚Wir wollen gehen und dem HERRN Opfer bringen.‘;But Pharaoh said, “You are idle! You are idle! Therefore you say, ‘Let’s go and sacrifice to Yahweh.’
2;2. Mose;2Mo;5;18;2Mo 5,18;Die Klage der Aufseher;Und jetzt geht und arbeitet! Stroh bekommt ihr keins. Aber ihr müsst genauso viele Ziegel liefern!“;"Go therefore now, and work; for no straw shall be given to you; yet you shall deliver the same number of bricks!”"
2;2. Mose;2Mo;5;19;2Mo 5,19;Die Klage der Aufseher;Da merkten die Aufseher der Israeliten, dass sie in einer schlimmen Lage waren. Denn man hatte gesagt: „Ihr dürft jeden Tag keinen einzigen Ziegel weniger machen!“;The officers of the children of Israel saw that they were in trouble when it was said, “You shall not diminish anything from your daily quota of bricks!”
2;2. Mose;2Mo;5;20;2Mo 5,20;Die Klage der Aufseher;Als sie vom Pharao kamen, trafen sie Mose und Aaron. Die standen am Weg und warteten auf sie.;They met Moses and Aaron, who stood along the way, as they came out from Pharaoh.
2;2. Mose;2Mo;5;21;2Mo 5,21;Die Klage der Aufseher;Sie sagten zu ihnen: „Der HERR soll euch ansehen und richten! Ihr habt uns beim Pharao und bei seinen Beamten verhasst gemacht. Ihr habt ihnen ein Schwert in die Hand gegeben, um uns zu töten!“;They said to them, “May Yahweh look at you and judge, because you have made us a stench to be abhorred in the eyes of Pharaoh, and in the eyes of his servants, to put a sword in their hand to kill us!”
2;2. Mose;2Mo;5;22;2Mo 5,22;Mose klagt Gott an;Da wandte sich Mose wieder an den HERRN und sagte: „Herr, warum hast du diesem Volk Böses angetan? Warum hast du mich überhaupt geschickt?;Moses returned to Yahweh, and said, “Lord, why have you brought trouble on this people? Why is it that you have sent me?
2;2. Mose;2Mo;5;23;2Mo 5,23;Mose klagt Gott an;Seit ich zum Pharao gegangen bin, um in deinem Namen zu reden, behandelt er dieses Volk noch schlimmer. Und du hast dein Volk überhaupt nicht gerettet!“;For since I came to Pharaoh to speak in your name, he has brought trouble on this people. You have not rescued your people at all!”
2;2. Mose;2Mo;6;1;2Mo 6,1;„Ich bin der HERR“;Der HERR sagte zu Mose: „Jetzt wirst du sehen, was ich mit dem Pharao mache. Durch eine starke Hand gezwungen, wird er sie ziehen lassen. Ja, durch eine starke Hand gezwungen, wird er sie sogar aus seinem Land jagen.“;Yahweh said to Moses, “Now you shall see what I will do to Pharaoh, for by a strong hand he shall let them go, and by a strong hand he shall drive them out of his land.”
2;2. Mose;2Mo;6;2;2Mo 6,2;„Ich bin der HERR“;Und Gott redete mit Mose. Er sagte zu ihm: „Ich bin der HERR.;God spoke to Moses, and said to him, “I am Yahweh.
2;2. Mose;2Mo;6;3;2Mo 6,3;„Ich bin der HERR“;Ich bin Abraham, Isaak und Jakob als Gott, der Allmächtige, erschienen. Aber mit meinem Namen ‚der HERR‘ habe ich mich ihnen nicht zu erkennen gegeben.;"I appeared to Abraham, to Isaac, and to Jacob, as God Almighty; but by my name Yahweh I was not known to them."
2;2. Mose;2Mo;6;4;2Mo 6,4;„Ich bin der HERR“;Ich habe auch meinen Bund mit ihnen geschlossen. Ich habe versprochen, ihnen das Land Kanaan zu geben, das Land, in dem sie als Fremde umhergezogen sind.;I have also established my covenant with them, to give them the land of Canaan, the land of their travels, in which they lived as aliens.
2;2. Mose;2Mo;6;5;2Mo 6,5;„Ich bin der HERR“;Und ich habe das Stöhnen der Israeliten gehört, die die Ägypter als Sklaven halten. Und ich habe an meinen Bund gedacht.;Moreover I have heard the groaning of the children of Israel, whom the Egyptians keep in bondage, and I have remembered my covenant.
2;2. Mose;2Mo;6;6;2Mo 6,6;„Ich bin der HERR“;Darum sag zu den Israeliten: ‚Ich bin der HERR. Ich führe euch heraus aus der Zwangsarbeit für die Ägypter. Ich rette euch aus der Sklaverei. Ich befreie euch mit ausgestrecktem Arm und mit gewaltigen Strafgerichten.;Therefore tell the children of Israel, ‘I am Yahweh, and I will bring you out from under the burdens of the Egyptians, and I will rid you out of their bondage, and I will redeem you with an outstretched arm, and with great judgments.
2;2. Mose;2Mo;6;7;2Mo 6,7;„Ich bin der HERR“;Ich nehme euch als mein Volk an. Und ich will euer Gott sein. Dann werdet ihr erkennen, dass ich der HERR bin, euer Gott, der euch aus der Zwangsarbeit für die Ägypter herausführt.;"I will take you to myself for a people. I will be your God; and you shall know that I am Yahweh your God, who brings you out from under the burdens of the Egyptians."
2;2. Mose;2Mo;6;8;2Mo 6,8;„Ich bin der HERR“;Ich bringe euch in das Land, das ich Abraham, Isaak und Jakob mit erhobener Hand versprochen habe. Ich gebe es euch als Besitz. Ich bin der HERR.‘“;"I will bring you into the land which I swore to give to Abraham, to Isaac, and to Jacob; and I will give it to you for a heritage: I am Yahweh.’”"
2;2. Mose;2Mo;6;9;2Mo 6,9;Niemand hört zu;Mose sagte das alles den Israeliten. Aber sie hörten nicht auf Mose. Denn sie waren mutlos und verzweifelt wegen der harten Sklavenarbeit.;Moses spoke so to the children of Israel, but they didn’t listen to Moses for anguish of spirit, and for cruel bondage.
2;2. Mose;2Mo;6;10;2Mo 6,10;Niemand hört zu;Da sagte der HERR zu Mose:;Yahweh spoke to Moses, saying,
2;2. Mose;2Mo;6;11;2Mo 6,11;Niemand hört zu;„Geh hinein und sag zum Pharao, dem König von Ägypten, dass er die Israeliten aus seinem Land ziehen lassen soll.“;“Go in, speak to Pharaoh king of Egypt, that he let the children of Israel go out of his land.”
2;2. Mose;2Mo;6;12;2Mo 6,12;Niemand hört zu;Aber Mose sagte zum HERRN: „Schau, nicht einmal die Israeliten hören auf mich. Wie soll dann der Pharao auf mich hören? Ich kann doch nicht gut reden.“;Moses spoke before Yahweh, saying, “Behold, the children of Israel haven’t listened to me. How then shall Pharaoh listen to me, when I have uncircumcised lips?”
2;2. Mose;2Mo;6;13;2Mo 6,13;Niemand hört zu;Da redete der HERR mit Mose und Aaron. Er gab ihnen den Auftrag für die Israeliten und für den Pharao, den König von Ägypten: Sie sollten die Israeliten aus dem Land Ägypten herausführen.;Yahweh spoke to Moses and to Aaron, and gave them a command to the children of Israel, and to Pharaoh king of Egypt, to bring the children of Israel out of the land of Egypt.
2;2. Mose;2Mo;6;14;2Mo 6,14;Die Familien von Ruben, Simeon und Levi;Das sind die Oberhäupter ihrer Familien: Die Söhne von Ruben, dem Erstgeborenen Israels: Henoch, Pallu, Hezron und Karmi. Das sind die Sippen von Ruben.;"These are the heads of their fathers’ houses. The sons of Reuben the firstborn of Israel: Hanoch, and Pallu, Hezron, and Carmi; these are the families of Reuben."
2;2. Mose;2Mo;6;15;2Mo 6,15;Die Familien von Ruben, Simeon und Levi;Die Söhne von Simeon: Jemuël, Jamin, Ohad, Jachin, Zohar und Schaul, der Sohn einer Kanaaniterin. Das sind die Sippen von Simeon.;"The sons of Simeon: Jemuel, and Jamin, and Ohad, and Jachin, and Zohar, and Shaul the son of a Canaanite woman; these are the families of Simeon."
2;2. Mose;2Mo;6;16;2Mo 6,16;Die Familien von Ruben, Simeon und Levi;Das sind die Namen der Söhne von Levi in der Reihenfolge ihrer Geburt: Gerschon, Kehat und Merari. Levi wurde 137 Jahre alt.;"These are the names of the sons of Levi according to their generations: Gershon, and Kohath, and Merari; and the years of the life of Levi were one hundred thirty-seven years."
2;2. Mose;2Mo;6;17;2Mo 6,17;Die Familien von Ruben, Simeon und Levi;Die Söhne von Gerschon: Libni und Schimi, mit ihren Sippen.;The sons of Gershon: Libni and Shimei, according to their families.
2;2. Mose;2Mo;6;18;2Mo 6,18;Die Familien von Ruben, Simeon und Levi;Die Söhne von Kehat: Amram, Jizhar, Hebron und Usiël. Kehat wurde 133 Jahre alt.;"The sons of Kohath: Amram, and Izhar, and Hebron, and Uzziel; and the years of the life of Kohath were one hundred thirty-three years."
2;2. Mose;2Mo;6;19;2Mo 6,19;Die Familien von Ruben, Simeon und Levi;Die Söhne von Merari: Machli und Muschi. Das sind die Sippen der Leviten in der Reihenfolge ihrer Geburt.;The sons of Merari: Mahli and Mushi. These are the families of the Levites according to their generations.
2;2. Mose;2Mo;6;20;2Mo 6,20;Die Familien von Ruben, Simeon und Levi;Amram heiratete Jochebed, die Schwester seines Vaters. Sie gebar ihm Aaron und Mose. Amram wurde 137 Jahre alt.;"Amram took Jochebed his father’s sister to himself as wife; and she bore him Aaron and Moses. The years of the life of Amram were one hundred thirty-seven years."
2;2. Mose;2Mo;6;21;2Mo 6,21;Die Familien von Ruben, Simeon und Levi;Die Söhne von Jizhar: Korach, Nefeg und Sichri.;The sons of Izhar: Korah, and Nepheg, and Zichri.
2;2. Mose;2Mo;6;22;2Mo 6,22;Die Familien von Ruben, Simeon und Levi;Die Söhne von Usiël: Mischaël, Elizafan und Sitri.;The sons of Uzziel: Mishael, Elzaphan, and Sithri.
2;2. Mose;2Mo;6;23;2Mo 6,23;Die Familien von Ruben, Simeon und Levi;Aaron heiratete Elischeba. Sie war die Tochter von Amminadab und die Schwester von Nachschon. Sie gebar ihm Nadab, Abihu, Eleasar und Itamar.;"Aaron took Elisheba, the daughter of Amminadab, the sister of Nahshon, as his wife; and she bore him Nadab and Abihu, Eleazar and Ithamar."
2;2. Mose;2Mo;6;24;2Mo 6,24;Die Familien von Ruben, Simeon und Levi;Die Söhne von Korach: Assir, Elkana und Abiasaf. Das sind die Sippen der Korachiter.;"The sons of Korah: Assir, Elkanah, and Abiasaph; these are the families of the Korahites."
2;2. Mose;2Mo;6;25;2Mo 6,25;Die Familien von Ruben, Simeon und Levi;Eleasar, der Sohn Aarons, heiratete eine der Töchter von Putiël. Sie gebar ihm Pinhas. Das sind die Oberhäupter der Familien der Leviten nach ihren Sippen.;"Eleazar Aaron’s son took one of the daughters of Putiel as his wife; and she bore him Phinehas. These are the heads of the fathers’ houses of the Levites according to their families."
2;2. Mose;2Mo;6;26;2Mo 6,26;Mose und Aaron;Das sind dieser Aaron und dieser Mose, zu denen der HERR gesagt hat: „Führt die Israeliten aus dem Land Ägypten heraus, geordnet nach ihren Heerscharen.“;These are that Aaron and Moses to whom Yahweh said, “Bring out the children of Israel from the land of Egypt according to their armies.”
2;2. Mose;2Mo;6;27;2Mo 6,27;Mose und Aaron;Sie sind es, die mit dem Pharao, dem König von Ägypten, geredet haben, um die Israeliten aus Ägypten herauszuführen. Das sind dieser Mose und dieser Aaron.;These are those who spoke to Pharaoh king of Egypt, to bring out the children of Israel from Egypt. These are that Moses and Aaron.
2;2. Mose;2Mo;6;28;2Mo 6,28;Mose und Aaron;An dem Tag, als der HERR im Land Ägypten mit Mose redete,;On the day when Yahweh spoke to Moses in the land of Egypt,
2;2. Mose;2Mo;6;29;2Mo 6,29;Mose und Aaron;sagte der HERR zu Mose: „Ich bin der HERR. Sag dem Pharao, dem König von Ägypten, alles, was ich dir sage.“;Yahweh said to Moses, “I am Yahweh. Tell Pharaoh king of Egypt all that I tell you.”
2;2. Mose;2Mo;6;30;2Mo 6,30;Mose und Aaron;Aber Mose sagte zum HERRN: „Schau, ich kann doch nicht gut reden. Wie soll der Pharao da auf mich hören?“;Moses said before Yahweh, “Behold, I am of uncircumcised lips, and how shall Pharaoh listen to me?”
2;2. Mose;2Mo;7;1;2Mo 7,1;Mose und Aaron bekommen ihren Auftrag;Der HERR sagte zu Mose: „Schau: Ich mache dich für den Pharao wie zu einem Gott. Und dein Bruder Aaron soll dein Prophet sein.;"Yahweh said to Moses, “Behold, I have made you as God to Pharaoh; and Aaron your brother shall be your prophet."
2;2. Mose;2Mo;7;2;2Mo 7,2;Mose und Aaron bekommen ihren Auftrag;Du sollst alles sagen, was ich dir befehle. Und dein Bruder Aaron soll es dem Pharao sagen, damit er die Israeliten aus seinem Land ziehen lässt.;"You shall speak all that I command you; and Aaron your brother shall speak to Pharaoh, that he let the children of Israel go out of his land."
2;2. Mose;2Mo;7;3;2Mo 7,3;Mose und Aaron bekommen ihren Auftrag;Aber ich werde das Herz des Pharao hart machen. Und ich werde viele Zeichen und Wunder im Land Ägypten tun.;I will harden Pharaoh’s heart, and multiply my signs and my wonders in the land of Egypt.
2;2. Mose;2Mo;7;4;2Mo 7,4;Mose und Aaron bekommen ihren Auftrag;Der Pharao wird nicht auf euch hören. Darum werde ich meine Hand gegen Ägypten erheben. Ich werde meine Heerscharen, mein Volk, die Israeliten, aus dem Land Ägypten herausführen, mit gewaltigen Strafgerichten.;But Pharaoh will not listen to you, so I will lay my hand on Egypt, and bring out my armies, my people the children of Israel, out of the land of Egypt by great judgments.
2;2. Mose;2Mo;7;5;2Mo 7,5;Mose und Aaron bekommen ihren Auftrag;Dann werden die Ägypter erkennen, dass ich der HERR bin, wenn ich meine Hand gegen Ägypten ausstrecke und die Israeliten aus ihrer Mitte herausführe.“;The Egyptians shall know that I am Yahweh when I stretch out my hand on Egypt, and bring the children of Israel out from among them.”
2;2. Mose;2Mo;7;6;2Mo 7,6;Mose und Aaron bekommen ihren Auftrag;Mose und Aaron machten es so. Sie taten genau, was der HERR ihnen befohlen hatte.;Moses and Aaron did so. As Yahweh commanded them, so they did.
2;2. Mose;2Mo;7;7;2Mo 7,7;Mose und Aaron bekommen ihren Auftrag;Mose war 80 Jahre alt und Aaron 83, als sie mit dem Pharao redeten.;Moses was eighty years old, and Aaron eighty-three years old, when they spoke to Pharaoh.
2;2. Mose;2Mo;7;8;2Mo 7,8;Der Stab wird zur Schlange;Der HERR sagte zu Mose und Aaron:;Yahweh spoke to Moses and to Aaron, saying,
2;2. Mose;2Mo;7;9;2Mo 7,9;Der Stab wird zur Schlange;„Wenn der Pharao zu euch sagt: ‚Tut ein Wunder!‘, dann sag zu Aaron: ‚Nimm deinen Stab und wirf ihn vor dem Pharao hin.‘ Dann wird er zu einer Schlange.“;“When Pharaoh speaks to you, saying, ‘Perform a miracle!’ then you shall tell Aaron, ‘Take your rod, and cast it down before Pharaoh, and it will become a serpent.’”
2;2. Mose;2Mo;7;10;2Mo 7,10;Der Stab wird zur Schlange;Da gingen Mose und Aaron zum Pharao. Sie taten, was der HERR befohlen hatte. Aaron warf seinen Stab vor dem Pharao und seinen Beamten hin. Und der Stab wurde zu einer Schlange.;Moses and Aaron went in to Pharaoh, and they did so, as Yahweh had commanded. Aaron cast down his rod before Pharaoh and before his servants, and it became a serpent.
2;2. Mose;2Mo;7;11;2Mo 7,11;Der Stab wird zur Schlange;Da ließ auch der Pharao seine Weisen und Zauberer rufen. Auch die ägyptischen Wahrsager machten mit ihren Zauberkünsten das Gleiche.;Then Pharaoh also called for the wise men and the sorcerers. They also, the magicians of Egypt, did the same thing with their enchantments.
2;2. Mose;2Mo;7;12;2Mo 7,12;Der Stab wird zur Schlange;Jeder warf seinen Stab hin, und die Stäbe wurden zu Schlangen. Aber Aarons Stab verschlang ihre Stäbe.;"For they each cast down their rods, and they became serpents; but Aaron’s rod swallowed up their rods."
2;2. Mose;2Mo;7;13;2Mo 7,13;Der Stab wird zur Schlange;Doch das Herz des Pharao blieb hart. Er hörte nicht auf sie, so wie der HERR es gesagt hatte.;Pharaoh’s heart was hardened, and he didn’t listen to them, as Yahweh had spoken.
2;2. Mose;2Mo;7;14;2Mo 7,14;Die erste Plage: Das Wasser wird zu Blut;Der HERR sagte zu Mose: „Das Herz des Pharao ist verstockt. Er weigert sich, das Volk ziehen zu lassen.;Yahweh said to Moses, “Pharaoh’s heart is stubborn. He refuses to let the people go.
2;2. Mose;2Mo;7;15;2Mo 7,15;Die erste Plage: Das Wasser wird zu Blut;Geh morgen früh zum Pharao. Schau, er geht dann zum Wasser hinaus. Stell dich ans Ufer des Nils, ihm in den Weg. Nimm den Stab in die Hand, der sich in eine Schlange verwandelt hat.;Go to Pharaoh in the morning. Behold, he is going out to the water. You shall stand by the river’s bank to meet him. You shall take the rod which was turned to a serpent in your hand.
2;2. Mose;2Mo;7;16;2Mo 7,16;Die erste Plage: Das Wasser wird zu Blut;Und sag zu ihm: ‚Der HERR, der Gott der Hebräer, hat mich zu dir geschickt. Er lässt dir sagen: Lass mein Volk ziehen, damit es mir in der Wüste dienen kann. Aber schau: Bis jetzt hast du nicht gehört.;You shall tell him, ‘Yahweh, the God of the Hebrews, has sent me to you, saying, “Let my people go, that they may serve me in the wilderness. Behold, until now you haven’t listened.”
2;2. Mose;2Mo;7;17;2Mo 7,17;Die erste Plage: Das Wasser wird zu Blut;So spricht der HERR: Daran sollst du erkennen, dass ich der HERR bin: Schau, ich schlage mit dem Stab in meiner Hand auf das Wasser im Nil. Dann wird es zu Blut.;Yahweh says, “In this you shall know that I am Yahweh. Behold: I will strike with the rod that is in my hand on the waters which are in the river, and they shall be turned to blood.
2;2. Mose;2Mo;7;18;2Mo 7,18;Die erste Plage: Das Wasser wird zu Blut;Die Fische im Nil werden sterben. Und der Nil wird stinken. Die Ägypter werden sich ekeln, Wasser aus dem Nil zu trinken.‘“;The fish that are in the river will die and the river will become foul. The Egyptians will loathe to drink water from the river.”’”
2;2. Mose;2Mo;7;19;2Mo 7,19;Die erste Plage: Das Wasser wird zu Blut;Und der HERR sagte zu Mose: „Sag zu Aaron: ‚Nimm deinen Stab und streck deine Hand über die Gewässer Ägyptens aus: über ihre Flüsse, ihre Kanäle, ihre Teiche und über alle ihre Wasserstellen. Dann sollen sie zu Blut werden. Im ganzen Land Ägypten soll Blut sein, sogar in den Gefäßen aus Holz und aus Stein.‘“;Yahweh said to Moses, “Tell Aaron, ‘Take your rod, and stretch out your hand over the waters of Egypt, over their rivers, over their streams, and over their pools, and over all their ponds of water, that they may become blood. There will be blood throughout all the land of Egypt, both in vessels of wood and in vessels of stone.’”
2;2. Mose;2Mo;7;20;2Mo 7,20;Die erste Plage: Das Wasser wird zu Blut;Mose und Aaron machten es so, wie der HERR befohlen hatte. Er hob den Stab und schlug auf das Wasser im Nil, vor den Augen des Pharao und seiner Beamten. Da wurde alles Wasser im Nil zu Blut.;"Moses and Aaron did so, as Yahweh commanded; and he lifted up the rod, and struck the waters that were in the river, in the sight of Pharaoh, and in the sight of his servants; and all the waters that were in the river were turned to blood."
2;2. Mose;2Mo;7;21;2Mo 7,21;Die erste Plage: Das Wasser wird zu Blut;Die Fische im Nil starben. Der Nil stank. Die Ägypter konnten kein Wasser mehr aus dem Nil trinken. Im ganzen Land Ägypten war Blut.;The fish that were in the river died. The river became foul. The Egyptians couldn’t drink water from the river. The blood was throughout all the land of Egypt.
2;2. Mose;2Mo;7;22;2Mo 7,22;Die erste Plage: Das Wasser wird zu Blut;Aber die ägyptischen Wahrsager machten mit ihren Zauberkünsten das Gleiche. Darum blieb das Herz des Pharao hart. Er hörte nicht auf sie, so wie der HERR es gesagt hatte.;The magicians of Egypt did the same thing with their enchantments. So Pharaoh’s heart was hardened, and he didn’t listen to them, as Yahweh had spoken.
2;2. Mose;2Mo;7;23;2Mo 7,23;Die erste Plage: Das Wasser wird zu Blut;Der Pharao drehte sich um und ging in seinen Palast. Er nahm sich auch das nicht zu Herzen.;Pharaoh turned and went into his house, and he didn’t even take this to heart.
2;2. Mose;2Mo;7;24;2Mo 7,24;Die erste Plage: Das Wasser wird zu Blut;Alle Ägypter gruben rund um den Nil nach Trinkwasser. Denn sie konnten das Wasser aus dem Nil nicht trinken.;"All the Egyptians dug around the river for water to drink; for they couldn’t drink the river water."
2;2. Mose;2Mo;7;25;2Mo 7,25;Die erste Plage: Das Wasser wird zu Blut;So vergingen sieben Tage, nachdem der HERR den Nil geschlagen hatte.;Seven days were fulfilled, after Yahweh had struck the river.
2;2. Mose;2Mo;8;1;2Mo 8,1;Die zweite Plage: Frösche;Der HERR sagte zu Mose: „Geh zum Pharao und sag zu ihm: ‚So spricht der HERR: Lass mein Volk ziehen, damit es mir dienen kann.;Yahweh spoke to Moses, “Go in to Pharaoh, and tell him, ‘This is what Yahweh says, “Let my people go, that they may serve me.
2;2. Mose;2Mo;8;2;2Mo 8,2;Die zweite Plage: Frösche;Wenn du dich weigerst, sie ziehen zu lassen, dann schau: Ich werde dein ganzes Land mit Fröschen plagen.;If you refuse to let them go, behold, I will plague all your borders with frogs.
2;2. Mose;2Mo;8;3;2Mo 8,3;Die zweite Plage: Frösche;Im Nil wird es von Fröschen wimmeln. Sie werden herauskommen und in deinen Palast kommen, in dein Schlafzimmer und auf dein Bett, in die Häuser deiner Beamten und zu deinem Volk, in deine Backöfen und in deine Backtröge.;The river will swarm with frogs, which will go up and come into your house, and into your bedroom, and on your bed, and into the house of your servants, and on your people, and into your ovens, and into your kneading troughs.
2;2. Mose;2Mo;8;4;2Mo 8,4;Die zweite Plage: Frösche;Die Frösche werden auf dich springen, auf dein Volk und auf alle deine Beamten.‘“;The frogs shall come up both on you, and on your people, and on all your servants.”’”
2;2. Mose;2Mo;8;5;2Mo 8,5;Die zweite Plage: Frösche;Der HERR sagte zu Mose: „Sag zu Aaron: ‚Streck deine Hand mit deinem Stab aus über die Flüsse, die Kanäle und die Teiche. Lass Frösche über das Land Ägypten kommen.‘“;Yahweh said to Moses, “Tell Aaron, ‘Stretch out your hand with your rod over the rivers, over the streams, and over the pools, and cause frogs to come up on the land of Egypt.’”
2;2. Mose;2Mo;8;6;2Mo 8,6;Die zweite Plage: Frösche;Da streckte Aaron seine Hand über die Gewässer Ägyptens aus. Und die Frösche kamen heraus und bedeckten das Land Ägypten.;"Aaron stretched out his hand over the waters of Egypt; and the frogs came up, and covered the land of Egypt."
2;2. Mose;2Mo;8;7;2Mo 8,7;Die zweite Plage: Frösche;Aber die Wahrsager machten mit ihren Zauberkünsten das Gleiche. Auch sie ließen Frösche über das Land Ägypten kommen.;The magicians did the same thing with their enchantments, and brought up frogs on the land of Egypt.
2;2. Mose;2Mo;8;8;2Mo 8,8;Die zweite Plage: Frösche;Da ließ der Pharao Mose und Aaron rufen. Er sagte: „Betet zum HERRN, dass er die Frösche von mir und meinem Volk wegnimmt. Dann will ich das Volk ziehen lassen, damit es dem HERRN Opfer bringen kann.“;"Then Pharaoh called for Moses and Aaron, and said, “Entreat Yahweh, that he take away the frogs from me and from my people; and I will let the people go, that they may sacrifice to Yahweh.”"
2;2. Mose;2Mo;8;9;2Mo 8,9;Die zweite Plage: Frösche;Mose sagte zum Pharao: „Du darfst bestimmen, wann ich für dich, deine Beamten und dein Volk beten soll, damit die Frösche von dir und aus deinen Häusern verschwinden und nur noch im Nil bleiben.“;Moses said to Pharaoh, “I give you the honor of setting the time that I should pray for you, and for your servants, and for your people, that the frogs be destroyed from you and your houses, and remain in the river only.”
2;2. Mose;2Mo;8;10;2Mo 8,10;Die zweite Plage: Frösche;Der Pharao sagte: „Morgen.“ Mose sagte: „Es soll so geschehen, wie du sagst. Dann wirst du erkennen, dass niemand ist wie der HERR, unser Gott.;Pharaoh said, “Tomorrow.” Moses said, “Let it be according to your word, that you may know that there is no one like Yahweh our God.
2;2. Mose;2Mo;8;11;2Mo 8,11;Die zweite Plage: Frösche;Die Frösche werden von dir weichen, aus deinen Häusern, von deinen Beamten und von deinem Volk. Nur im Nil werden sie bleiben.“;The frogs shall depart from you, and from your houses, and from your servants, and from your people. They shall remain in the river only.”
2;2. Mose;2Mo;8;12;2Mo 8,12;Die zweite Plage: Frösche;Dann gingen Mose und Aaron vom Pharao weg. Und Mose schrie zum HERRN wegen der Frösche, die er über den Pharao gebracht hatte.;Moses and Aaron went out from Pharaoh, and Moses cried to Yahweh concerning the frogs which he had brought on Pharaoh.
2;2. Mose;2Mo;8;13;2Mo 8,13;Die zweite Plage: Frösche;Der HERR tat, worum Mose gebeten hatte. Die Frösche starben in den Häusern, in den Höfen und auf den Feldern.;Yahweh did according to the word of Moses, and the frogs died out of the houses, out of the courts, and out of the fields.
2;2. Mose;2Mo;8;14;2Mo 8,14;Die zweite Plage: Frösche;Man schüttete sie auf große Haufen. Und das ganze Land stank.;They gathered them together in heaps, and the land stank.
2;2. Mose;2Mo;8;15;2Mo 8,15;Die zweite Plage: Frösche;Aber als der Pharao sah, dass er wieder Luft hatte, machte er sein Herz hart. Er hörte nicht auf sie, so wie der HERR es gesagt hatte.;But when Pharaoh saw that there was a respite, he hardened his heart, and didn’t listen to them, as Yahweh had spoken.
2;2. Mose;2Mo;8;16;2Mo 8,16;Die dritte Plage: Läuse;Der HERR sagte zu Mose: „Sag zu Aaron: ‚Streck deinen Stab aus und schlag auf den Staub der Erde. Dann wird er im ganzen Land Ägypten zu Läusen.‘“;Yahweh said to Moses, “Tell Aaron, ‘Stretch out your rod, and strike the dust of the earth, that it may become lice throughout all the land of Egypt.’”
2;2. Mose;2Mo;8;17;2Mo 8,17;Die dritte Plage: Läuse;Sie machten es so. Aaron streckte seine Hand mit dem Stab aus und schlug auf den Staub der Erde. Da kamen Läuse über Menschen und Tiere. Aller Staub der Erde wurde im ganzen Land Ägypten zu Läusen.;"They did so; and Aaron stretched out his hand with his rod, and struck the dust of the earth, and there were lice on man, and on animal; all the dust of the earth became lice throughout all the land of Egypt."
2;2. Mose;2Mo;8;18;2Mo 8,18;Die dritte Plage: Läuse;Die Wahrsager versuchten mit ihren Zauberkünsten auch, Läuse hervorzubringen. Aber sie konnten es nicht. Und die Läuse waren auf Menschen und Tieren.;The magicians tried with their enchantments to produce lice, but they couldn’t. There were lice on man, and on animal.
2;2. Mose;2Mo;8;19;2Mo 8,19;Die dritte Plage: Läuse;Da sagten die Wahrsager zum Pharao: „Das ist der Finger Gottes!“ Aber das Herz des Pharao blieb hart. Er hörte nicht auf sie, so wie der HERR es gesagt hatte.;"Then the magicians said to Pharaoh, “This is God’s finger;” but Pharaoh’s heart was hardened, and he didn’t listen to them, as Yahweh had spoken."
2;2. Mose;2Mo;8;20;2Mo 8,20;Die vierte Plage: Fliegen;Der HERR sagte zu Mose: „Steh morgen früh auf und stell dich vor den Pharao. Schau, er geht dann zum Wasser hinaus. Sag zu ihm: ‚So spricht der HERR: Lass mein Volk ziehen, damit es mir dienen kann.;"Yahweh said to Moses, “Rise up early in the morning, and stand before Pharaoh; behold, he comes out to the water; and tell him, ‘This is what Yahweh says, “Let my people go, that they may serve me."
2;2. Mose;2Mo;8;21;2Mo 8,21;Die vierte Plage: Fliegen;Wenn du mein Volk nicht ziehen lässt, dann schau: Ich schicke Schwärme von Fliegen über dich, deine Beamten und dein Volk und in deine Häuser. Die Häuser der Ägypter werden voller Fliegenschwärme sein, und auch der Boden, auf dem sie stehen.;Else, if you will not let my people go, behold, I will send swarms of flies on you, and on your servants, and on your people, and into your houses. The houses of the Egyptians shall be full of swarms of flies, and also the ground they are on.
2;2. Mose;2Mo;8;22;2Mo 8,22;Die vierte Plage: Fliegen;Aber an diesem Tag nehme ich das Gebiet Goschen aus, in dem mein Volk wohnt. Dort wird es keine Fliegenschwärme geben. Daran sollst du erkennen, dass ich, der HERR, mitten in diesem Land bin.;I will set apart in that day the land of Goshen, in which my people dwell, that no swarms of flies shall be there, to the end you may know that I am Yahweh on the earth.
2;2. Mose;2Mo;8;23;2Mo 8,23;Die vierte Plage: Fliegen;Ich mache einen Unterschied zwischen meinem Volk und deinem Volk. Morgen wird dieses Zeichen geschehen.‘“;I will put a division between my people and your people. This sign shall happen by tomorrow.”’”
2;2. Mose;2Mo;8;24;2Mo 8,24;Die vierte Plage: Fliegen;Der HERR tat es. Riesige Fliegenschwärme kamen in den Palast des Pharao und in die Häuser seiner Beamten. Im ganzen Land Ägypten wurde das Land durch die Fliegenschwärme verwüstet.;"Yahweh did so; and there came grievous swarms of flies into the house of Pharaoh, and into his servants’ houses. In all the land of Egypt the land was corrupted by reason of the swarms of flies."
2;2. Mose;2Mo;8;25;2Mo 8,25;Die vierte Plage: Fliegen;Da ließ der Pharao Mose und Aaron rufen. Er sagte: „Geht und bringt eurem Gott Opfer – aber hier im Land!“;Pharaoh called for Moses and for Aaron, and said, “Go, sacrifice to your God in the land!”
2;2. Mose;2Mo;8;26;2Mo 8,26;Die vierte Plage: Fliegen;Mose sagte: „Das geht nicht. Denn was wir dem HERRN, unserem Gott, opfern, das ist den Ägyptern ein Gräuel. Schau, wenn wir vor ihren Augen opfern, was den Ägyptern ein Gräuel ist, werden sie uns dann nicht steinigen?;"Moses said, “It isn’t appropriate to do so; for we shall sacrifice the abomination of the Egyptians to Yahweh our God. Behold, if we sacrifice the abomination of the Egyptians before their eyes, won’t they stone us?"
2;2. Mose;2Mo;8;27;2Mo 8,27;Die vierte Plage: Fliegen;Wir wollen drei Tagesreisen weit in die Wüste ziehen. Dort wollen wir dem HERRN, unserem Gott, opfern, so wie er es uns sagen wird.“;We will go three days’ journey into the wilderness, and sacrifice to Yahweh our God, as he shall command us.”
2;2. Mose;2Mo;8;28;2Mo 8,28;Die vierte Plage: Fliegen;Der Pharao sagte: „Ich lasse euch ziehen, damit ihr dem HERRN, eurem Gott, in der Wüste opfern könnt. Nur zieht nicht zu weit weg. Betet auch für mich!“;Pharaoh said, “I will let you go, that you may sacrifice to Yahweh your God in the wilderness, only you shall not go very far away. Pray for me.”
2;2. Mose;2Mo;8;29;2Mo 8,29;Die vierte Plage: Fliegen;Mose sagte: „Schau, ich gehe jetzt von dir weg und bete zum HERRN. Morgen werden die Fliegenschwärme vom Pharao, von seinen Beamten und von seinem Volk weichen. Nur soll der Pharao uns nicht wieder betrügen und das Volk doch nicht ziehen lassen, um dem HERRN zu opfern.“;"Moses said, “Behold, I am going out from you. I will pray to Yahweh that the swarms of flies may depart from Pharaoh, from his servants, and from his people, tomorrow; only don’t let Pharaoh deal deceitfully any more in not letting the people go to sacrifice to Yahweh.”"
2;2. Mose;2Mo;8;30;2Mo 8,30;Die vierte Plage: Fliegen;Dann ging Mose vom Pharao weg und betete zum HERRN.;Moses went out from Pharaoh, and prayed to Yahweh.
2;2. Mose;2Mo;8;31;2Mo 8,31;Die vierte Plage: Fliegen;Und der HERR tat, worum Mose gebeten hatte. Er nahm die Fliegenschwärme vom Pharao, von seinen Beamten und von seinem Volk weg. Nicht eine einzige Fliege blieb übrig.;Yahweh did according to the word of Moses, and he removed the swarms of flies from Pharaoh, from his servants, and from his people. There remained not one.
2;2. Mose;2Mo;8;32;2Mo 8,32;Die vierte Plage: Fliegen;Aber der Pharao machte sein Herz auch diesmal hart. Er ließ das Volk nicht ziehen.;Pharaoh hardened his heart this time also, and he didn’t let the people go.
2;2. Mose;2Mo;9;1;2Mo 9,1;Die fünfte Plage: Das Vieh stirbt;Dann sagte der HERR zu Mose: „Geh zum Pharao und sag zu ihm: ‚So spricht der HERR, der Gott der Hebräer: Lass mein Volk ziehen, damit es mir dienen kann.;Then Yahweh said to Moses, “Go in to Pharaoh, and tell him, ‘This is what Yahweh, the God of the Hebrews, says: “Let my people go, that they may serve me.
2;2. Mose;2Mo;9;2;2Mo 9,2;Die fünfte Plage: Das Vieh stirbt;Wenn du dich weigerst, sie ziehen zu lassen, und sie weiter festhältst,;For if you refuse to let them go, and hold them still,
2;2. Mose;2Mo;9;3;2Mo 9,3;Die fünfte Plage: Das Vieh stirbt;dann schau: Die Hand des HERRN wird über dein Vieh auf dem Feld kommen, über die Pferde, die Esel, die Kamele, die Rinder, die Schafe und Ziegen. Eine sehr schwere Seuche wird kommen.;behold, Yahweh’s hand is on your livestock which are in the field, on the horses, on the donkeys, on the camels, on the herds, and on the flocks with a very grievous pestilence.
2;2. Mose;2Mo;9;4;2Mo 9,4;Die fünfte Plage: Das Vieh stirbt;Aber der HERR wird einen Unterschied machen zwischen dem Vieh Israels und dem Vieh Ägyptens. Von allem, was den Israeliten gehört, wird kein einziges Tier sterben.‘“;"Yahweh will make a distinction between the livestock of Israel and the livestock of Egypt; and nothing shall die of all that belongs to the children of Israel.”’”"
2;2. Mose;2Mo;9;5;2Mo 9,5;Die fünfte Plage: Das Vieh stirbt;Der HERR setzte eine feste Zeit fest. Er sagte: „Morgen wird der HERR das im Land tun.“;Yahweh appointed a set time, saying, “Tomorrow Yahweh shall do this thing in the land.”
2;2. Mose;2Mo;9;6;2Mo 9,6;Die fünfte Plage: Das Vieh stirbt;Und am nächsten Tag tat der HERR es. Alles Vieh der Ägypter starb. Aber vom Vieh der Israeliten starb kein einziges Tier.;"Yahweh did that thing on the next day; and all the livestock of Egypt died, but of the livestock of the children of Israel, not one died."
2;2. Mose;2Mo;9;7;2Mo 9,7;Die fünfte Plage: Das Vieh stirbt;Der Pharao schickte Leute hin, um nachzusehen. Und schau: Vom Vieh der Israeliten war nicht ein einziges Tier gestorben. Aber das Herz des Pharao blieb verstockt. Er ließ das Volk nicht ziehen.;Pharaoh sent, and, behold, there was not so much as one of the livestock of the Israelites dead. But the heart of Pharaoh was stubborn, and he didn’t let the people go.
2;2. Mose;2Mo;9;8;2Mo 9,8;Die sechste Plage: Geschwüre;Der HERR sagte zu Mose und Aaron: „Nehmt euch beide Hände voll Asche aus einem Brennofen. Mose soll ihn vor den Augen des Pharao in die Luft werfen.;Yahweh said to Moses and to Aaron, “Take handfuls of ashes of the furnace, and let Moses sprinkle it toward the sky in the sight of Pharaoh.
2;2. Mose;2Mo;9;9;2Mo 9,9;Die sechste Plage: Geschwüre;Dann wird er zu feinem Staub über dem ganzen Land Ägypten. Und er wird an Menschen und Tieren zu Geschwüren werden, die aufbrechen und Blasen bilden, im ganzen Land Ägypten.“;It shall become small dust over all the land of Egypt, and shall be boils and blisters breaking out on man and on animal, throughout all the land of Egypt.”
2;2. Mose;2Mo;9;10;2Mo 9,10;Die sechste Plage: Geschwüre;Da nahmen sie Asche aus einem Brennofen und stellten sich vor den Pharao. Mose warf ihn in die Luft. Da bekamen Menschen und Tiere Geschwüre, die aufbrachen und Blasen bildeten.;"They took ashes of the furnace, and stood before Pharaoh; and Moses sprinkled it up toward the sky; and it became boils and blisters breaking out on man and on animal."
2;2. Mose;2Mo;9;11;2Mo 9,11;Die sechste Plage: Geschwüre;Die Wahrsager konnten nicht mehr vor Mose treten, wegen der Geschwüre. Denn die Wahrsager hatten die Geschwüre genauso wie alle Ägypter.;"The magicians couldn’t stand before Moses because of the boils; for the boils were on the magicians and on all the Egyptians."
2;2. Mose;2Mo;9;12;2Mo 9,12;Die sechste Plage: Geschwüre;Aber der HERR machte das Herz des Pharao hart. Er hörte nicht auf sie, so wie der HERR es Mose gesagt hatte.;Yahweh hardened the heart of Pharaoh, and he didn’t listen to them, as Yahweh had spoken to Moses.
2;2. Mose;2Mo;9;13;2Mo 9,13;Die siebte Plage: Hagel;Der HERR sagte zu Mose: „Steh morgen früh auf, stell dich vor den Pharao und sag zu ihm: ‚So spricht der HERR, der Gott der Hebräer: Lass mein Volk ziehen, damit es mir dienen kann.;Yahweh said to Moses, “Rise up early in the morning, and stand before Pharaoh, and tell him, ‘This is what Yahweh, the God of the Hebrews, says: “Let my people go, that they may serve me.
2;2. Mose;2Mo;9;14;2Mo 9,14;Die siebte Plage: Hagel;Denn diesmal schicke ich alle meine Plagen gegen dich selbst, gegen deine Beamten und gegen dein Volk. Daran sollst du erkennen, dass niemand auf der ganzen Erde so ist wie ich.;"For this time I will send all my plagues against your heart, against your officials, and against your people; that you may know that there is no one like me in all the earth."
2;2. Mose;2Mo;9;15;2Mo 9,15;Die siebte Plage: Hagel;Ich hätte meine Hand schon ausstrecken und dich und dein Volk mit der Pest schlagen können. Dann wärst du von der Erde verschwunden.;"For now I would have stretched out my hand, and struck you and your people with pestilence, and you would have been cut off from the earth;"
2;2. Mose;2Mo;9;16;2Mo 9,16;Die siebte Plage: Hagel;Aber gerade dazu habe ich dich am Leben gelassen: um dir meine Macht zu zeigen und damit mein Name auf der ganzen Erde bekannt wird.;but indeed for this cause I have made you stand: to show you my power, and that my name may be declared throughout all the earth,
2;2. Mose;2Mo;9;17;2Mo 9,17;Die siebte Plage: Hagel;Du stellst dich immer noch hochmütig gegen mein Volk und lässt es nicht ziehen.;because you still exalt yourself against my people, that you won’t let them go.
2;2. Mose;2Mo;9;18;2Mo 9,18;Die siebte Plage: Hagel;Schau: Morgen um diese Zeit lasse ich einen sehr schweren Hagel fallen. So einen Hagel hat es in Ägypten noch nie gegeben, seit es Ägypten gibt.;Behold, tomorrow about this time I will cause it to rain a very grievous hail, such as has not been in Egypt since the day it was founded even until now.
2;2. Mose;2Mo;9;19;2Mo 9,19;Die siebte Plage: Hagel;Darum schick jetzt Leute hin. Bring dein Vieh und alles, was du auf dem Feld hast, in Sicherheit. Auf alle Menschen und Tiere, die auf dem Feld sind und nicht ins Haus gebracht werden, wird der Hagel fallen. Und sie werden sterben.‘“;Now therefore command that all of your livestock and all that you have in the field be brought into shelter. The hail will come down on every man and animal that is found in the field, and isn’t brought home, and they will die.”’”
2;2. Mose;2Mo;9;20;2Mo 9,20;Die siebte Plage: Hagel;Wer unter den Beamten des Pharao Ehrfurcht vor dem Wort des HERRN hatte, der brachte seine Knechte und sein Vieh schnell in die Häuser.;Those who feared Yahweh’s word among the servants of Pharaoh made their servants and their livestock flee into the houses.
2;2. Mose;2Mo;9;21;2Mo 9,21;Die siebte Plage: Hagel;Wer aber das Wort des HERRN nicht ernst nahm, der ließ seine Knechte und sein Vieh auf dem Feld.;Whoever didn’t respect Yahweh’s word left his servants and his livestock in the field.
2;2. Mose;2Mo;9;22;2Mo 9,22;Die siebte Plage: Hagel;Der HERR sagte zu Mose: „Streck deine Hand zum Himmel aus. Dann wird im ganzen Land Ägypten Hagel fallen, auf Menschen und Tiere und auf alle Pflanzen auf dem Feld, im ganzen Land Ägypten.“;Yahweh said to Moses, “Stretch out your hand toward the sky, that there may be hail in all the land of Egypt, on man, and on animal, and on every herb of the field, throughout the land of Egypt.”
2;2. Mose;2Mo;9;23;2Mo 9,23;Die siebte Plage: Hagel;Da streckte Mose seinen Stab zum Himmel aus. Und der HERR ließ es donnern und hageln. Blitze zuckten zur Erde. Der HERR ließ Hagel auf das Land Ägypten regnen.;"Moses stretched out his rod toward the heavens, and Yahweh sent thunder and hail; and lightning flashed down to the earth. Yahweh rained hail on the land of Egypt."
2;2. Mose;2Mo;9;24;2Mo 9,24;Die siebte Plage: Hagel;Es war ein sehr schwerer Hagel, und mitten im Hagel zuckten Blitze. So etwas hatte es im ganzen Land Ägypten noch nie gegeben, seit es ein Volk war.;So there was very severe hail, and lightning mixed with the hail, such as had not been in all the land of Egypt since it became a nation.
2;2. Mose;2Mo;9;25;2Mo 9,25;Die siebte Plage: Hagel;Der Hagel schlug im ganzen Land Ägypten alles nieder, was auf dem Feld war, Menschen und Tiere. Der Hagel schlug alle Pflanzen auf dem Feld nieder. Und er zerbrach alle Bäume auf dem Feld.;"The hail struck throughout all the land of Egypt all that was in the field, both man and animal; and the hail struck every herb of the field, and broke every tree of the field."
2;2. Mose;2Mo;9;26;2Mo 9,26;Die siebte Plage: Hagel;Nur im Gebiet Goschen, wo die Israeliten wohnten, hagelte es nicht.;Only in the land of Goshen, where the children of Israel were, there was no hail.
2;2. Mose;2Mo;9;27;2Mo 9,27;Die siebte Plage: Hagel;Da ließ der Pharao Mose und Aaron rufen. Er sagte zu ihnen: „Diesmal habe ich gesündigt. Der HERR ist im Recht. Ich und mein Volk, wir sind im Unrecht.;Pharaoh sent and called for Moses and Aaron, and said to them, “I have sinned this time. Yahweh is righteous, and I and my people are wicked.
2;2. Mose;2Mo;9;28;2Mo 9,28;Die siebte Plage: Hagel;Betet zum HERRN! Es ist genug mit dem Donner Gottes und dem Hagel. Ich will euch ziehen lassen. Ihr müsst nicht länger bleiben.“;"Pray to Yahweh; for there has been enough of mighty thunderings and hail. I will let you go, and you shall stay no longer.”"
2;2. Mose;2Mo;9;29;2Mo 9,29;Die siebte Plage: Hagel;Mose sagte zu ihm: „Sobald ich aus der Stadt hinausgegangen bin, will ich meine Hände zum HERRN ausbreiten. Dann wird der Donner aufhören, und es wird nicht mehr hageln. Daran sollst du erkennen, dass die Erde dem HERRN gehört.;"Moses said to him, “As soon as I have gone out of the city, I will spread out my hands to Yahweh. The thunders shall cease, and there will not be any more hail; that you may know that the earth is Yahweh’s."
2;2. Mose;2Mo;9;30;2Mo 9,30;Die siebte Plage: Hagel;Aber ich weiß: Du und deine Beamten, ihr habt noch keine Ehrfurcht vor Gott, dem HERRN.“;But as for you and your servants, I know that you don’t yet fear Yahweh God.”
2;2. Mose;2Mo;9;31;2Mo 9,31;Die siebte Plage: Hagel;Der Flachs und die Gerste waren zerschlagen. Denn die Gerste hatte schon Ähren, und der Flachs blühte.;The flax and the barley were struck, for the barley had ripened and the flax was blooming.
2;2. Mose;2Mo;9;32;2Mo 9,32;Die siebte Plage: Hagel;Aber der Weizen und der Dinkel waren nicht zerschlagen. Denn sie wachsen später.;But the wheat and the spelt were not struck, for they had not grown up.
2;2. Mose;2Mo;9;33;2Mo 9,33;Die siebte Plage: Hagel;Mose ging vom Pharao weg aus der Stadt hinaus. Er breitete seine Hände zum HERRN aus. Da hörten der Donner und der Hagel auf. Und der Regen strömte nicht mehr auf die Erde.;"Moses went out of the city from Pharaoh, and spread out his hands to Yahweh; and the thunders and hail ceased, and the rain was not poured on the earth."
2;2. Mose;2Mo;9;34;2Mo 9,34;Die siebte Plage: Hagel;Als der Pharao sah, dass Regen, Hagel und Donner aufgehört hatten, sündigte er weiter. Er und seine Beamten machten ihre Herzen hart.;When Pharaoh saw that the rain and the hail and the thunders had ceased, he sinned yet more, and hardened his heart, he and his servants.
2;2. Mose;2Mo;9;35;2Mo 9,35;Die siebte Plage: Hagel;Das Herz des Pharao blieb hart. Er ließ die Israeliten nicht ziehen, so wie der HERR es durch Mose gesagt hatte.;The heart of Pharaoh was hardened, and he didn’t let the children of Israel go, just as Yahweh had spoken through Moses.
2;2. Mose;2Mo;10;1;2Mo 10,1;Warnung vor den Heuschrecken;Der HERR sagte zu Mose: „Geh zum Pharao. Denn ich habe sein Herz und das Herz seiner Beamten hart gemacht, damit ich diese meine Zeichen mitten unter ihnen tun kann.;"Yahweh said to Moses, “Go in to Pharaoh, for I have hardened his heart and the heart of his servants, that I may show these my signs among them;"
2;2. Mose;2Mo;10;2;2Mo 10,2;Warnung vor den Heuschrecken;Und damit du deinen Kindern und Enkeln erzählen kannst, was ich mit den Ägyptern gemacht habe und welche Zeichen ich unter ihnen getan habe. Dann werdet ihr erkennen, dass ich der HERR bin.“;"and that you may tell in the hearing of your son, and of your son’s son, what things I have done to Egypt, and my signs which I have done among them; that you may know that I am Yahweh.”"
2;2. Mose;2Mo;10;3;2Mo 10,3;Warnung vor den Heuschrecken;Da gingen Mose und Aaron zum Pharao und sagten zu ihm: „So spricht der HERR, der Gott der Hebräer: ‚Wie lange willst du dich noch weigern, dich vor mir zu beugen? Lass mein Volk ziehen, damit es mir dienen kann.;Moses and Aaron went in to Pharaoh, and said to him, “This is what Yahweh, the God of the Hebrews, says: ‘How long will you refuse to humble yourself before me? Let my people go, that they may serve me.
2;2. Mose;2Mo;10;4;2Mo 10,4;Warnung vor den Heuschrecken;Wenn du dich weigerst, mein Volk ziehen zu lassen, dann schau: Morgen bringe ich Heuschrecken in dein Land.;Or else, if you refuse to let my people go, behold, tomorrow I will bring locusts into your country,
2;2. Mose;2Mo;10;5;2Mo 10,5;Warnung vor den Heuschrecken;Sie werden den ganzen Erdboden bedecken, so dass man den Boden nicht mehr sehen kann. Sie werden auffressen, was euch vom Hagel noch übrig geblieben ist. Und sie werden jeden Baum abfressen, der bei euch auf dem Feld wächst.;and they shall cover the surface of the earth, so that one won’t be able to see the earth. They shall eat the residue of that which has escaped, which remains to you from the hail, and shall eat every tree which grows for you out of the field.
2;2. Mose;2Mo;10;6;2Mo 10,6;Warnung vor den Heuschrecken;Deine Häuser werden voll davon sein, und die Häuser all deiner Beamten und aller Ägypter. So etwas haben weder deine Väter noch deine Großväter gesehen, seit sie auf der Erde leben, bis heute.‘“ Dann drehte Mose sich um und ging vom Pharao weg.;Your houses shall be filled, and the houses of all your servants, and the houses of all the Egyptians, as neither your fathers nor your fathers’ fathers have seen, since the day that they were on the earth to this day.’” He turned, and went out from Pharaoh.
2;2. Mose;2Mo;10;7;2Mo 10,7;Die Beamten werden ungeduldig;Da sagten die Beamten des Pharao zu ihm: „Wie lange soll dieser Mann uns noch ins Unglück stürzen? Lass die Männer ziehen, damit sie dem HERRN, ihrem Gott, dienen können. Merkst du denn immer noch nicht, dass Ägypten zugrunde geht?“;Pharaoh’s servants said to him, “How long will this man be a snare to us? Let the men go, that they may serve Yahweh, their God. Don’t you yet know that Egypt is destroyed?”
2;2. Mose;2Mo;10;8;2Mo 10,8;Die Beamten werden ungeduldig;Da holte man Mose und Aaron wieder zum Pharao. Er sagte zu ihnen: „Geht, dient dem HERRN, eurem Gott. Aber wer genau soll denn mitgehen?“;"Moses and Aaron were brought again to Pharaoh, and he said to them, “Go, serve Yahweh your God; but who are those who will go?”"
2;2. Mose;2Mo;10;9;2Mo 10,9;Die Beamten werden ungeduldig;Mose sagte: „Wir gehen mit unseren Jungen und unseren Alten. Wir gehen mit unseren Söhnen und unseren Töchtern, mit unseren Schafen und Ziegen und mit unseren Rindern. Denn wir müssen ein Fest für den HERRN feiern.“;"Moses said, “We will go with our young and with our old. We will go with our sons and with our daughters, with our flocks and with our herds; for we must hold a feast to Yahweh.”"
2;2. Mose;2Mo;10;10;2Mo 10,10;Die Beamten werden ungeduldig;Der Pharao sagte zu ihnen: „Der HERR soll mit euch sein, wenn ich euch mit euren Kindern ziehen lasse! Seht ihr nicht? Ihr habt Böses vor!;He said to them, “Yahweh be with you if I let you go with your little ones! See, evil is clearly before your faces.
2;2. Mose;2Mo;10;11;2Mo 10,11;Die Beamten werden ungeduldig;Nein, so nicht! Geht ihr Männer und dient dem HERRN. Das wolltet ihr ja.“ Und man jagte sie vom Pharao weg.;"Not so! Go now you who are men, and serve Yahweh; for that is what you desire!” Then they were driven out from Pharaoh’s presence."
2;2. Mose;2Mo;10;12;2Mo 10,12;Die achte Plage: Heuschrecken;Der HERR sagte zu Mose: „Streck deine Hand über das Land Ägypten aus, damit die Heuschrecken über das Land Ägypten kommen und alle Pflanzen im Land auffressen, alles, was der Hagel übrig gelassen hat.“;Yahweh said to Moses, “Stretch out your hand over the land of Egypt for the locusts, that they may come up on the land of Egypt, and eat every herb of the land, even all that the hail has left.”
2;2. Mose;2Mo;10;13;2Mo 10,13;Die achte Plage: Heuschrecken;Da streckte Mose seinen Stab über das Land Ägypten aus. Und der HERR ließ den ganzen Tag und die ganze Nacht einen Ostwind über das Land wehen. Als es Morgen wurde, hatte der Ostwind die Heuschrecken gebracht.;"Moses stretched out his rod over the land of Egypt, and Yahweh brought an east wind on the land all that day, and all night; and when it was morning, the east wind brought the locusts."
2;2. Mose;2Mo;10;14;2Mo 10,14;Die achte Plage: Heuschrecken;Die Heuschrecken kamen über das ganze Land Ägypten. Sie ließen sich im ganzen Gebiet Ägyptens nieder. Es waren unglaublich viele. So viele Heuschrecken hatte es vorher nie gegeben, und es wird auch nie wieder so viele geben.;The locusts went up over all the land of Egypt, and rested in all the borders of Egypt. They were very grievous. Before them there were no such locusts as they, nor will there ever be again.
2;2. Mose;2Mo;10;15;2Mo 10,15;Die achte Plage: Heuschrecken;Sie bedeckten den ganzen Erdboden, so dass das Land dunkel wurde. Sie fraßen alle Pflanzen im Land und alle Früchte an den Bäumen, die der Hagel übrig gelassen hatte. Im ganzen Land Ägypten blieb nichts Grünes übrig, kein Baum und keine Pflanze auf dem Feld.;For they covered the surface of the whole earth, so that the land was darkened, and they ate every herb of the land, and all the fruit of the trees which the hail had left. There remained nothing green, either tree or herb of the field, through all the land of Egypt.
2;2. Mose;2Mo;10;16;2Mo 10,16;Die achte Plage: Heuschrecken;Da ließ der Pharao schnell Mose und Aaron rufen. Er sagte: „Ich habe gegen den HERRN, euren Gott, und gegen euch gesündigt.;Then Pharaoh called for Moses and Aaron in haste, and he said, “I have sinned against Yahweh your God, and against you.
2;2. Mose;2Mo;10;17;2Mo 10,17;Die achte Plage: Heuschrecken;Vergebt mir doch noch dieses eine Mal meine Sünde. Und betet zum HERRN, eurem Gott, dass er wenigstens dieses tödliche Unglück von mir wegnimmt.“;Now therefore please forgive my sin again, and pray to Yahweh your God, that he may also take away from me this death.”
2;2. Mose;2Mo;10;18;2Mo 10,18;Die achte Plage: Heuschrecken;Da ging Mose vom Pharao weg und betete zum HERRN.;Moses went out from Pharaoh, and prayed to Yahweh.
2;2. Mose;2Mo;10;19;2Mo 10,19;Die achte Plage: Heuschrecken;Da ließ der HERR einen sehr starken Westwind wehen. Der trug die Heuschrecken fort und warf sie ins Rote Meer. Im ganzen Gebiet Ägyptens blieb keine einzige Heuschrecke übrig.;Yahweh sent an exceedingly strong west wind, which took up the locusts, and drove them into the Red Sea. There remained not one locust in all the borders of Egypt.
2;2. Mose;2Mo;10;20;2Mo 10,20;Die achte Plage: Heuschrecken;Aber der HERR machte das Herz des Pharao hart. Er ließ die Israeliten nicht ziehen.;But Yahweh hardened Pharaoh’s heart, and he didn’t let the children of Israel go.
2;2. Mose;2Mo;10;21;2Mo 10,21;Die neunte Plage: Finsternis;Der HERR sagte zu Mose: „Streck deine Hand zum Himmel aus. Dann wird eine Finsternis über das Land Ägypten kommen, eine Finsternis, die man mit Händen greifen kann.“;Yahweh said to Moses, “Stretch out your hand toward the sky, that there may be darkness over the land of Egypt, even darkness which may be felt.”
2;2. Mose;2Mo;10;22;2Mo 10,22;Die neunte Plage: Finsternis;Da streckte Mose seine Hand zum Himmel aus. Und im ganzen Land Ägypten war drei Tage lang tiefe Finsternis.;Moses stretched out his hand toward the sky, and there was a thick darkness in all the land of Egypt for three days.
2;2. Mose;2Mo;10;23;2Mo 10,23;Die neunte Plage: Finsternis;Niemand konnte den anderen sehen. Drei Tage lang stand niemand von seinem Platz auf. Aber bei allen Israeliten war Licht in ihren Wohnungen.;"They didn’t see one another, and nobody rose from his place for three days; but all the children of Israel had light in their dwellings."
2;2. Mose;2Mo;10;24;2Mo 10,24;Die neunte Plage: Finsternis;Da ließ der Pharao Mose rufen. Er sagte: „Geht und dient dem HERRN. Nur eure Schafe und Ziegen und eure Rinder sollen hierbleiben. Eure Kinder dürfen mit euch gehen.“;Pharaoh called to Moses, and said, “Go, serve Yahweh. Only let your flocks and your herds stay behind. Let your little ones also go with you.”
2;2. Mose;2Mo;10;25;2Mo 10,25;Die neunte Plage: Finsternis;Mose sagte: „Du musst uns auch Tiere für Schlachtopfer und Brandopfer mitgeben, damit wir sie dem HERRN, unserem Gott, opfern können.;Moses said, “You must also give into our hand sacrifices and burnt offerings, that we may sacrifice to Yahweh our God.
2;2. Mose;2Mo;10;26;2Mo 10,26;Die neunte Plage: Finsternis;Auch unser Vieh muss mitgehen. Nicht eine einzige Klaue darf zurückbleiben. Denn davon müssen wir nehmen, um dem HERRN, unserem Gott, zu dienen. Und wir wissen erst, womit wir dem HERRN dienen sollen, wenn wir dort angekommen sind.“;"Our livestock also shall go with us. Not a hoof shall be left behind, for of it we must take to serve Yahweh our God; and we don’t know with what we must serve Yahweh, until we come there.”"
2;2. Mose;2Mo;10;27;2Mo 10,27;Die neunte Plage: Finsternis;Aber der HERR machte das Herz des Pharao hart. Er wollte sie nicht ziehen lassen.;But Yahweh hardened Pharaoh’s heart, and he wouldn’t let them go.
2;2. Mose;2Mo;10;28;2Mo 10,28;Die neunte Plage: Finsternis;Der Pharao sagte zu Mose: „Geh weg von mir! Hüte dich, mir je wieder unter die Augen zu kommen! Denn an dem Tag, an dem du mir wieder unter die Augen kommst, musst du sterben!“;"Pharaoh said to him, “Get away from me! Be careful to see my face no more; for in the day you see my face you shall die!”"
2;2. Mose;2Mo;10;29;2Mo 10,29;Die neunte Plage: Finsternis;Mose sagte: „Du hast recht. Ich werde dir nie wieder unter die Augen kommen.“;Moses said, “You have spoken well. I will see your face again no more.”
2;2. Mose;2Mo;11;1;2Mo 11,1;Noch eine Plage;Der HERR sagte zu Mose: „Ich bringe noch eine einzige Plage über den Pharao und über Ägypten. Danach wird er euch von hier wegziehen lassen. Ja, er wird euch nicht nur ziehen lassen – er wird euch sogar mit Gewalt wegjagen.;"Yahweh said to Moses, “I will bring yet one more plague on Pharaoh, and on Egypt; afterwards he will let you go. When he lets you go, he will surely thrust you out altogether."
2;2. Mose;2Mo;11;2;2Mo 11,2;Noch eine Plage;Sag dem Volk: Jeder Mann soll seinen Nachbarn und jede Frau ihre Nachbarin um Schmuck aus Silber und Gold bitten.“;Speak now in the ears of the people, and let every man ask of his neighbor, and every woman of her neighbor, jewels of silver, and jewels of gold.”
2;2. Mose;2Mo;11;3;2Mo 11,3;Noch eine Plage;Und der HERR sorgte dafür, dass die Ägypter dem Volk wohlgesinnt waren. Auch Mose selbst war im Land Ägypten ein sehr angesehener Mann, bei den Beamten des Pharao und beim Volk.;Yahweh gave the people favor in the sight of the Egyptians. Moreover, the man Moses was very great in the land of Egypt, in the sight of Pharaoh’s servants, and in the sight of the people.
2;2. Mose;2Mo;11;4;2Mo 11,4;Die Ankündigung;Mose sagte zum Pharao: „So spricht der HERR: ‚Um Mitternacht werde ich mitten durch Ägypten gehen.;Moses said, “This is what Yahweh says: ‘About midnight I will go out into the middle of Egypt,
2;2. Mose;2Mo;11;5;2Mo 11,5;Die Ankündigung;Dann wird jeder Erstgeborene im Land Ägypten sterben, vom Erstgeborenen des Pharao, der auf seinem Thron sitzt, bis zum Erstgeborenen der Sklavin, die an der Handmühle arbeitet, und auch alle Erstgeborenen des Viehs.;and all the firstborn in the land of Egypt shall die, from the firstborn of Pharaoh who sits on his throne, even to the firstborn of the female servant who is behind the mill, and all the firstborn of livestock.
2;2. Mose;2Mo;11;6;2Mo 11,6;Die Ankündigung;Im ganzen Land Ägypten wird ein großes Klagegeschrei sein, wie es noch nie eines gegeben hat und wie es auch nie wieder eines geben wird.;There will be a great cry throughout all the land of Egypt, such as there has not been, nor will be any more.
2;2. Mose;2Mo;11;7;2Mo 11,7;Die Ankündigung;Aber gegen die Israeliten wird nicht einmal ein Hund knurren, weder gegen Menschen noch gegen Tiere. Daran sollt ihr erkennen, dass der HERR einen Unterschied macht zwischen Ägypten und Israel.;But against any of the children of Israel a dog won’t even bark or move its tongue, against man or animal, that you may know that Yahweh makes a distinction between the Egyptians and Israel.
2;2. Mose;2Mo;11;8;2Mo 11,8;Die Ankündigung;Dann werden alle diese Beamten zu mir herabkommen. Sie werden sich vor mir verneigen und sagen: Zieh weg, du und das ganze Volk, das dir folgt! Und danach werde ich wegziehen.‘“ Dann ging Mose voller Zorn vom Pharao weg.;"All these servants of yours will come down to me, and bow down themselves to me, saying, “Get out, with all the people who follow you;” and after that I will go out.’” He went out from Pharaoh in hot anger."
2;2. Mose;2Mo;11;9;2Mo 11,9;Zusammenfassung;Der HERR sagte zu Mose: „Der Pharao wird nicht auf euch hören. So werde ich noch mehr Wunder im Land Ägypten tun.“;Yahweh said to Moses, “Pharaoh won’t listen to you, that my wonders may be multiplied in the land of Egypt.”
2;2. Mose;2Mo;11;10;2Mo 11,10;Zusammenfassung;Mose und Aaron hatten alle diese Wunder vor dem Pharao getan. Aber der HERR hatte das Herz des Pharao hart gemacht. Er ließ die Israeliten nicht aus seinem Land ziehen.;Moses and Aaron did all these wonders before Pharaoh, but Yahweh hardened Pharaoh’s heart, and he didn’t let the children of Israel go out of his land.
2;2. Mose;2Mo;12;1;2Mo 12,1;Ein neuer Kalender;Der HERR sagte im Land Ägypten zu Mose und Aaron:;Yahweh spoke to Moses and Aaron in the land of Egypt, saying,
2;2. Mose;2Mo;12;2;2Mo 12,2;Ein neuer Kalender;„Dieser Monat soll für euch der wichtigste Monat sein. Mit ihm soll für euch das Jahr beginnen.“;“This month shall be to you the beginning of months. It shall be the first month of the year to you.
2;2. Mose;2Mo;12;3;2Mo 12,3;Das Passalamm;„Sagt der ganzen Gemeinde Israels: Am zehnten Tag dieses Monats soll sich jeder Familienvater ein Lamm nehmen, ein Lamm für jede Familie.;"Speak to all the congregation of Israel, saying, ‘On the tenth day of this month, they shall take to them every man a lamb, according to their fathers’ houses, a lamb for a household;"
2;2. Mose;2Mo;12;4;2Mo 12,4;Das Passalamm;Wenn eine Familie zu klein ist für ein ganzes Lamm, dann soll sie es zusammen mit der Nachbarsfamilie nehmen, die am nächsten wohnt. Rechnet nach der Zahl der Personen aus, wie viel jeder essen kann.;and if the household is too little for a lamb, then he and his neighbor next to his house shall take one according to the number of the souls. You shall make your count for the lamb according to what everyone can eat.
2;2. Mose;2Mo;12;5;2Mo 12,5;Das Passalamm;Das Lamm muss ohne Fehler sein, ein männliches Tier, ein Jahr alt. Ihr könnt ein Schaf oder eine Ziege nehmen.;Your lamb shall be without defect, a male a year old. You shall take it from the sheep or from the goats.
2;2. Mose;2Mo;12;6;2Mo 12,6;Das Passalamm;Ihr sollt es bis zum 14. Tag dieses Monats aufbewahren. Dann soll die ganze versammelte Gemeinde Israels es gegen Abend schlachten.;"You shall keep it until the fourteenth day of the same month; and the whole assembly of the congregation of Israel shall kill it at evening."
2;2. Mose;2Mo;12;7;2Mo 12,7;Das Passalamm;Nehmt etwas von dem Blut. Streicht es an die beiden Türpfosten und oben an den Türbalken der Häuser, in denen ihr es esst.;They shall take some of the blood, and put it on the two door posts and on the lintel, on the houses in which they shall eat it.
2;2. Mose;2Mo;12;8;2Mo 12,8;Das Passalamm;In dieser Nacht sollt ihr das Fleisch essen, über dem Feuer gebraten. Esst es mit ungesäuertem Brot und mit bitteren Kräutern.;They shall eat the meat in that night, roasted with fire, with unleavened bread. They shall eat it with bitter herbs.
2;2. Mose;2Mo;12;9;2Mo 12,9;Das Passalamm;Esst es nicht roh und nicht in Wasser gekocht, sondern über dem Feuer gebraten, mit Kopf, Beinen und Innereien.;"Don’t eat it raw, nor boiled at all with water, but roasted with fire; with its head, its legs and its inner parts."
2;2. Mose;2Mo;12;10;2Mo 12,10;Das Passalamm;Lasst nichts davon bis zum Morgen übrig. Was bis zum Morgen übrig bleibt, sollt ihr im Feuer verbrennen.;"You shall let nothing of it remain until the morning; but that which remains of it until the morning you shall burn with fire."
2;2. Mose;2Mo;12;11;2Mo 12,11;Das Passalamm;So sollt ihr es essen: mit dem Gürtel um die Hüften, mit Sandalen an den Füßen und mit dem Stab in der Hand. Esst es schnell, wie Menschen, die es eilig haben. Es ist das Passa für den HERRN.“;"This is how you shall eat it: with your belt on your waist, your sandals on your feet, and your staff in your hand; and you shall eat it in haste: it is Yahweh’s Passover."
2;2. Mose;2Mo;12;12;2Mo 12,12;Gottes Gericht und das Zeichen des Blutes;„Denn in dieser Nacht werde ich durch das Land Ägypten gehen. Ich werde jeden Erstgeborenen im Land Ägypten töten, bei Menschen und Tieren. Und ich werde Gericht halten über alle Götter Ägyptens. Ich bin der HERR.;For I will go through the land of Egypt in that night, and will strike all the firstborn in the land of Egypt, both man and animal. I will execute judgments against all the gods of Egypt. I am Yahweh.
2;2. Mose;2Mo;12;13;2Mo 12,13;Gottes Gericht und das Zeichen des Blutes;Das Blut soll ein Zeichen für euch sein an den Häusern, in denen ihr seid. Wenn ich das Blut sehe, gehe ich an euch vorüber. Dann wird euch keine tödliche Plage treffen, wenn ich das Land Ägypten schlage.;The blood shall be to you for a token on the houses where you are. When I see the blood, I will pass over you, and no plague will be on you to destroy you when I strike the land of Egypt.
2;2. Mose;2Mo;12;14;2Mo 12,14;Gottes Gericht und das Zeichen des Blutes;Dieser Tag soll für euch ein Gedenktag sein. Ihr sollt ihn als Fest für den HERRN feiern. Feiert ihn von Generation zu Generation. Das ist eine Ordnung für alle Zeiten.“;This day shall be a memorial for you. You shall keep it as a feast to Yahweh. You shall keep it as a feast throughout your generations by an ordinance forever.
2;2. Mose;2Mo;12;15;2Mo 12,15;Das Fest der ungesäuerten Brote;„Sieben Tage lang sollt ihr ungesäuertes Brot essen. Schon am ersten Tag sollt ihr allen Sauerteig aus euren Häusern entfernen. Denn wer vom ersten bis zum siebten Tag gesäuertes Brot isst, der soll aus Israel ausgeschlossen werden.;"“‘Seven days you shall eat unleavened bread; even the first day you shall put away yeast out of your houses, for whoever eats leavened bread from the first day until the seventh day, that soul shall be cut off from Israel."
2;2. Mose;2Mo;12;16;2Mo 12,16;Das Fest der ungesäuerten Brote;Am ersten Tag sollt ihr euch zu einem heiligen Gottesdienst versammeln, und am siebten Tag auch. An diesen Tagen dürft ihr keine Arbeit tun. Nur das Essen dürft ihr zubereiten, das jeder braucht.;"In the first day there shall be to you a holy convocation, and in the seventh day a holy convocation; no kind of work shall be done in them, except that which every man must eat, only that may be done by you."
2;2. Mose;2Mo;12;17;2Mo 12,17;Das Fest der ungesäuerten Brote;Feiert das Fest der ungesäuerten Brote. Denn genau an diesem Tag habe ich eure Heerscharen aus dem Land Ägypten herausgeführt. Darum sollt ihr diesen Tag von Generation zu Generation feiern. Das ist eine Ordnung für alle Zeiten.;"You shall observe the feast of unleavened bread; for in this same day I have brought your armies out of the land of Egypt. Therefore you shall observe this day throughout your generations by an ordinance forever."
2;2. Mose;2Mo;12;18;2Mo 12,18;Das Fest der ungesäuerten Brote;Im ersten Monat sollt ihr ungesäuertes Brot essen, vom Abend des 14. Tages bis zum Abend des 21. Tages des Monats.;In the first month, on the fourteenth day of the month at evening, you shall eat unleavened bread, until the twenty first day of the month at evening.
2;2. Mose;2Mo;12;19;2Mo 12,19;Das Fest der ungesäuerten Brote;Sieben Tage lang darf in euren Häusern kein Sauerteig zu finden sein. Denn wer etwas Gesäuertes isst, der soll aus der Gemeinde Israels ausgeschlossen werden, egal ob er ein Fremder ist oder ein Einheimischer.;There shall be no yeast found in your houses for seven days, for whoever eats that which is leavened, that soul shall be cut off from the congregation of Israel, whether he is a foreigner, or one who is born in the land.
2;2. Mose;2Mo;12;20;2Mo 12,20;Das Fest der ungesäuerten Brote;Esst nichts Gesäuertes. An allen Orten, wo ihr wohnt, sollt ihr ungesäuertes Brot essen.“;You shall eat nothing leavened. In all your habitations you shall eat unleavened bread.’”
2;2. Mose;2Mo;12;21;2Mo 12,21;Mose gibt die Anweisungen weiter;Da rief Mose alle Ältesten Israels zusammen. Er sagte zu ihnen: „Geht und holt euch Lämmer für eure Familien. Und schlachtet das Passalamm.;Then Moses called for all the elders of Israel, and said to them, “Draw out, and take lambs according to your families, and kill the Passover.
2;2. Mose;2Mo;12;22;2Mo 12,22;Mose gibt die Anweisungen weiter;Nehmt ein Büschel Ysop. Taucht es in das Blut in der Schale. Und streicht etwas von dem Blut aus der Schale an den Türbalken und an die beiden Türpfosten. Keiner von euch darf bis zum Morgen aus seiner Haustür hinausgehen.;You shall take a bunch of hyssop, and dip it in the blood that is in the basin, and strike the lintel and the two door posts with the blood that is in the basin. None of you shall go out of the door of his house until the morning.
2;2. Mose;2Mo;12;23;2Mo 12,23;Mose gibt die Anweisungen weiter;Denn der HERR wird durch das Land gehen, um die Ägypter zu schlagen. Wenn er das Blut am Türbalken und an den beiden Türpfosten sieht, dann wird der HERR an der Tür vorübergehen. Er wird den Verderber nicht in eure Häuser lassen, um euch zu schlagen.;"For Yahweh will pass through to strike the Egyptians; and when he sees the blood on the lintel, and on the two door posts, Yahweh will pass over the door, and will not allow the destroyer to come in to your houses to strike you."
2;2. Mose;2Mo;12;24;2Mo 12,24;Mose gibt die Anweisungen weiter;Das sollt ihr halten. Es ist eine Ordnung für euch und eure Kinder für alle Zeiten.;You shall observe this thing for an ordinance to you and to your sons forever.
2;2. Mose;2Mo;12;25;2Mo 12,25;Mose gibt die Anweisungen weiter;Wenn ihr in das Land kommt, das der HERR euch geben wird, wie er es versprochen hat, dann sollt ihr diesen Gottesdienst feiern.;It shall happen when you have come to the land which Yahweh will give you, as he has promised, that you shall keep this service.
2;2. Mose;2Mo;12;26;2Mo 12,26;Mose gibt die Anweisungen weiter;Wenn euch dann eure Kinder fragen: ‚Was bedeutet dieser Gottesdienst für euch?‘,;It will happen, when your children ask you, ‘What do you mean by this service?’
2;2. Mose;2Mo;12;27;2Mo 12,27;Mose gibt die Anweisungen weiter;dann sollt ihr sagen: ‚Das ist das Passaopfer für den HERRN. Er ist in Ägypten an den Häusern der Israeliten vorübergegangen, als er die Ägypter schlug. Unsere Häuser hat er verschont.‘“ Da verneigte sich das Volk und betete an.;that you shall say, ‘It is the sacrifice of Yahweh’s Passover, who passed over the houses of the children of Israel in Egypt, when he struck the Egyptians, and spared our houses.’” The people bowed their heads and worshiped.
2;2. Mose;2Mo;12;28;2Mo 12,28;Mose gibt die Anweisungen weiter;Die Israeliten gingen und machten es so. Sie taten genau, was der HERR Mose und Aaron befohlen hatte.;"The children of Israel went and did so; as Yahweh had commanded Moses and Aaron, so they did."
2;2. Mose;2Mo;12;29;2Mo 12,29;Die letzte Plage;Um Mitternacht tötete der HERR alle Erstgeborenen im Land Ägypten, vom Erstgeborenen des Pharao, der auf seinem Thron saß, bis zum Erstgeborenen des Gefangenen im Kerker, und auch alle Erstgeborenen des Viehs.;At midnight, Yahweh struck all the firstborn in the land of Egypt, from the firstborn of Pharaoh who sat on his throne to the firstborn of the captive who was in the dungeon, and all the firstborn of livestock.
2;2. Mose;2Mo;12;30;2Mo 12,30;Die letzte Plage;Da stand der Pharao in der Nacht auf, er und alle seine Beamten und alle Ägypter. Und in Ägypten war ein großes Klagegeschrei. Denn es gab kein Haus, in dem nicht ein Toter war.;"Pharaoh rose up in the night, he, and all his servants, and all the Egyptians; and there was a great cry in Egypt, for there was not a house where there was not one dead."
2;2. Mose;2Mo;12;31;2Mo 12,31;Die letzte Plage;Noch in der Nacht ließ der Pharao Mose und Aaron rufen. Er sagte: „Steht auf! Geht weg aus meinem Volk, ihr und die Israeliten! Geht und dient dem HERRN, wie ihr gesagt habt.;"He called for Moses and Aaron by night, and said, “Rise up, get out from among my people, both you and the children of Israel; and go, serve Yahweh, as you have said!"
2;2. Mose;2Mo;12;32;2Mo 12,32;Die letzte Plage;Nehmt auch eure Schafe und Ziegen und eure Rinder mit, wie ihr gesagt habt. Geht! Und segnet auch mich!“;"Take both your flocks and your herds, as you have said, and be gone; and bless me also!”"
2;2. Mose;2Mo;12;33;2Mo 12,33;Die letzte Plage;Die Ägypter drängten das Volk, schnell aus dem Land zu ziehen. Denn sie sagten: „Sonst sterben wir alle!“;The Egyptians were urgent with the people, to send them out of the land in haste, for they said, “We are all dead men.”
2;2. Mose;2Mo;12;34;2Mo 12,34;Die letzte Plage;Da nahm das Volk seinen Brotteig mit, bevor er durchsäuert war. Ihre Backschüsseln wickelten sie in ihre Mäntel und trugen sie auf den Schultern.;The people took their dough before it was leavened, their kneading troughs being bound up in their clothes on their shoulders.
2;2. Mose;2Mo;12;35;2Mo 12,35;Die letzte Plage;Die Israeliten hatten getan, was Mose gesagt hatte. Sie hatten die Ägypter um Schmuck aus Silber und Gold und um Kleider gebeten.;"The children of Israel did according to the word of Moses; and they asked of the Egyptians jewels of silver, and jewels of gold, and clothing."
2;2. Mose;2Mo;12;36;2Mo 12,36;Die letzte Plage;Und der HERR hatte dafür gesorgt, dass die Ägypter dem Volk wohlgesinnt waren. So gaben sie ihnen, worum sie baten. So beraubten sie die Ägypter.;Yahweh gave the people favor in the sight of the Egyptians, so that they let them have what they asked. They plundered the Egyptians.
2;2. Mose;2Mo;12;37;2Mo 12,37;Der Aufbruch;Die Israeliten zogen von Ramses nach Sukkot. Es waren etwa 600.000 Männer zu Fuß, die Kinder nicht mitgezählt.;The children of Israel traveled from Rameses to Succoth, about six hundred thousand on foot who were men, in addition to children.
2;2. Mose;2Mo;12;38;2Mo 12,38;Der Aufbruch;Mit ihnen zog auch eine große Menge von anderen Leuten. Dazu kamen Schafe, Ziegen und Rinder, sehr viel Vieh.;A mixed multitude went up also with them, with flocks, herds, and even very much livestock.
2;2. Mose;2Mo;12;39;2Mo 12,39;Der Aufbruch;Aus dem Teig, den sie aus Ägypten mitgenommen hatten, backten sie ungesäuerte Fladenbrote. Denn der Teig war nicht durchsäuert. Man hatte sie ja aus Ägypten hinausgejagt. Sie konnten nicht warten und hatten sich auch keinen Reiseproviant zubereitet.;"They baked unleavened cakes of the dough which they brought out of Egypt; for it wasn’t leavened, because they were thrust out of Egypt, and couldn’t wait, and they had not prepared any food for themselves."
2;2. Mose;2Mo;12;40;2Mo 12,40;Der Aufbruch;Die Israeliten hatten 430 Jahre in Ägypten gelebt.;Now the time that the children of Israel lived in Egypt was four hundred thirty years.
2;2. Mose;2Mo;12;41;2Mo 12,41;Der Aufbruch;Genau am Ende der 430 Jahre, auf den Tag genau, zogen alle Heerscharen des HERRN aus dem Land Ägypten.;At the end of four hundred thirty years, to the day, all of Yahweh’s armies went out from the land of Egypt.
2;2. Mose;2Mo;12;42;2Mo 12,42;Der Aufbruch;Es ist eine Nacht, in der der HERR gewacht hat, um sie aus dem Land Ägypten herauszuführen. Darum ist diese Nacht dem HERRN geweiht. Alle Israeliten sollen in dieser Nacht wach bleiben und sie feiern, von Generation zu Generation.;It is a night to be much observed to Yahweh for bringing them out from the land of Egypt. This is that night of Yahweh, to be much observed by all the children of Israel throughout their generations.
2;2. Mose;2Mo;12;43;2Mo 12,43;Wer darf das Passa feiern?;Der HERR sagte zu Mose und Aaron: „Das ist die Ordnung für das Passa: Kein Fremder darf davon essen.;Yahweh said to Moses and Aaron, “This is the ordinance of the Passover. No foreigner shall eat of it,
2;2. Mose;2Mo;12;44;2Mo 12,44;Wer darf das Passa feiern?;Aber jeder Sklave, den jemand für Geld gekauft hat, darf davon essen, wenn er beschnitten ist.;but every man’s servant who is bought for money, when you have circumcised him, then shall he eat of it.
2;2. Mose;2Mo;12;45;2Mo 12,45;Wer darf das Passa feiern?;Ein Gast und ein Tagelöhner dürfen nicht davon essen.;A foreigner and a hired servant shall not eat of it.
2;2. Mose;2Mo;12;46;2Mo 12,46;Wer darf das Passa feiern?;Das Passalamm muss in einem einzigen Haus gegessen werden. Ihr dürft nichts von dem Fleisch aus dem Haus hinaustragen. Und ihr dürft keinen seiner Knochen zerbrechen.;It must be eaten in one house. You shall not carry any of the meat outside of the house. Do not break any of its bones.
2;2. Mose;2Mo;12;47;2Mo 12,47;Wer darf das Passa feiern?;Die ganze Gemeinde Israels soll das Passa feiern.;All the congregation of Israel shall keep it.
2;2. Mose;2Mo;12;48;2Mo 12,48;Wer darf das Passa feiern?;Wenn ein Fremder bei dir lebt und das Passa für den HERRN feiern möchte, dann sollen alle Männer und Jungen in seiner Familie beschnitten werden. Danach darf er kommen und es feiern. Er soll dann wie ein Einheimischer sein. Aber kein Unbeschnittener darf davon essen.;"When a stranger lives as a foreigner with you, and would like to keep the Passover to Yahweh, let all his males be circumcised, and then let him come near and keep it. He shall be as one who is born in the land; but no uncircumcised person shall eat of it."
2;2. Mose;2Mo;12;49;2Mo 12,49;Wer darf das Passa feiern?;Für den Einheimischen und für den Fremden, der bei euch lebt, gilt dasselbe Gesetz.“;One law shall be to him who is born at home, and to the stranger who lives as a foreigner among you.”
2;2. Mose;2Mo;12;50;2Mo 12,50;Wer darf das Passa feiern?;Alle Israeliten machten es so. Sie taten genau, was der HERR Mose und Aaron befohlen hatte.;All the children of Israel did so. As Yahweh commanded Moses and Aaron, so they did.
2;2. Mose;2Mo;12;51;2Mo 12,51;Wer darf das Passa feiern?;An genau diesem Tag führte der HERR die Israeliten aus dem Land Ägypten heraus, nach ihren Heerscharen geordnet.;That same day, Yahweh brought the children of Israel out of the land of Egypt by their armies.
2;2. Mose;2Mo;13;1;2Mo 13,1;Alle Erstgeborenen gehören Gott;Der HERR sagte zu Mose:;Yahweh spoke to Moses, saying,
2;2. Mose;2Mo;13;2;2Mo 13,2;Alle Erstgeborenen gehören Gott;„Weihe mir alle Erstgeborenen. Alles bei den Israeliten, was als Erstes aus dem Mutterleib kommt, bei Menschen und bei Tieren, gehört mir.“;“Sanctify to me all the firstborn, whatever opens the womb among the children of Israel, both of man and of animal. It is mine.”
2;2. Mose;2Mo;13;3;2Mo 13,3;Erinnert euch an diesen Tag;Mose sagte zum Volk: „Denkt an diesen Tag, an dem ihr aus Ägypten ausgezogen seid, aus dem Haus der Sklaverei. Denn mit starker Hand hat der HERR euch von dort herausgeführt. Darum darf man nichts Gesäuertes essen.;"Moses said to the people, “Remember this day, in which you came out of Egypt, out of the house of bondage; for by strength of hand Yahweh brought you out from this place. No leavened bread shall be eaten."
2;2. Mose;2Mo;13;4;2Mo 13,4;Erinnert euch an diesen Tag;Heute zieht ihr aus, im Monat Abib.;Today you go out in the month Abib.
2;2. Mose;2Mo;13;5;2Mo 13,5;Erinnert euch an diesen Tag;Der HERR wird euch in das Land der Kanaaniter, Hetiter, Amoriter, Hiwiter und Jebusiter bringen. Er hat euren Vorfahren geschworen, es euch zu geben, ein Land, in dem Milch und Honig fließen. Dann sollt ihr in diesem Monat diesen Gottesdienst feiern.;It shall be, when Yahweh brings you into the land of the Canaanite, and the Hittite, and the Amorite, and the Hivite, and the Jebusite, which he swore to your fathers to give you, a land flowing with milk and honey, that you shall keep this service in this month.
2;2. Mose;2Mo;13;6;2Mo 13,6;Erinnert euch an diesen Tag;Sieben Tage lang sollt ihr ungesäuertes Brot essen. Und am siebten Tag ist ein Fest für den HERRN.;Seven days you shall eat unleavened bread, and in the seventh day shall be a feast to Yahweh.
2;2. Mose;2Mo;13;7;2Mo 13,7;Erinnert euch an diesen Tag;Die ganzen sieben Tage lang soll man ungesäuertes Brot essen. Bei dir darf man nichts Gesäuertes sehen. In deinem ganzen Gebiet darf man keinen Sauerteig bei dir sehen.;"Unleavened bread shall be eaten throughout the seven days; and no leavened bread shall be seen with you. No yeast shall be seen with you, within all your borders."
2;2. Mose;2Mo;13;8;2Mo 13,8;Erinnert euch an diesen Tag;An diesem Tag sollst du deinem Sohn erklären: ‚Das feiern wir wegen dem, was der HERR für mich getan hat, als ich aus Ägypten ausgezogen bin.‘;You shall tell your son in that day, saying, ‘It is because of that which Yahweh did for me when I came out of Egypt.’
2;2. Mose;2Mo;13;9;2Mo 13,9;Erinnert euch an diesen Tag;Das soll für dich wie ein Zeichen an deiner Hand sein und wie ein Erinnerungszeichen zwischen deinen Augen. So soll das Gesetz des HERRN immer in deinem Mund sein. Denn mit starker Hand hat der HERR dich aus Ägypten herausgeführt.;"It shall be for a sign to you on your hand, and for a memorial between your eyes, that Yahweh’s law may be in your mouth; for with a strong hand Yahweh has brought you out of Egypt."
2;2. Mose;2Mo;13;10;2Mo 13,10;Erinnert euch an diesen Tag;Darum sollst du diese Ordnung jedes Jahr zur festgesetzten Zeit halten.“;You shall therefore keep this ordinance in its season from year to year.
2;2. Mose;2Mo;13;11;2Mo 13,11;Die Erstgeborenen werden ausgelöst;„Der HERR wird dich in das Land der Kanaaniter bringen, wie er es dir und deinen Vorfahren geschworen hat. Er wird es dir geben.;“It shall be, when Yahweh brings you into the land of the Canaanite, as he swore to you and to your fathers, and will give it to you,
2;2. Mose;2Mo;13;12;2Mo 13,12;Die Erstgeborenen werden ausgelöst;Dann sollst du dem HERRN alles übergeben, was als Erstes aus dem Mutterleib kommt. Auch alle männlichen Erstgeborenen von deinem Vieh gehören dem HERRN.;that you shall set apart to Yahweh all that opens the womb, and every firstborn that comes from an animal which you have. The males shall be Yahweh’s.
2;2. Mose;2Mo;13;13;2Mo 13,13;Die Erstgeborenen werden ausgelöst;Jeden Erstgeborenen von einem Esel sollst du mit einem Lamm auslösen. Wenn du ihn nicht auslösen willst, sollst du ihm das Genick brechen. Und alle Erstgeborenen unter deinen Söhnen sollst du auslösen.;"Every firstborn of a donkey you shall redeem with a lamb; and if you will not redeem it, then you shall break its neck; and you shall redeem all the firstborn of man among your sons."
2;2. Mose;2Mo;13;14;2Mo 13,14;Die Erstgeborenen werden ausgelöst;Wenn dich dann später dein Sohn fragt: ‚Was bedeutet das?‘, dann sollst du ihm sagen: ‚Mit starker Hand hat uns der HERR aus Ägypten herausgeführt, aus dem Haus der Sklaverei.;It shall be, when your son asks you in time to come, saying, ‘What is this?’ that you shall tell him, ‘By strength of hand Yahweh brought us out from Egypt, from the house of bondage.
2;2. Mose;2Mo;13;15;2Mo 13,15;Die Erstgeborenen werden ausgelöst;Als der Pharao sich hartnäckig weigerte, uns ziehen zu lassen, da tötete der HERR alle Erstgeborenen im Land Ägypten, die Erstgeborenen von Menschen und die Erstgeborenen vom Vieh. Darum opfere ich dem HERRN alle männlichen Tiere, die als Erste aus dem Mutterleib kommen. Aber alle Erstgeborenen von meinen Söhnen löse ich aus.‘;"When Pharaoh stubbornly refused to let us go, Yahweh killed all the firstborn in the land of Egypt, both the firstborn of man, and the firstborn of livestock. Therefore I sacrifice to Yahweh all that opens the womb, being males; but all the firstborn of my sons I redeem.’"
2;2. Mose;2Mo;13;16;2Mo 13,16;Die Erstgeborenen werden ausgelöst;Das soll wie ein Zeichen an deiner Hand sein und wie ein Merkzeichen zwischen deinen Augen. Denn mit starker Hand hat uns der HERR aus Ägypten herausgeführt.“;"It shall be for a sign on your hand, and for symbols between your eyes; for by strength of hand Yahweh brought us out of Egypt.”"
2;2. Mose;2Mo;13;17;2Mo 13,17;Gott wählt den Weg;Als der Pharao das Volk ziehen ließ, führte Gott sie nicht auf dem Weg durch das Land der Philister, obwohl das der kürzeste war. Denn Gott sagte: „Das Volk könnte es bereuen, wenn es in einen Krieg gerät. Dann würde es nach Ägypten zurückkehren.“;"When Pharaoh had let the people go, God didn’t lead them by the way of the land of the Philistines, although that was near; for God said, “Lest perhaps the people change their minds when they see war, and they return to Egypt”;"
2;2. Mose;2Mo;13;18;2Mo 13,18;Gott wählt den Weg;Darum ließ Gott das Volk einen Umweg machen, auf dem Weg durch die Wüste zum Roten Meer. Die Israeliten zogen bewaffnet aus dem Land Ägypten.;"but God led the people around by the way of the wilderness by the Red Sea; and the children of Israel went up armed out of the land of Egypt."
2;2. Mose;2Mo;13;19;2Mo 13,19;Gott wählt den Weg;Mose nahm die Gebeine von Josef mit. Denn Josef hatte die Israeliten schwören lassen: „Gott wird sich ganz bestimmt um euch kümmern. Dann sollt ihr meine Gebeine von hier mit hinaufnehmen.“;Moses took the bones of Joseph with him, for he had made the children of Israel swear, saying, “God will surely visit you, and you shall carry up my bones away from here with you.”
2;2. Mose;2Mo;13;20;2Mo 13,20;Gott wählt den Weg;Sie brachen von Sukkot auf und schlugen ihr Lager in Etam auf, am Rand der Wüste.;They took their journey from Succoth, and encamped in Etham, in the edge of the wilderness.
2;2. Mose;2Mo;13;21;2Mo 13,21;Gott wählt den Weg;Der HERR zog vor ihnen her: am Tag in einer Wolkensäule, um ihnen den Weg zu zeigen, und in der Nacht in einer Feuersäule, um ihnen zu leuchten. So konnten sie bei Tag und bei Nacht wandern.;Yahweh went before them by day in a pillar of cloud, to lead them on their way, and by night in a pillar of fire, to give them light, that they might go by day and by night:
2;2. Mose;2Mo;13;22;2Mo 13,22;Gott wählt den Weg;Die Wolkensäule am Tag und die Feuersäule in der Nacht wichen nicht vom Volk.;the pillar of cloud by day, and the pillar of fire by night, didn’t depart from before the people.
2;2. Mose;2Mo;14;1;2Mo 14,1;Gefangen zwischen Meer und Wüste;Der HERR sagte zu Mose:;Yahweh spoke to Moses, saying,
2;2. Mose;2Mo;14;2;2Mo 14,2;Gefangen zwischen Meer und Wüste;„Sag den Israeliten, dass sie umkehren sollen. Sie sollen ihr Lager vor Pi-Hahirot aufschlagen, zwischen Migdol und dem Meer, gegenüber von Baal-Zefon. Dort sollt ihr am Meer euer Lager aufschlagen.;“Speak to the children of Israel, that they turn back and encamp before Pihahiroth, between Migdol and the sea, before Baal Zephon. You shall encamp opposite it by the sea.
2;2. Mose;2Mo;14;3;2Mo 14,3;Gefangen zwischen Meer und Wüste;Dann wird der Pharao über die Israeliten denken: ‚Sie haben sich im Land verirrt. Die Wüste hat sie eingeschlossen.‘;Pharaoh will say of the children of Israel, ‘They are entangled in the land. The wilderness has shut them in.’
2;2. Mose;2Mo;14;4;2Mo 14,4;Gefangen zwischen Meer und Wüste;Und ich werde das Herz des Pharao hart machen, so dass er sie verfolgt. Dann werde ich mich am Pharao und an seinem ganzen Heer als mächtig erweisen. Und die Ägypter werden erkennen, dass ich der HERR bin.“ Die Israeliten machten es so.;"I will harden Pharaoh’s heart, and he will follow after them; and I will get honor over Pharaoh, and over all his armies; and the Egyptians shall know that I am Yahweh.” They did so."
2;2. Mose;2Mo;14;5;2Mo 14,5;Der Pharao jagt hinterher;Dem König von Ägypten wurde gemeldet, dass das Volk geflohen war. Da änderten der Pharao und seine Beamten ihre Meinung über das Volk. Sie sagten: „Was haben wir da getan? Wir haben Israel ziehen lassen. Jetzt arbeiten sie nicht mehr für uns!“;"The king of Egypt was told that the people had fled; and the heart of Pharaoh and of his servants was changed toward the people, and they said, “What is this we have done, that we have let Israel go from serving us?”"
2;2. Mose;2Mo;14;6;2Mo 14,6;Der Pharao jagt hinterher;Der Pharao ließ seinen Streitwagen anspannen. Er nahm sein Kriegsvolk mit.;"He prepared his chariot, and took his army with him;"
2;2. Mose;2Mo;14;7;2Mo 14,7;Der Pharao jagt hinterher;Er nahm 600 ausgewählte Streitwagen mit und dazu alle anderen Streitwagen Ägyptens. Auf jedem stand ein Kämpfer.;and he took six hundred chosen chariots, and all the chariots of Egypt, with captains over all of them.
2;2. Mose;2Mo;14;8;2Mo 14,8;Der Pharao jagt hinterher;Der HERR machte das Herz des Pharao, des Königs von Ägypten, hart. Und er jagte den Israeliten nach. Die Israeliten aber zogen mit erhobener Hand aus.;"Yahweh hardened the heart of Pharaoh king of Egypt, and he pursued the children of Israel; for the children of Israel went out with a high hand."
2;2. Mose;2Mo;14;9;2Mo 14,9;Der Pharao jagt hinterher;Die Ägypter verfolgten sie. Alle Pferde und Streitwagen des Pharao, seine Reiter und sein Heer holten sie ein, als sie gerade am Meer ihr Lager aufgeschlagen hatten, bei Pi-Hahirot, gegenüber von Baal-Zefon.;The Egyptians pursued them. All the horses and chariots of Pharaoh, his horsemen, and his army overtook them encamping by the sea, beside Pihahiroth, before Baal Zephon.
2;2. Mose;2Mo;14;10;2Mo 14,10;„Fürchtet euch nicht!“;Als der Pharao näher kam, schauten die Israeliten auf. Und schau: Die Ägypter zogen hinter ihnen her. Da bekamen die Israeliten große Angst. Sie schrien zum HERRN.;"When Pharaoh came near, the children of Israel lifted up their eyes, and behold, the Egyptians were marching after them; and they were very afraid. The children of Israel cried out to Yahweh."
2;2. Mose;2Mo;14;11;2Mo 14,11;„Fürchtet euch nicht!“;Und sie sagten zu Mose: „Gab es denn keine Gräber in Ägypten? Hast du uns deshalb weggeholt, damit wir in der Wüste sterben? Was hast du uns da angetan, dass du uns aus Ägypten herausgeführt hast?;They said to Moses, “Because there were no graves in Egypt, have you taken us away to die in the wilderness? Why have you treated us this way, to bring us out of Egypt?
2;2. Mose;2Mo;14;12;2Mo 14,12;„Fürchtet euch nicht!“;Haben wir dir das nicht schon in Ägypten gesagt: ‚Lass uns in Ruhe! Wir wollen den Ägyptern dienen‘? Es wäre besser für uns gewesen, den Ägyptern zu dienen, als in der Wüste zu sterben!“;Isn’t this the word that we spoke to you in Egypt, saying, ‘Leave us alone, that we may serve the Egyptians’? For it would have been better for us to serve the Egyptians than to die in the wilderness.”
2;2. Mose;2Mo;14;13;2Mo 14,13;„Fürchtet euch nicht!“;Mose sagte zum Volk: „Habt keine Angst! Bleibt stehen und schaut zu, wie der HERR euch heute rettet. Denn die Ägypter, die ihr heute seht, werdet ihr nie wieder sehen.;"Moses said to the people, “Don’t be afraid. Stand still, and see the salvation of Yahweh, which he will work for you today; for you will never again see the Egyptians whom you have seen today."
2;2. Mose;2Mo;14;14;2Mo 14,14;„Fürchtet euch nicht!“;Der HERR wird für euch kämpfen. Und ihr sollt ganz still sein.“;Yahweh will fight for you, and you shall be still.”
2;2. Mose;2Mo;14;15;2Mo 14,15;Das Meer teilt sich;Der HERR sagte zu Mose: „Warum schreist du zu mir? Sag den Israeliten, sie sollen weiterziehen!;Yahweh said to Moses, “Why do you cry to me? Speak to the children of Israel, that they go forward.
2;2. Mose;2Mo;14;16;2Mo 14,16;Das Meer teilt sich;Und du: Heb deinen Stab hoch. Streck deine Hand über das Meer aus und teile es. Dann können die Israeliten mitten durch das Meer auf trockenem Boden gehen.;Lift up your rod, and stretch out your hand over the sea and divide it. Then the children of Israel shall go into the middle of the sea on dry ground.
2;2. Mose;2Mo;14;17;2Mo 14,17;Das Meer teilt sich;Und schau: Ich mache das Herz der Ägypter hart, so dass sie hinter ihnen herziehen. Dann werde ich mich am Pharao und an seinem ganzen Heer als mächtig erweisen, an seinen Streitwagen und an seinen Reitern.;Behold, I myself will harden the hearts of the Egyptians, and they will go in after them. I will get myself honor over Pharaoh, and over all his armies, over his chariots, and over his horsemen.
2;2. Mose;2Mo;14;18;2Mo 14,18;Das Meer teilt sich;Dann werden die Ägypter erkennen, dass ich der HERR bin, wenn ich mich am Pharao, an seinen Streitwagen und an seinen Reitern als mächtig erwiesen habe.“;The Egyptians shall know that I am Yahweh when I have gotten myself honor over Pharaoh, over his chariots, and over his horsemen.”
2;2. Mose;2Mo;14;19;2Mo 14,19;Das Meer teilt sich;Da brach der Engel Gottes auf, der vor dem Lager Israels hergezogen war. Er stellte sich hinter sie. Auch die Wolkensäule zog von vorn weg und stellte sich hinter sie.;"The angel of God, who went before the camp of Israel, moved and went behind them; and the pillar of cloud moved from before them, and stood behind them."
2;2. Mose;2Mo;14;20;2Mo 14,20;Das Meer teilt sich;Sie kam zwischen das Lager der Ägypter und das Lager Israels. Auf der einen Seite war die Wolke Finsternis. Auf der anderen Seite machte sie die Nacht hell. So kamen die beiden Lager die ganze Nacht nicht aneinander heran.;It came between the camp of Egypt and the camp of Israel. There was the cloud and the darkness, yet it gave light by night. One didn’t come near the other all night.
2;2. Mose;2Mo;14;21;2Mo 14,21;Das Meer teilt sich;Mose streckte seine Hand über das Meer aus. Da ließ der HERR die ganze Nacht einen starken Ostwind wehen. Der trieb das Meer zurück und machte den Meeresboden trocken. Das Wasser teilte sich.;Moses stretched out his hand over the sea, and Yahweh caused the sea to go back by a strong east wind all night, and made the sea dry land, and the waters were divided.
2;2. Mose;2Mo;14;22;2Mo 14,22;Das Meer teilt sich;Und die Israeliten gingen mitten durch das Meer auf trockenem Boden. Das Wasser stand rechts und links von ihnen wie eine Mauer.;"The children of Israel went into the middle of the sea on the dry ground; and the waters were a wall to them on their right hand and on their left."
2;2. Mose;2Mo;14;23;2Mo 14,23;Die Ägypter gehen unter;Die Ägypter verfolgten sie. Alle Pferde des Pharao, seine Streitwagen und seine Reiter zogen hinter ihnen her mitten ins Meer.;The Egyptians pursued, and went in after them into the middle of the sea: all of Pharaoh’s horses, his chariots, and his horsemen.
2;2. Mose;2Mo;14;24;2Mo 14,24;Die Ägypter gehen unter;In der letzten Nachtwache, kurz vor dem Morgen, schaute der HERR aus der Feuer- und Wolkensäule auf das Heer der Ägypter. Und er brachte das Heer der Ägypter in Verwirrung.;In the morning watch, Yahweh looked out on the Egyptian army through the pillar of fire and of cloud, and confused the Egyptian army.
2;2. Mose;2Mo;14;25;2Mo 14,25;Die Ägypter gehen unter;Er ließ die Räder ihrer Streitwagen abspringen, so dass sie nur noch mühsam vorankamen. Da sagten die Ägypter: „Wir müssen vor Israel fliehen! Denn der HERR kämpft für sie gegen Ägypten!“;"He took off their chariot wheels, and they drove them heavily; so that the Egyptians said, “Let’s flee from the face of Israel, for Yahweh fights for them against the Egyptians!”"
2;2. Mose;2Mo;14;26;2Mo 14,26;Die Ägypter gehen unter;Der HERR sagte zu Mose: „Streck deine Hand über das Meer aus. Dann soll das Wasser zurückkommen über die Ägypter, über ihre Streitwagen und über ihre Reiter.“;Yahweh said to Moses, “Stretch out your hand over the sea, that the waters may come again on the Egyptians, on their chariots, and on their horsemen.”
2;2. Mose;2Mo;14;27;2Mo 14,27;Die Ägypter gehen unter;Da streckte Mose seine Hand über das Meer aus. Und als der Morgen kam, strömte das Meer wieder an seinen Platz zurück. Die Ägypter flohen ihm genau entgegen. So stürzte der HERR die Ägypter mitten ins Meer.;"Moses stretched out his hand over the sea, and the sea returned to its strength when the morning appeared; and the Egyptians fled against it. Yahweh overthrew the Egyptians in the middle of the sea."
2;2. Mose;2Mo;14;28;2Mo 14,28;Die Ägypter gehen unter;Das Wasser kam zurück und bedeckte die Streitwagen und die Reiter, das ganze Heer des Pharao, das ihnen ins Meer gefolgt war. Nicht einer von ihnen blieb übrig.;The waters returned, and covered the chariots and the horsemen, even all Pharaoh’s army that went in after them into the sea. There remained not so much as one of them.
2;2. Mose;2Mo;14;29;2Mo 14,29;Die Ägypter gehen unter;Aber die Israeliten waren auf trockenem Boden mitten durch das Meer gegangen. Das Wasser hatte rechts und links von ihnen wie eine Mauer gestanden.;But the children of Israel walked on dry land in the middle of the sea, and the waters were a wall to them on their right hand and on their left.
2;2. Mose;2Mo;14;30;2Mo 14,30;Die Ägypter gehen unter;So rettete der HERR an diesem Tag Israel aus der Hand der Ägypter. Und Israel sah die Ägypter tot am Ufer des Meeres liegen.;"Thus Yahweh saved Israel that day out of the hand of the Egyptians; and Israel saw the Egyptians dead on the seashore."
2;2. Mose;2Mo;14;31;2Mo 14,31;Die Ägypter gehen unter;Israel sah die gewaltige Macht, mit der der HERR gegen die Ägypter gehandelt hatte. Da bekam das Volk Ehrfurcht vor dem HERRN. Und sie glaubten dem HERRN und seinem Diener Mose.;"Israel saw the great work which Yahweh did to the Egyptians, and the people feared Yahweh; and they believed in Yahweh and in his servant Moses."
2;2. Mose;2Mo;15;1;2Mo 15,1;Das Lied des Mose;Da sangen Mose und die Israeliten dem HERRN dieses Lied: „Ich will dem HERRN singen, denn er ist hoch erhaben. Pferd und Reiter hat er ins Meer gestürzt.;Then Moses and the children of Israel sang this song to Yahweh, and said, “I will sing to Yahweh, for he has triumphed gloriously. He has thrown the horse and his rider into the sea.
2;2. Mose;2Mo;15;2;2Mo 15,2;Das Lied des Mose;Der HERR ist meine Stärke und mein Lied. Er ist meine Rettung geworden. Das ist mein Gott, ihn will ich loben. Er ist der Gott meines Vaters, ihn will ich rühmen.;"Yah is my strength and song. He has become my salvation. This is my God, and I will praise him; my father’s God, and I will exalt him."
2;2. Mose;2Mo;15;3;2Mo 15,3;Das Lied des Mose;Der HERR ist ein Kämpfer. Der HERR ist sein Name.;Yahweh is a man of war. Yahweh is his name.
2;2. Mose;2Mo;15;4;2Mo 15,4;Das Lied des Mose;Die Streitwagen des Pharao und sein Heer hat er ins Meer geworfen. Seine besten Anführer sind im Roten Meer versunken.;He has cast Pharaoh’s chariots and his army into the sea. His chosen captains are sunk in the Red Sea.
2;2. Mose;2Mo;15;5;2Mo 15,5;Das Lied des Mose;Die Fluten haben sie bedeckt. Sie sind in die Tiefe gesunken wie ein Stein.;The deeps cover them. They went down into the depths like a stone.
2;2. Mose;2Mo;15;6;2Mo 15,6;Gottes starke Hand;Deine rechte Hand, HERR, ist herrlich in ihrer Kraft. Deine rechte Hand, HERR, zerschmettert den Feind.;Your right hand, Yahweh, is glorious in power. Your right hand, Yahweh, dashes the enemy in pieces.
2;2. Mose;2Mo;15;7;2Mo 15,7;Gottes starke Hand;In deiner großen Hoheit wirfst du alle nieder, die sich gegen dich erheben. Du lässt deinen Zorn los. Er verzehrt sie wie Stroh.;In the greatness of your excellency, you overthrow those who rise up against you. You send out your wrath. It consumes them as stubble.
2;2. Mose;2Mo;15;8;2Mo 15,8;Gottes starke Hand;Beim Schnauben deiner Nase türmte sich das Wasser auf. Die Fluten standen wie ein Damm. Die Tiefen erstarrten mitten im Meer.;With the blast of your nostrils, the waters were piled up. The floods stood upright as a heap. The deeps were congealed in the heart of the sea.
2;2. Mose;2Mo;15;9;2Mo 15,9;Gottes starke Hand;Der Feind sagte: ‚Ich jage ihnen nach, ich hole sie ein, ich verteile die Beute. Ich will meine Gier an ihnen stillen. Ich ziehe mein Schwert. Meine Hand soll sie vernichten.‘;The enemy said, ‘I will pursue. I will overtake. I will divide the plunder. My desire will be satisfied on them. I will draw my sword. My hand will destroy them.’
2;2. Mose;2Mo;15;10;2Mo 15,10;Gottes starke Hand;Da hast du mit deinem Wind geblasen. Das Meer hat sie bedeckt. Sie sind versunken wie Blei in den gewaltigen Wassern.;You blew with your wind. The sea covered them. They sank like lead in the mighty waters.
2;2. Mose;2Mo;15;11;2Mo 15,11;Gottes starke Hand;Wer ist wie du, HERR, unter den Göttern? Wer ist wie du, herrlich in Heiligkeit, ehrfurchtgebietend, wenn man dich lobt, du Wundertäter?;Who is like you, Yahweh, among the gods? Who is like you, glorious in holiness, fearful in praises, doing wonders?
2;2. Mose;2Mo;15;12;2Mo 15,12;Gottes starke Hand;Du hast deine rechte Hand ausgestreckt. Da hat die Erde sie verschlungen.;You stretched out your right hand. The earth swallowed them.
2;2. Mose;2Mo;15;13;2Mo 15,13;Gott führt sein Volk;In deiner Güte hast du das Volk geführt, das du befreit hast. In deiner Kraft hast du es zu deiner heiligen Wohnung geleitet.;“You, in your loving kindness, have led the people that you have redeemed. You have guided them in your strength to your holy habitation.
2;2. Mose;2Mo;15;14;2Mo 15,14;Gott führt sein Volk;Die Völker haben es gehört, und sie zittern. Angst packt die Bewohner von Philistäa.;The peoples have heard. They tremble. Pangs have taken hold of the inhabitants of Philistia.
2;2. Mose;2Mo;15;15;2Mo 15,15;Gott führt sein Volk;Da erschrecken die Fürsten von Edom. Zittern packt die starken Männer von Moab. Alle Bewohner von Kanaan verlieren den Mut.;Then the chiefs of Edom were dismayed. Trembling takes hold of the mighty men of Moab. All the inhabitants of Canaan have melted away.
2;2. Mose;2Mo;15;16;2Mo 15,16;Gott führt sein Volk;Schrecken und Furcht fallen über sie. Wegen der Kraft deines Armes werden sie starr wie ein Stein, bis dein Volk vorüberzieht, HERR, bis das Volk vorüberzieht, das du dir erworben hast.;Terror and dread falls on them. By the greatness of your arm they are as still as a stone, until your people pass over, Yahweh, until the people you have purchased pass over.
2;2. Mose;2Mo;15;17;2Mo 15,17;Gott führt sein Volk;Du bringst sie hinein und pflanzt sie ein auf dem Berg, der dir gehört, an dem Ort, HERR, den du dir zur Wohnung gemacht hast, im Heiligtum, Herr, das deine Hände gegründet haben.;You will bring them in, and plant them in the mountain of your inheritance, the place, Yahweh, which you have made for yourself to dwell in: the sanctuary, Lord, which your hands have established.
2;2. Mose;2Mo;15;18;2Mo 15,18;Gott führt sein Volk;Der HERR ist König für immer und ewig!“;Yahweh will reign forever and ever.”
2;2. Mose;2Mo;15;19;2Mo 15,19;Mirjam tanzt;Denn die Pferde des Pharao waren mit seinen Streitwagen und seinen Reitern ins Meer gezogen. Und der HERR hatte das Wasser des Meeres über sie zurückfluten lassen. Die Israeliten aber waren auf trockenem Boden mitten durch das Meer gegangen.;"For the horses of Pharaoh went in with his chariots and with his horsemen into the sea, and Yahweh brought back the waters of the sea on them; but the children of Israel walked on dry land in the middle of the sea."
2;2. Mose;2Mo;15;20;2Mo 15,20;Mirjam tanzt;Da nahm die Prophetin Mirjam, die Schwester von Aaron, eine Handtrommel in die Hand. Alle Frauen zogen mit Handtrommeln und Tänzen hinter ihr her.;"Miriam the prophetess, the sister of Aaron, took a tambourine in her hand; and all the women went out after her with tambourines and with dances."
2;2. Mose;2Mo;15;21;2Mo 15,21;Mirjam tanzt;Und Mirjam sang ihnen vor: „Singt dem HERRN, denn er ist hoch erhaben. Pferd und Reiter hat er ins Meer gestürzt.“;Miriam answered them, “Sing to Yahweh, for he has triumphed gloriously. He has thrown the horse and his rider into the sea.”
2;2. Mose;2Mo;15;22;2Mo 15,22;Bitteres Wasser wird süß;Dann ließ Mose die Israeliten vom Roten Meer aufbrechen. Sie zogen in die Wüste Schur. Drei Tage lang wanderten sie durch die Wüste und fanden kein Wasser.;"Moses led Israel onward from the Red Sea, and they went out into the wilderness of Shur; and they went three days in the wilderness, and found no water."
2;2. Mose;2Mo;15;23;2Mo 15,23;Bitteres Wasser wird süß;Dann kamen sie nach Mara. Aber sie konnten das Wasser von Mara nicht trinken, denn es war bitter. Darum heißt der Ort Mara, das bedeutet „bitter“.;When they came to Marah, they couldn’t drink from the waters of Marah, for they were bitter. Therefore its name was called Marah.
2;2. Mose;2Mo;15;24;2Mo 15,24;Bitteres Wasser wird süß;Da murrte das Volk gegen Mose. Sie sagten: „Was sollen wir trinken?“;The people murmured against Moses, saying, “What shall we drink?”
2;2. Mose;2Mo;15;25;2Mo 15,25;Bitteres Wasser wird süß;Mose schrie zum HERRN. Und der HERR zeigte ihm ein Stück Holz. Mose warf es ins Wasser. Da wurde das Wasser süß. Dort gab Gott dem Volk eine Ordnung und ein Recht. Und dort stellte er es auf die Probe.;Then he cried to Yahweh. Yahweh showed him a tree, and he threw it into the waters, and the waters were made sweet. There he made a statute and an ordinance for them, and there he tested them.
2;2. Mose;2Mo;15;26;2Mo 15,26;Bitteres Wasser wird süß;Er sagte: „Wenn du wirklich auf die Stimme des HERRN, deines Gottes, hörst, wenn du tust, was in seinen Augen richtig ist, wenn du auf seine Gebote achtest und alle seine Ordnungen hältst, dann werde ich keine der Krankheiten über dich bringen, die ich über die Ägypter gebracht habe. Denn ich bin der HERR, dein Arzt.“;"He said, “If you will diligently listen to Yahweh your God’s voice, and will do that which is right in his eyes, and will pay attention to his commandments, and keep all his statutes, I will put none of the diseases on you which I have put on the Egyptians; for I am Yahweh who heals you.”"
2;2. Mose;2Mo;15;27;2Mo 15,27;Bitteres Wasser wird süß;Dann kamen sie nach Elim. Dort gab es zwölf Wasserquellen und 70 Palmen. Dort am Wasser schlugen sie ihr Lager auf.;They came to Elim, where there were twelve springs of water and seventy palm trees. They encamped there by the waters.
2;2. Mose;2Mo;16;1;2Mo 16,1;Das Volk hat Hunger;Sie brachen von Elim auf. Die ganze Gemeinde der Israeliten kam in die Wüste Sin, die zwischen Elim und dem Sinai liegt. Das war am 15. Tag des zweiten Monats, nachdem sie aus dem Land Ägypten ausgezogen waren.;They took their journey from Elim, and all the congregation of the children of Israel came to the wilderness of Sin, which is between Elim and Sinai, on the fifteenth day of the second month after their departing out of the land of Egypt.
2;2. Mose;2Mo;16;2;2Mo 16,2;Das Volk hat Hunger;In der Wüste murrte die ganze Gemeinde der Israeliten gegen Mose und Aaron.;"The whole congregation of the children of Israel murmured against Moses and against Aaron in the wilderness;"
2;2. Mose;2Mo;16;3;2Mo 16,3;Das Volk hat Hunger;Die Israeliten sagten zu ihnen: „Wären wir doch im Land Ägypten durch die Hand des HERRN gestorben! Dort saßen wir bei den Fleischtöpfen und hatten Brot genug zu essen. Aber ihr habt uns in diese Wüste herausgeführt, um diese ganze Versammlung verhungern zu lassen!“;and the children of Israel said to them, “We wish that we had died by Yahweh’s hand in the land of Egypt, when we sat by the meat pots, when we ate our fill of bread, for you have brought us out into this wilderness to kill this whole assembly with hunger.”
2;2. Mose;2Mo;16;4;2Mo 16,4;Gott verspricht Brot vom Himmel;Da sagte der HERR zu Mose: „Schau: Ich lasse für euch Brot vom Himmel regnen. Das Volk soll jeden Tag hinausgehen und so viel sammeln, wie es für diesen Tag braucht. So will ich sie prüfen, ob sie nach meiner Weisung leben oder nicht.;Then Yahweh said to Moses, “Behold, I will rain bread from the sky for you, and the people shall go out and gather a day’s portion every day, that I may test them, whether they will walk in my law or not.
2;2. Mose;2Mo;16;5;2Mo 16,5;Gott verspricht Brot vom Himmel;Am sechsten Tag sollen sie zubereiten, was sie heimbringen. Und das wird doppelt so viel sein, wie sie an den anderen Tagen sammeln.“;It shall come to pass on the sixth day, that they shall prepare that which they bring in, and it shall be twice as much as they gather daily.”
2;2. Mose;2Mo;16;6;2Mo 16,6;Gott verspricht Brot vom Himmel;Da sagten Mose und Aaron zu allen Israeliten: „Heute Abend werdet ihr erkennen, dass der HERR euch aus dem Land Ägypten herausgeführt hat.;Moses and Aaron said to all the children of Israel, “At evening, you shall know that Yahweh has brought you out from the land of Egypt.
2;2. Mose;2Mo;16;7;2Mo 16,7;Gott verspricht Brot vom Himmel;Und morgen früh werdet ihr die Herrlichkeit des HERRN sehen. Denn er hat euer Murren gegen den HERRN gehört. Wer sind wir denn, dass ihr gegen uns murrt?“;"In the morning, you shall see Yahweh’s glory; because he hears your murmurings against Yahweh. Who are we, that you murmur against us?”"
2;2. Mose;2Mo;16;8;2Mo 16,8;Gott verspricht Brot vom Himmel;Und Mose sagte: „Der HERR wird euch am Abend Fleisch zu essen geben und am Morgen Brot, so viel ihr wollt. Denn der HERR hat euer Murren gehört, mit dem ihr gegen ihn murrt. Wer sind wir denn? Euer Murren richtet sich nicht gegen uns, sondern gegen den HERRN.“;Moses said, “Now Yahweh will give you meat to eat in the evening, and in the morning bread to satisfy you, because Yahweh hears your murmurings which you murmur against him. And who are we? Your murmurings are not against us, but against Yahweh.”
2;2. Mose;2Mo;16;9;2Mo 16,9;Gott verspricht Brot vom Himmel;Mose sagte zu Aaron: „Sag der ganzen Gemeinde der Israeliten: ‚Kommt näher vor den HERRN, denn er hat euer Murren gehört.‘“;Moses said to Aaron, “Tell all the congregation of the children of Israel, ‘Come close to Yahweh, for he has heard your murmurings.’”
2;2. Mose;2Mo;16;10;2Mo 16,10;Gott verspricht Brot vom Himmel;Während Aaron zur ganzen Gemeinde der Israeliten redete, schauten sie zur Wüste hin. Und schau: Da erschien die Herrlichkeit des HERRN in der Wolke.;As Aaron spoke to the whole congregation of the children of Israel, they looked toward the wilderness, and behold, Yahweh’s glory appeared in the cloud.
2;2. Mose;2Mo;16;11;2Mo 16,11;Gott verspricht Brot vom Himmel;Der HERR sagte zu Mose:;Yahweh spoke to Moses, saying,
2;2. Mose;2Mo;16;12;2Mo 16,12;Gott verspricht Brot vom Himmel;„Ich habe das Murren der Israeliten gehört. Sag zu ihnen: ‚Am Abend werdet ihr Fleisch essen. Und am Morgen werdet ihr satt werden von Brot. Dann werdet ihr erkennen, dass ich der HERR bin, euer Gott.‘“;“I have heard the murmurings of the children of Israel. Speak to them, saying, ‘At evening you shall eat meat, and in the morning you shall be filled with bread. Then you will know that I am Yahweh your God.’”
2;2. Mose;2Mo;16;13;2Mo 16,13;Wachteln und Manna;Am Abend kamen Wachteln und bedeckten das Lager. Und am Morgen lag rings um das Lager Tau.;"In the evening, quail came up and covered the camp; and in the morning the dew lay around the camp."
2;2. Mose;2Mo;16;14;2Mo 16,14;Wachteln und Manna;Als der Tau verdunstet war – schau: Da lag auf dem Boden der Wüste etwas Feines, Körniges, so fein wie Reif auf der Erde.;When the dew that lay had gone, behold, on the surface of the wilderness was a small round thing, small as the frost on the ground.
2;2. Mose;2Mo;16;15;2Mo 16,15;Wachteln und Manna;Die Israeliten sahen es und sagten zueinander: „Was ist das?“ Denn sie wussten nicht, was es war. Mose sagte zu ihnen: „Das ist das Brot, das der HERR euch zu essen gibt.;When the children of Israel saw it, they said to one another, “What is it?” For they didn’t know what it was. Moses said to them, “It is the bread which Yahweh has given you to eat.
2;2. Mose;2Mo;16;16;2Mo 16,16;Wachteln und Manna;Und das hat der HERR befohlen: ‚Jeder soll so viel davon sammeln, wie er zum Essen braucht. Für jede Person ein Omer. Jeder soll für alle sammeln, die in seinem Zelt wohnen.‘“;"This is the thing which Yahweh has commanded: ‘Gather of it everyone according to his eating; an omer a head, according to the number of your persons, you shall take it, every man for those who are in his tent.’”"
2;2. Mose;2Mo;16;17;2Mo 16,17;Wachteln und Manna;Die Israeliten machten es so. Manche sammelten viel, manche wenig.;The children of Israel did so, and some gathered more, some less.
2;2. Mose;2Mo;16;18;2Mo 16,18;Wachteln und Manna;Aber als sie es mit dem Omer abmaßen, hatte der, der viel gesammelt hatte, nichts übrig. Und der, der wenig gesammelt hatte, hatte nicht zu wenig. Jeder hatte so viel gesammelt, wie er zum Essen brauchte.;When they measured it with an omer, he who gathered much had nothing over, and he who gathered little had no lack. They each gathered according to his eating.
2;2. Mose;2Mo;16;19;2Mo 16,19;Wachteln und Manna;Mose sagte zu ihnen: „Niemand soll etwas davon bis zum nächsten Morgen übrig lassen.“;Moses said to them, “Let no one leave of it until the morning.”
2;2. Mose;2Mo;16;20;2Mo 16,20;Wachteln und Manna;Aber sie hörten nicht auf Mose. Einige ließen etwas bis zum Morgen übrig. Da wurde es voller Würmer und stank. Und Mose wurde zornig auf sie.;"Notwithstanding they didn’t listen to Moses, but some of them left of it until the morning, so it bred worms and became foul; and Moses was angry with them."
2;2. Mose;2Mo;16;21;2Mo 16,21;Wachteln und Manna;So sammelten sie es jeden Morgen, jeder so viel, wie er zum Essen brauchte. Wenn die Sonne heiß wurde, schmolz es.;They gathered it morning by morning, everyone according to his eating. When the sun grew hot, it melted.
2;2. Mose;2Mo;16;22;2Mo 16,22;Das Manna und der Sabbat;Am sechsten Tag sammelten sie doppelt so viel Brot, zwei Omer für jeden. Da kamen alle Anführer der Gemeinde und erzählten es Mose.;"On the sixth day, they gathered twice as much bread, two omers for each one; and all the rulers of the congregation came and told Moses."
2;2. Mose;2Mo;16;23;2Mo 16,23;Das Manna und der Sabbat;Er sagte zu ihnen: „Das hat der HERR gesagt: ‚Morgen ist ein Ruhetag, ein heiliger Sabbat für den HERRN. Backt, was ihr backen wollt, und kocht, was ihr kochen wollt. Und alles, was übrig bleibt, legt euch für morgen früh beiseite.‘“;"He said to them, “This is that which Yahweh has spoken, ‘Tomorrow is a solemn rest, a holy Sabbath to Yahweh. Bake that which you want to bake, and boil that which you want to boil; and all that remains over lay up for yourselves to be kept until the morning.’”"
2;2. Mose;2Mo;16;24;2Mo 16,24;Das Manna und der Sabbat;Sie legten es bis zum Morgen beiseite, wie Mose es befohlen hatte. Und es stank nicht, und es waren keine Würmer darin.;They laid it up until the morning, as Moses ordered, and it didn’t become foul, and there were no worms in it.
2;2. Mose;2Mo;16;25;2Mo 16,25;Das Manna und der Sabbat;Mose sagte: „Esst es heute. Denn heute ist ein Sabbat für den HERRN. Heute werdet ihr nichts auf dem Feld finden.;Moses said, “Eat that today, for today is a Sabbath to Yahweh. Today you shall not find it in the field.
2;2. Mose;2Mo;16;26;2Mo 16,26;Das Manna und der Sabbat;Sechs Tage lang sollt ihr es sammeln. Aber am siebten Tag ist Sabbat. An diesem Tag wird es keins geben.“;Six days you shall gather it, but on the seventh day is the Sabbath. In it there shall be none.”
2;2. Mose;2Mo;16;27;2Mo 16,27;Das Manna und der Sabbat;Trotzdem gingen am siebten Tag einige aus dem Volk hinaus, um zu sammeln. Aber sie fanden nichts.;On the seventh day, some of the people went out to gather, and they found none.
2;2. Mose;2Mo;16;28;2Mo 16,28;Das Manna und der Sabbat;Da sagte der HERR zu Mose: „Wie lange wollt ihr euch noch weigern, meine Gebote und Weisungen zu halten?;Yahweh said to Moses, “How long do you refuse to keep my commandments and my laws?
2;2. Mose;2Mo;16;29;2Mo 16,29;Das Manna und der Sabbat;Seht doch: Der HERR hat euch den Sabbat geschenkt. Darum gibt er euch am sechsten Tag Brot für zwei Tage. Jeder soll an seinem Platz bleiben. Niemand soll am siebten Tag von seinem Platz weggehen.“;Behold, because Yahweh has given you the Sabbath, therefore he gives you on the sixth day the bread of two days. Everyone stay in his place. Let no one go out of his place on the seventh day.”
2;2. Mose;2Mo;16;30;2Mo 16,30;Das Manna und der Sabbat;So ruhte das Volk am siebten Tag.;So the people rested on the seventh day.
2;2. Mose;2Mo;16;31;2Mo 16,31;Ein Krug Manna zur Erinnerung;Die Israeliten nannten es „Manna“. Es war weiß wie Koriandersamen. Und es schmeckte wie Waffeln mit Honig.;"The house of Israel called its name “Manna”, and it was like coriander seed, white; and its taste was like wafers with honey."
2;2. Mose;2Mo;16;32;2Mo 16,32;Ein Krug Manna zur Erinnerung;Mose sagte: „Das hat der HERR befohlen: ‚Füllt ein Omer davon ab und bewahrt es für eure Nachkommen auf. Sie sollen das Brot sehen, mit dem ich euch in der Wüste ernährt habe, als ich euch aus dem Land Ägypten herausgeführt habe.‘“;Moses said, “This is the thing which Yahweh has commanded, ‘Let an omer-full of it be kept throughout your generations, that they may see the bread with which I fed you in the wilderness, when I brought you out of the land of Egypt.’”
2;2. Mose;2Mo;16;33;2Mo 16,33;Ein Krug Manna zur Erinnerung;Mose sagte zu Aaron: „Nimm einen Krug und füll ein volles Omer Manna hinein. Stell ihn vor den HERRN, damit er für eure Nachkommen aufbewahrt wird.“;Moses said to Aaron, “Take a pot, and put an omer-full of manna in it, and lay it up before Yahweh, to be kept throughout your generations.”
2;2. Mose;2Mo;16;34;2Mo 16,34;Ein Krug Manna zur Erinnerung;Aaron stellte ihn vor das Zeugnis, damit er aufbewahrt wurde, so wie der HERR es Mose befohlen hatte.;As Yahweh commanded Moses, so Aaron laid it up before the Testimony, to be kept.
2;2. Mose;2Mo;16;35;2Mo 16,35;Ein Krug Manna zur Erinnerung;Die Israeliten aßen 40 Jahre lang Manna, bis sie in bewohntes Land kamen. Sie aßen Manna, bis sie an die Grenze des Landes Kanaan kamen.;The children of Israel ate the manna forty years, until they came to an inhabited land. They ate the manna until they came to the borders of the land of Canaan.
2;2. Mose;2Mo;16;36;2Mo 16,36;Ein Krug Manna zur Erinnerung;Ein Omer ist der zehnte Teil eines Efa.;Now an omer is one tenth of an ephah.
2;2. Mose;2Mo;17;1;2Mo 17,1;Kein Wasser in Refidim;Die ganze Gemeinde der Israeliten brach aus der Wüste Sin auf. Sie zogen von Rastplatz zu Rastplatz weiter, so wie der HERR es befahl. Dann schlugen sie ihr Lager in Refidim auf. Aber dort gab es kein Wasser für das Volk zum Trinken.;"All the congregation of the children of Israel traveled from the wilderness of Sin, starting according to Yahweh’s commandment, and encamped in Rephidim; but there was no water for the people to drink."
2;2. Mose;2Mo;17;2;2Mo 17,2;Kein Wasser in Refidim;Darum stritt das Volk mit Mose. Sie sagten: „Gib uns Wasser zum Trinken!“ Mose sagte zu ihnen: „Warum streitet ihr mit mir? Warum stellt ihr den HERRN auf die Probe?“;Therefore the people quarreled with Moses, and said, “Give us water to drink.” Moses said to them, “Why do you quarrel with me? Why do you test Yahweh?”
2;2. Mose;2Mo;17;3;2Mo 17,3;Kein Wasser in Refidim;Aber das Volk hatte dort großen Durst nach Wasser. Darum murrte das Volk gegen Mose. Sie sagten: „Warum hast du uns aus Ägypten heraufgeführt? Willst du uns, unsere Kinder und unser Vieh verdursten lassen?“;"The people were thirsty for water there; so the people murmured against Moses, and said, “Why have you brought us up out of Egypt, to kill us, our children, and our livestock with thirst?”"
2;2. Mose;2Mo;17;4;2Mo 17,4;Kein Wasser in Refidim;Da schrie Mose zum HERRN: „Was soll ich mit diesem Volk machen? Es fehlt nicht viel, und sie steinigen mich!“;Moses cried to Yahweh, saying, “What shall I do with these people? They are almost ready to stone me.”
2;2. Mose;2Mo;17;5;2Mo 17,5;Kein Wasser in Refidim;Der HERR sagte zu Mose: „Geh vor dem Volk her. Nimm einige von den Ältesten Israels mit. Nimm auch den Stab in die Hand, mit dem du auf den Nil geschlagen hast, und geh los.;Yahweh said to Moses, “Walk on before the people, and take the elders of Israel with you, and take the rod in your hand with which you struck the Nile, and go.
2;2. Mose;2Mo;17;6;2Mo 17,6;Kein Wasser in Refidim;Schau: Ich werde dort vor dir auf dem Felsen am Horeb stehen. Schlag auf den Felsen. Dann wird Wasser aus ihm herauskommen, und das Volk kann trinken.“ Mose machte es so, vor den Augen der Ältesten Israels.;Behold, I will stand before you there on the rock in Horeb. You shall strike the rock, and water will come out of it, that the people may drink.” Moses did so in the sight of the elders of Israel.
2;2. Mose;2Mo;17;7;2Mo 17,7;Kein Wasser in Refidim;Er nannte den Ort Massa und Meriba. Denn die Israeliten hatten dort gestritten. Und sie hatten den HERRN auf die Probe gestellt. Sie hatten gesagt: „Ist der HERR mitten unter uns oder nicht?“;He called the name of the place Massah, and Meribah, because the children of Israel quarreled, and because they tested Yahweh, saying, “Is Yahweh among us, or not?”
2;2. Mose;2Mo;17;8;2Mo 17,8;Der Kampf gegen Amalek;Dann kamen die Amalekiter und kämpften in Refidim gegen Israel.;Then Amalek came and fought with Israel in Rephidim.
2;2. Mose;2Mo;17;9;2Mo 17,9;Der Kampf gegen Amalek;Mose sagte zu Josua: „Such uns Männer aus und zieh in den Kampf gegen Amalek. Ich werde mich morgen oben auf den Hügel stellen, mit dem Stab Gottes in der Hand.“;Moses said to Joshua, “Choose men for us, and go out to fight with Amalek. Tomorrow I will stand on the top of the hill with God’s rod in my hand.”
2;2. Mose;2Mo;17;10;2Mo 17,10;Der Kampf gegen Amalek;Josua machte es so, wie Mose es ihm gesagt hatte, und kämpfte gegen Amalek. Mose, Aaron und Hur stiegen auf den Gipfel des Hügels.;"So Joshua did as Moses had told him, and fought with Amalek; and Moses, Aaron, and Hur went up to the top of the hill."
2;2. Mose;2Mo;17;11;2Mo 17,11;Der Kampf gegen Amalek;Solange Mose seine Hand hochhielt, war Israel stärker. Wenn er seine Hand sinken ließ, war Amalek stärker.;When Moses held up his hand, Israel prevailed. When he let down his hand, Amalek prevailed.
2;2. Mose;2Mo;17;12;2Mo 17,12;Der Kampf gegen Amalek;Aber Mose wurden die Arme schwer. Da nahmen sie einen Stein und schoben ihn unter ihn. Er setzte sich darauf. Aaron und Hur stützten seine Hände, der eine auf der einen Seite, der andere auf der anderen Seite. So blieben seine Hände fest, bis die Sonne unterging.;"But Moses’ hands were heavy; so they took a stone, and put it under him, and he sat on it. Aaron and Hur held up his hands, the one on the one side, and the other on the other side. His hands were steady until sunset."
2;2. Mose;2Mo;17;13;2Mo 17,13;Der Kampf gegen Amalek;Und Josua besiegte Amalek und sein Volk mit dem Schwert.;Joshua defeated Amalek and his people with the edge of the sword.
2;2. Mose;2Mo;17;14;2Mo 17,14;Ein Altar zur Erinnerung;Der HERR sagte zu Mose: „Schreib das zur Erinnerung in ein Buch. Und sag es Josua ganz deutlich: Ich werde die Erinnerung an Amalek unter dem Himmel völlig auslöschen.“;Yahweh said to Moses, “Write this for a memorial in a book, and rehearse it in the ears of Joshua: that I will utterly blot out the memory of Amalek from under the sky.”
2;2. Mose;2Mo;17;15;2Mo 17,15;Ein Altar zur Erinnerung;Mose baute einen Altar. Er nannte ihn „Der HERR ist unser Feldzeichen“.;Moses built an altar, and called its name “Yahweh our Banner”.
2;2. Mose;2Mo;17;16;2Mo 17,16;Ein Altar zur Erinnerung;Und er sagte: „Jah hat geschworen: Der HERR führt Krieg gegen Amalek von Generation zu Generation.“;He said, “Yah has sworn: ‘Yahweh will have war with Amalek from generation to generation.’”
2;2. Mose;2Mo;18;1;2Mo 18,1;Familienbesuch in der Wüste;Jitro, der Priester von Midian und Schwiegervater von Mose, hörte von allem, was Gott für Mose und für sein Volk Israel getan hatte. Er hörte, dass der HERR Israel aus Ägypten herausgeführt hatte.;Now Jethro, the priest of Midian, Moses’ father-in-law, heard of all that God had done for Moses and for Israel his people, how Yahweh had brought Israel out of Egypt.
2;2. Mose;2Mo;18;2;2Mo 18,2;Familienbesuch in der Wüste;Mose hatte seine Frau Zippora vorher zurückgeschickt. Jitro, der Schwiegervater von Mose, nahm sie;Jethro, Moses’ father-in-law, received Zipporah, Moses’ wife, after he had sent her away,
2;2. Mose;2Mo;18;3;2Mo 18,3;Familienbesuch in der Wüste;und ihre beiden Söhne mit. Der eine Sohn hieß Gerschom. Denn Mose hatte gesagt: „Ich bin ein Fremder in einem fremden Land.“;and her two sons. The name of one son was Gershom, for Moses said, “I have lived as a foreigner in a foreign land”.
2;2. Mose;2Mo;18;4;2Mo 18,4;Familienbesuch in der Wüste;Der andere hieß Eliëser. Denn Mose hatte gesagt: „Der Gott meines Vaters war meine Hilfe. Er hat mich vor dem Schwert des Pharao gerettet.“;The name of the other was Eliezer, for he said, “My father’s God was my help and delivered me from Pharaoh’s sword.”
2;2. Mose;2Mo;18;5;2Mo 18,5;Familienbesuch in der Wüste;Jitro, der Schwiegervater von Mose, kam mit den Söhnen und der Frau von Mose zu Mose in die Wüste. Mose hatte sein Lager am Berg Gottes aufgeschlagen.;Jethro, Moses’ father-in-law, came with Moses’ sons and his wife to Moses into the wilderness where he was encamped, at the Mountain of God.
2;2. Mose;2Mo;18;6;2Mo 18,6;Familienbesuch in der Wüste;Jitro ließ Mose ausrichten: „Ich, dein Schwiegervater Jitro, komme zu dir, mit deiner Frau und ihren beiden Söhnen.“;He said to Moses, “I, your father-in-law Jethro, have come to you with your wife, and her two sons with her.”
2;2. Mose;2Mo;18;7;2Mo 18,7;Familienbesuch in der Wüste;Da ging Mose seinem Schwiegervater entgegen. Er verneigte sich vor ihm und küsste ihn. Sie fragten einander, wie es ihnen gehe. Dann gingen sie ins Zelt.;Moses went out to meet his father-in-law, and bowed and kissed him. They asked each other of their welfare, and they came into the tent.
2;2. Mose;2Mo;18;8;2Mo 18,8;Familienbesuch in der Wüste;Mose erzählte seinem Schwiegervater alles, was der HERR wegen Israel mit dem Pharao und den Ägyptern gemacht hatte. Er erzählte von allen Mühen, die sie unterwegs erlebt hatten, und wie der HERR sie gerettet hatte.;Moses told his father-in-law all that Yahweh had done to Pharaoh and to the Egyptians for Israel’s sake, all the hardships that had come on them on the way, and how Yahweh delivered them.
2;2. Mose;2Mo;18;9;2Mo 18,9;Jitro lobt Gott;Jitro freute sich über all das Gute, das der HERR an Israel getan hatte. Er freute sich, dass er sie aus der Hand der Ägypter gerettet hatte.;Jethro rejoiced for all the goodness which Yahweh had done to Israel, in that he had delivered them out of the hand of the Egyptians.
2;2. Mose;2Mo;18;10;2Mo 18,10;Jitro lobt Gott;Jitro sagte: „Gelobt sei der HERR! Er hat euch aus der Hand der Ägypter und aus der Hand des Pharao gerettet. Er hat das Volk aus der Gewalt der Ägypter befreit.;"Jethro said, “Blessed be Yahweh, who has delivered you out of the hand of the Egyptians, and out of the hand of Pharaoh; who has delivered the people from under the hand of the Egyptians."
2;2. Mose;2Mo;18;11;2Mo 18,11;Jitro lobt Gott;Jetzt weiß ich, dass der HERR größer ist als alle Götter. Denn das hat sich gezeigt, als sie so überheblich mit dem Volk umgegangen sind.“;Now I know that Yahweh is greater than all gods because of the way that they treated people arrogantly.”
2;2. Mose;2Mo;18;12;2Mo 18,12;Jitro lobt Gott;Dann brachte Jitro, der Schwiegervater von Mose, Gott ein Brandopfer und andere Opfer dar. Und Aaron und alle Ältesten Israels kamen, um mit dem Schwiegervater von Mose vor Gott zu essen.;Jethro, Moses’ father-in-law, took a burnt offering and sacrifices for God. Aaron came with all the elders of Israel, to eat bread with Moses’ father-in-law before God.
2;2. Mose;2Mo;18;13;2Mo 18,13;Mose arbeitet zu viel;Am nächsten Tag setzte sich Mose hin, um für das Volk Recht zu sprechen. Und das Volk stand vom Morgen bis zum Abend um Mose herum.;On the next day, Moses sat to judge the people, and the people stood around Moses from the morning to the evening.
2;2. Mose;2Mo;18;14;2Mo 18,14;Mose arbeitet zu viel;Als der Schwiegervater von Mose sah, was er alles für das Volk tat, sagte er: „Was machst du da mit dem Volk? Warum sitzt du hier ganz allein, und das ganze Volk steht vom Morgen bis zum Abend um dich herum?“;When Moses’ father-in-law saw all that he did to the people, he said, “What is this thing that you do for the people? Why do you sit alone, and all the people stand around you from morning to evening?”
2;2. Mose;2Mo;18;15;2Mo 18,15;Mose arbeitet zu viel;Mose sagte zu seinem Schwiegervater: „Das Volk kommt zu mir, um Gott zu befragen.;Moses said to his father-in-law, “Because the people come to me to inquire of God.
2;2. Mose;2Mo;18;16;2Mo 18,16;Mose arbeitet zu viel;Wenn sie einen Streit haben, kommen sie zu mir. Dann entscheide ich, wer von beiden recht hat. Und ich erkläre ihnen die Ordnungen und Gesetze Gottes.“;When they have a matter, they come to me, and I judge between a man and his neighbor, and I make them know the statutes of God, and his laws.”
2;2. Mose;2Mo;18;17;2Mo 18,17;Mose arbeitet zu viel;Da sagte der Schwiegervater von Mose zu ihm: „Das ist nicht gut, wie du das machst.;Moses’ father-in-law said to him, “The thing that you do is not good.
2;2. Mose;2Mo;18;18;2Mo 18,18;Mose arbeitet zu viel;So wirst du dich völlig erschöpfen, du und auch das Volk, das bei dir ist. Denn diese Aufgabe ist zu schwer für dich. Du kannst sie nicht allein bewältigen.“;"You will surely wear away, both you, and this people that is with you; for the thing is too heavy for you. You are not able to perform it yourself alone."
2;2. Mose;2Mo;18;19;2Mo 18,19;Jitros Rat;„Hör jetzt auf mich. Ich will dir einen Rat geben, und Gott sei mit dir. Du sollst das Volk vor Gott vertreten. Bring ihre Anliegen vor Gott.;Listen now to my voice. I will give you counsel, and God be with you. You represent the people before God, and bring the causes to God.
2;2. Mose;2Mo;18;20;2Mo 18,20;Jitros Rat;Erkläre ihnen die Ordnungen und Gesetze. Zeig ihnen den Weg, auf dem sie gehen sollen, und was sie tun sollen.;You shall teach them the statutes and the laws, and shall show them the way in which they must walk, and the work that they must do.
2;2. Mose;2Mo;18;21;2Mo 18,21;Jitros Rat;Aber such dir aus dem ganzen Volk tüchtige Männer aus. Sie sollen Gott fürchten, zuverlässig sein und sich nicht bestechen lassen. Setz sie als Vorgesetzte über das Volk ein: über je tausend, über je hundert, über je fünfzig und über je zehn Menschen.;"Moreover you shall provide out of all the people able men which fear God: men of truth, hating unjust gain; and place such over them, to be rulers of thousands, rulers of hundreds, rulers of fifties, and rulers of tens."
2;2. Mose;2Mo;18;22;2Mo 18,22;Jitros Rat;Sie sollen dem Volk jederzeit Recht sprechen. Jede große Sache sollen sie zu dir bringen. Aber jede kleine Sache sollen sie selbst entscheiden. So wird es für dich leichter. Und sie tragen die Last mit dir zusammen.;Let them judge the people at all times. It shall be that every great matter they shall bring to you, but every small matter they shall judge themselves. So shall it be easier for you, and they shall share the load with you.
2;2. Mose;2Mo;18;23;2Mo 18,23;Jitros Rat;Wenn du das so machst und Gott es dir so befiehlt, dann kannst du durchhalten. Und das ganze Volk kann zufrieden nach Hause gehen.“;If you will do this thing, and God commands you so, then you will be able to endure, and all these people also will go to their place in peace.”
2;2. Mose;2Mo;18;24;2Mo 18,24;Mose hört auf den Rat;Mose hörte auf seinen Schwiegervater und machte alles so, wie er gesagt hatte.;So Moses listened to the voice of his father-in-law, and did all that he had said.
2;2. Mose;2Mo;18;25;2Mo 18,25;Mose hört auf den Rat;Mose wählte aus ganz Israel tüchtige Männer aus. Er machte sie zu Oberhäuptern über das Volk: zu Vorgesetzten über je tausend, über je hundert, über je fünfzig und über je zehn Menschen.;Moses chose able men out of all Israel, and made them heads over the people, rulers of thousands, rulers of hundreds, rulers of fifties, and rulers of tens.
2;2. Mose;2Mo;18;26;2Mo 18,26;Mose hört auf den Rat;Sie sprachen dem Volk jederzeit Recht. Die schwierigen Fälle brachten sie zu Mose. Aber jede kleine Sache entschieden sie selbst.;They judged the people at all times. They brought the hard cases to Moses, but every small matter they judged themselves.
2;2. Mose;2Mo;18;27;2Mo 18,27;Mose hört auf den Rat;Dann ließ Mose seinen Schwiegervater ziehen. Und er ging in sein Land zurück.;Moses let his father-in-law depart, and he went his way into his own land.
2;2. Mose;2Mo;19;1;2Mo 19,1;Ankunft am Berg Gottes;Im dritten Monat nach dem Auszug der Israeliten aus dem Land Ägypten, genau an diesem Tag, kamen sie in die Wüste Sinai.;In the third month after the children of Israel had gone out of the land of Egypt, on that same day they came into the wilderness of Sinai.
2;2. Mose;2Mo;19;2;2Mo 19,2;Ankunft am Berg Gottes;Sie waren von Refidim aufgebrochen und in die Wüste Sinai gekommen. Dort schlugen sie in der Wüste ihr Lager auf. Israel lagerte gegenüber dem Berg.;"When they had departed from Rephidim, and had come to the wilderness of Sinai, they encamped in the wilderness; and there Israel encamped before the mountain."
2;2. Mose;2Mo;19;3;2Mo 19,3;Gottes Angebot;Mose stieg zu Gott hinauf. Da rief der HERR ihm vom Berg aus zu: „So sollst du zum Haus Jakob sagen, und das sollst du den Israeliten verkünden:;Moses went up to God, and Yahweh called to him out of the mountain, saying, “This is what you shall tell the house of Jacob, and tell the children of Israel:
2;2. Mose;2Mo;19;4;2Mo 19,4;Gottes Angebot;‚Ihr habt gesehen, was ich mit den Ägyptern gemacht habe. Ihr habt gesehen, wie ich euch auf Adlerflügeln getragen und zu mir gebracht habe.;‘You have seen what I did to the Egyptians, and how I bore you on eagles’ wings, and brought you to myself.
2;2. Mose;2Mo;19;5;2Mo 19,5;Gottes Angebot;Wenn ihr jetzt wirklich auf meine Stimme hört und meinen Bund haltet, dann sollt ihr unter allen Völkern mein ganz besonderes Eigentum sein. Denn mir gehört die ganze Erde.;"Now therefore, if you will indeed obey my voice and keep my covenant, then you shall be my own possession from among all peoples; for all the earth is mine;"
2;2. Mose;2Mo;19;6;2Mo 19,6;Gottes Angebot;Ihr sollt für mich ein Königreich von Priestern sein und ein heiliges Volk.‘ Das sind die Worte, die du den Israeliten sagen sollst.“;and you shall be to me a kingdom of priests and a holy nation.’ These are the words which you shall speak to the children of Israel.”
2;2. Mose;2Mo;19;7;2Mo 19,7;Gottes Angebot;Mose kam herunter. Er rief die Ältesten des Volkes zusammen und sagte ihnen alles, was der HERR ihm aufgetragen hatte.;Moses came and called for the elders of the people, and set before them all these words which Yahweh commanded him.
2;2. Mose;2Mo;19;8;2Mo 19,8;Gottes Angebot;Da antwortete das ganze Volk gemeinsam: „Alles, was der HERR gesagt hat, wollen wir tun.“ Und Mose brachte die Antwort des Volkes zum HERRN zurück.;All the people answered together, and said, “All that Yahweh has spoken we will do.” Moses reported the words of the people to Yahweh.
2;2. Mose;2Mo;19;9;2Mo 19,9;Vorbereitung auf die Begegnung mit Gott;Der HERR sagte zu Mose: „Schau, ich komme zu dir in einer dichten Wolke. Das Volk soll hören, wie ich mit dir rede. Dann wird es dir für immer glauben.“ Und Mose sagte dem HERRN, was das Volk geantwortet hatte.;Yahweh said to Moses, “Behold, I come to you in a thick cloud, that the people may hear when I speak with you, and may also believe you forever.” Moses told the words of the people to Yahweh.
2;2. Mose;2Mo;19;10;2Mo 19,10;Vorbereitung auf die Begegnung mit Gott;Der HERR sagte zu Mose: „Geh zum Volk. Bereite es heute und morgen darauf vor, mir zu begegnen. Sie sollen ihre Kleider waschen.;Yahweh said to Moses, “Go to the people, and sanctify them today and tomorrow, and let them wash their garments,
2;2. Mose;2Mo;19;11;2Mo 19,11;Vorbereitung auf die Begegnung mit Gott;Am dritten Tag sollen sie bereit sein. Denn am dritten Tag wird der HERR vor den Augen des ganzen Volkes auf den Berg Sinai herabkommen.;"and be ready for the third day; for on the third day Yahweh will come down in the sight of all the people on Mount Sinai."
2;2. Mose;2Mo;19;12;2Mo 19,12;Vorbereitung auf die Begegnung mit Gott;Zieh rund um den Berg eine Grenze für das Volk. Sag zu ihnen: ‚Hütet euch davor, auf den Berg zu steigen oder auch nur seinen Rand zu berühren. Jeder, der den Berg berührt, muss sterben.;You shall set bounds to the people all around, saying, ‘Be careful that you don’t go up onto the mountain, or touch its border. Whoever touches the mountain shall be surely put to death.
2;2. Mose;2Mo;19;13;2Mo 19,13;Vorbereitung auf die Begegnung mit Gott;Keine Hand soll ihn berühren. Er soll gesteinigt oder mit Pfeilen erschossen werden. Egal ob Tier oder Mensch: Er darf nicht am Leben bleiben.‘ Erst wenn das Widderhorn lange ertönt, dürfen sie zum Berg hinaufkommen.“;"No hand shall touch him, but he shall surely be stoned or shot through; whether it is animal or man, he shall not live.’ When the trumpet sounds long, they shall come up to the mountain.”"
2;2. Mose;2Mo;19;14;2Mo 19,14;Vorbereitung auf die Begegnung mit Gott;Da stieg Mose vom Berg zum Volk hinab. Er bereitete das Volk vor, und sie wuschen ihre Kleider.;"Moses went down from the mountain to the people, and sanctified the people; and they washed their clothes."
2;2. Mose;2Mo;19;15;2Mo 19,15;Vorbereitung auf die Begegnung mit Gott;Er sagte zum Volk: „Seid bis zum dritten Tag bereit. Schlaft in dieser Zeit nicht mit einer Frau.“;He said to the people, “Be ready by the third day. Don’t have sexual relations with a woman.”
2;2. Mose;2Mo;19;16;2Mo 19,16;Gott kommt auf den Berg;Am dritten Tag, als es Morgen wurde, begann es zu donnern und zu blitzen. Eine dichte Wolke lag auf dem Berg. Und ein sehr lauter Hörnerschall ertönte. Da zitterte das ganze Volk im Lager.;"On the third day, when it was morning, there were thunders and lightnings, and a thick cloud on the mountain, and the sound of an exceedingly loud trumpet; and all the people who were in the camp trembled."
2;2. Mose;2Mo;19;17;2Mo 19,17;Gott kommt auf den Berg;Mose führte das Volk aus dem Lager hinaus, Gott entgegen. Unten am Berg stellten sie sich auf.;"Moses led the people out of the camp to meet God; and they stood at the lower part of the mountain."
2;2. Mose;2Mo;19;18;2Mo 19,18;Gott kommt auf den Berg;Der ganze Berg Sinai war in Rauch gehüllt. Denn der HERR war im Feuer auf ihn herabgekommen. Der Rauch stieg auf wie der Rauch von einem Schmelzofen. Und der ganze Berg bebte heftig.;"All of Mount Sinai smoked, because Yahweh descended on it in fire; and its smoke ascended like the smoke of a furnace, and the whole mountain quaked greatly."
2;2. Mose;2Mo;19;19;2Mo 19,19;Gott kommt auf den Berg;Der Hörnerschall wurde immer lauter. Mose redete, und Gott antwortete ihm mit lauter Stimme.;When the sound of the trumpet grew louder and louder, Moses spoke, and God answered him by a voice.
2;2. Mose;2Mo;19;20;2Mo 19,20;Gott kommt auf den Berg;Der HERR kam auf den Berg Sinai herab, auf den Gipfel des Berges. Und der HERR rief Mose auf den Gipfel des Berges. Da stieg Mose hinauf.;Yahweh came down on Mount Sinai, to the top of the mountain. Yahweh called Moses to the top of the mountain, and Moses went up.
2;2. Mose;2Mo;19;21;2Mo 19,21;Gott kommt auf den Berg;Der HERR sagte zu Mose: „Geh hinunter und warne das Volk. Sie sollen nicht über die Grenze zum HERRN hinaufdrängen, um ihn zu sehen. Sonst kommen viele von ihnen um.;Yahweh said to Moses, “Go down, warn the people, lest they break through to Yahweh to gaze, and many of them perish.
2;2. Mose;2Mo;19;22;2Mo 19,22;Gott kommt auf den Berg;Auch die Priester, die sich dem HERRN nähern dürfen, sollen sich vorbereiten. Sonst wird der HERR gegen sie losbrechen.“;Let the priests also, who come near to Yahweh, sanctify themselves, lest Yahweh break out on them.”
2;2. Mose;2Mo;19;23;2Mo 19,23;Gott kommt auf den Berg;Mose sagte zum HERRN: „Das Volk kann nicht auf den Berg Sinai steigen. Denn du selbst hast uns gewarnt und gesagt: ‚Zieh eine Grenze um den Berg und erkläre ihn für heilig.‘“;Moses said to Yahweh, “The people can’t come up to Mount Sinai, for you warned us, saying, ‘Set bounds around the mountain, and sanctify it.’”
2;2. Mose;2Mo;19;24;2Mo 19,24;Gott kommt auf den Berg;Der HERR sagte zu ihm: „Geh hinunter! Dann komm wieder herauf, du und Aaron mit dir. Aber die Priester und das Volk sollen nicht hinaufdrängen, um zum HERRN heraufzukommen. Sonst wird er gegen sie losbrechen.“;Yahweh said to him, “Go down! You shall bring Aaron up with you, but don’t let the priests and the people break through to come up to Yahweh, lest he break out against them.”
2;2. Mose;2Mo;19;25;2Mo 19,25;Gott kommt auf den Berg;Da stieg Mose zum Volk hinab und sagte es ihnen.;So Moses went down to the people, and told them.
2;2. Mose;2Mo;20;1;2Mo 20,1;Ich bin der HERR, dein Gott;Dann sprach Gott alle diese Worte:;God spoke all these words, saying,
2;2. Mose;2Mo;20;2;2Mo 20,2;Ich bin der HERR, dein Gott;„Ich bin der HERR, dein Gott. Ich habe dich aus dem Land Ägypten herausgeführt, aus dem Haus der Sklaverei.;“I am Yahweh your God, who brought you out of the land of Egypt, out of the house of bondage.
2;2. Mose;2Mo;20;3;2Mo 20,3;Keine anderen Götter;Du sollst keine anderen Götter neben mir haben.;“You shall have no other gods before me.
2;2. Mose;2Mo;20;4;2Mo 20,4;Keine anderen Götter;Du sollst dir kein Götzenbild machen. Du sollst dir überhaupt kein Bild machen von irgendetwas, was oben im Himmel ist oder unten auf der Erde oder im Wasser unter der Erde.;“You shall not make for yourselves an idol, nor any image of anything that is in the heavens above, or that is on the earth beneath, or that is in the water under the earth:
2;2. Mose;2Mo;20;5;2Mo 20,5;Keine anderen Götter;Du sollst dich nicht vor ihnen niederwerfen und ihnen nicht dienen. Denn ich, der HERR, dein Gott, bin ein eifersüchtiger Gott. Bei denen, die mich hassen, verfolge ich die Schuld der Väter bis zu den Kindern, bis in die dritte und vierte Generation.;you shall not bow yourself down to them, nor serve them, for I, Yahweh your God, am a jealous God, visiting the iniquity of the fathers on the children, on the third and on the fourth generation of those who hate me,
2;2. Mose;2Mo;20;6;2Mo 20,6;Keine anderen Götter;Aber wer mich liebt und meine Gebote hält, dem erweise ich meine Güte bis in die tausendste Generation.;and showing loving kindness to thousands of those who love me and keep my commandments.
2;2. Mose;2Mo;20;7;2Mo 20,7;Gottes Namen nicht missbrauchen;Du sollst den Namen des HERRN, deines Gottes, nicht missbrauchen. Denn der HERR wird jeden bestrafen, der seinen Namen missbraucht.;“You shall not misuse the name of Yahweh your God, for Yahweh will not hold him guiltless who misuses his name.
2;2. Mose;2Mo;20;8;2Mo 20,8;Der Sabbat;Denk an den Sabbattag. Halte ihn heilig.;“Remember the Sabbath day, to keep it holy.
2;2. Mose;2Mo;20;9;2Mo 20,9;Der Sabbat;Sechs Tage lang sollst du arbeiten und alle deine Arbeit tun.;You shall labor six days, and do all your work,
2;2. Mose;2Mo;20;10;2Mo 20,10;Der Sabbat;Aber der siebte Tag ist ein Ruhetag für den HERRN, deinen Gott. An diesem Tag sollst du keine Arbeit tun: du nicht, dein Sohn nicht, deine Tochter nicht, dein Knecht nicht, deine Magd nicht, dein Vieh nicht und auch nicht der Fremde, der bei dir in deiner Stadt lebt.;"but the seventh day is a Sabbath to Yahweh your God. You shall not do any work in it, you, nor your son, nor your daughter, your male servant, nor your female servant, nor your livestock, nor your stranger who is within your gates;"
2;2. Mose;2Mo;20;11;2Mo 20,11;Der Sabbat;Denn in sechs Tagen hat der HERR Himmel und Erde gemacht, das Meer und alles, was darin ist. Und am siebten Tag hat er geruht. Darum hat der HERR den Sabbattag gesegnet und ihn heilig gemacht.;"for in six days Yahweh made heaven and earth, the sea, and all that is in them, and rested the seventh day; therefore Yahweh blessed the Sabbath day, and made it holy."
2;2. Mose;2Mo;20;12;2Mo 20,12;Vater und Mutter ehren;Ehre deinen Vater und deine Mutter. Dann wirst du lange in dem Land leben, das der HERR, dein Gott, dir gibt.;“Honor your father and your mother, that your days may be long in the land which Yahweh your God gives you.
2;2. Mose;2Mo;20;13;2Mo 20,13;Nicht töten;Du sollst nicht morden.;“You shall not murder.
2;2. Mose;2Mo;20;14;2Mo 20,14;Nicht die Ehe brechen;Du sollst nicht die Ehe brechen.;“You shall not commit adultery.
2;2. Mose;2Mo;20;15;2Mo 20,15;Nicht stehlen;Du sollst nicht stehlen.;“You shall not steal.
2;2. Mose;2Mo;20;16;2Mo 20,16;Nicht lügen;Du sollst keine falsche Aussage gegen deinen Mitmenschen machen.;“You shall not give false testimony against your neighbor.
2;2. Mose;2Mo;20;17;2Mo 20,17;Nicht begehren;Du sollst nicht das Haus deines Mitmenschen begehren. Du sollst nicht die Frau deines Mitmenschen begehren, nicht seinen Knecht, nicht seine Magd, nicht sein Rind, nicht seinen Esel und nichts, was deinem Mitmenschen gehört.“;“You shall not covet your neighbor’s house. You shall not covet your neighbor’s wife, nor his male servant, nor his female servant, nor his ox, nor his donkey, nor anything that is your neighbor’s.”
2;2. Mose;2Mo;20;18;2Mo 20,18;Das Volk hat Angst;Das ganze Volk erlebte den Donner und die Blitze, den Hörnerschall und den rauchenden Berg. Als das Volk das sah, zitterten sie und blieben in der Ferne stehen.;All the people perceived the thunderings, the lightnings, the sound of the trumpet, and the mountain smoking. When the people saw it, they trembled, and stayed at a distance.
2;2. Mose;2Mo;20;19;2Mo 20,19;Das Volk hat Angst;Sie sagten zu Mose: „Rede du mit uns, dann wollen wir zuhören. Aber Gott soll nicht mit uns reden. Sonst sterben wir.“;"They said to Moses, “Speak with us yourself, and we will listen; but don’t let God speak with us, lest we die.”"
2;2. Mose;2Mo;20;20;2Mo 20,20;Das Volk hat Angst;Mose sagte zum Volk: „Habt keine Angst! Gott ist gekommen, um euch zu prüfen. Ihr sollt Ehrfurcht vor ihm haben, damit ihr nicht sündigt.“;Moses said to the people, “Don’t be afraid, for God has come to test you, and that his fear may be before you, that you won’t sin.”
2;2. Mose;2Mo;20;21;2Mo 20,21;Das Volk hat Angst;So blieb das Volk in der Ferne stehen. Mose aber ging näher an das dunkle Gewölk heran, in dem Gott war.;The people stayed at a distance, and Moses came near to the thick darkness where God was.
2;2. Mose;2Mo;20;22;2Mo 20,22;Anweisungen für den Altar;Der HERR sagte zu Mose: „Sag zu den Israeliten: ‚Ihr habt selbst gesehen, dass ich vom Himmel aus mit euch geredet habe.;Yahweh said to Moses, “This is what you shall tell the children of Israel: ‘You yourselves have seen that I have talked with you from heaven.
2;2. Mose;2Mo;20;23;2Mo 20,23;Anweisungen für den Altar;Macht euch neben mir keine Götter aus Silber oder Gold. Solche Götter sollt ihr euch auf keinen Fall machen.;You shall most certainly not make gods of silver or gods of gold for yourselves to be alongside me.
2;2. Mose;2Mo;20;24;2Mo 20,24;Anweisungen für den Altar;Macht mir einen Altar aus Erde. Auf ihm sollt ihr eure Brandopfer und eure Gemeinschaftsopfer darbringen, eure Schafe, Ziegen und Rinder. An jedem Ort, an dem ich meinen Namen in Erinnerung bringe, will ich zu dir kommen und dich segnen.;You shall make an altar of earth for me, and shall sacrifice on it your burnt offerings and your peace offerings, your sheep and your cattle. In every place where I record my name I will come to you and I will bless you.
2;2. Mose;2Mo;20;25;2Mo 20,25;Anweisungen für den Altar;Wenn du mir einen Altar aus Steinen machst, dann bau ihn nicht aus behauenen Steinen. Denn wenn du mit deinem Werkzeug darauf schlägst, machst du ihn unrein.;"If you make me an altar of stone, you shall not build it of cut stones; for if you lift up your tool on it, you have polluted it."
2;2. Mose;2Mo;20;26;2Mo 20,26;Anweisungen für den Altar;Und steig nicht auf Stufen zu meinem Altar hinauf. Sonst wird deine Blöße dabei sichtbar.‘“;You shall not go up by steps to my altar, that your nakedness may not be exposed to it.’
2;2. Mose;2Mo;21;1;2Mo 21,1;Einleitung;„Das sind die Rechtsordnungen, die du ihnen vorlegen sollst:;“Now these are the ordinances which you shall set before them:
2;2. Mose;2Mo;21;2;2Mo 21,2;Hebräische Sklaven werden frei;Wenn du einen hebräischen Sklaven kaufst, dann soll er sechs Jahre lang für dich arbeiten. Im siebten Jahr soll er frei werden, ohne dass er etwas bezahlen muss.;“If you buy a Hebrew servant, he shall serve six years, and in the seventh he shall go out free without paying anything.
2;2. Mose;2Mo;21;3;2Mo 21,3;Hebräische Sklaven werden frei;Wenn er allein gekommen ist, soll er allein gehen. Wenn er eine Frau hatte, soll seine Frau mit ihm gehen.;If he comes in by himself, he shall go out by himself. If he is married, then his wife shall go out with him.
2;2. Mose;2Mo;21;4;2Mo 21,4;Hebräische Sklaven werden frei;Wenn sein Herr ihm eine Frau gegeben hat und sie ihm Söhne oder Töchter geboren hat, dann gehören die Frau und ihre Kinder ihrem Herrn. Er aber soll allein gehen.;If his master gives him a wife and she bears him sons or daughters, the wife and her children shall be her master’s, and he shall go out by himself.
2;2. Mose;2Mo;21;5;2Mo 21,5;Hebräische Sklaven werden frei;Aber wenn der Sklave ausdrücklich sagt: ‚Ich liebe meinen Herrn, meine Frau und meine Kinder. Ich will nicht frei werden‘,;"But if the servant shall plainly say, ‘I love my master, my wife, and my children. I will not go out free;’"
2;2. Mose;2Mo;21;6;2Mo 21,6;Hebräische Sklaven werden frei;dann soll sein Herr ihn vor Gott bringen. Er soll ihn an die Tür oder an den Türpfosten stellen. Und sein Herr soll ihm mit einem spitzen Werkzeug das Ohrläppchen durchbohren. Dann soll er für immer sein Sklave bleiben.;then his master shall bring him to God, and shall bring him to the door or to the doorpost, and his master shall bore his ear through with an awl, and he shall serve him forever.
2;2. Mose;2Mo;21;7;2Mo 21,7;Schutz für Sklavinnen;Wenn ein Mann seine Tochter als Sklavin verkauft, dann soll sie nicht freigelassen werden wie die männlichen Sklaven.;“If a man sells his daughter to be a female servant, she shall not go out as the male servants do.
2;2. Mose;2Mo;21;8;2Mo 21,8;Schutz für Sklavinnen;Wenn sie ihrem Herrn nicht gefällt, der sie für sich als Frau bestimmt hat, dann soll er sie zurückkaufen lassen. Er hat kein Recht, sie an ein fremdes Volk zu verkaufen. Denn er hat ihr gegenüber treulos gehandelt.;If she doesn’t please her master, who has married her to himself, then he shall let her be redeemed. He shall have no right to sell her to a foreign people, since he has dealt deceitfully with her.
2;2. Mose;2Mo;21;9;2Mo 21,9;Schutz für Sklavinnen;Wenn er sie seinem Sohn zur Frau gibt, dann soll er sie wie eine Tochter behandeln.;If he marries her to his son, he shall deal with her as a daughter.
2;2. Mose;2Mo;21;10;2Mo 21,10;Schutz für Sklavinnen;Wenn er sich noch eine andere Frau nimmt, dann darf er ihr nichts wegnehmen: nicht ihr Essen, nicht ihre Kleidung und nicht ihr Recht auf eheliche Gemeinschaft.;If he takes another wife to himself, he shall not diminish her food, her clothing, and her marital rights.
2;2. Mose;2Mo;21;11;2Mo 21,11;Schutz für Sklavinnen;Wenn er ihr diese drei Dinge nicht gibt, dann darf sie frei weggehen, ohne etwas zu bezahlen.;If he doesn’t do these three things for her, she may go free without paying any money.
2;2. Mose;2Mo;21;12;2Mo 21,12;Totschlag und Mord;Wer einen Menschen so schlägt, dass er stirbt, der muss mit dem Tod bestraft werden.;“One who strikes a man so that he dies shall surely be put to death,
2;2. Mose;2Mo;21;13;2Mo 21,13;Totschlag und Mord;Wenn er es aber nicht absichtlich getan hat, sondern Gott es so geschehen ließ, dann will ich dir einen Ort bestimmen, wohin er fliehen kann.;"but not if it is unintentional, but God allows it to happen; then I will appoint you a place where he shall flee."
2;2. Mose;2Mo;21;14;2Mo 21,14;Totschlag und Mord;Wenn aber jemand absichtlich und hinterlistig seinen Mitmenschen umbringt, dann sollst du ihn sogar von meinem Altar wegholen, damit er stirbt.;If a man schemes and comes presumptuously on his neighbor to kill him, you shall take him from my altar, that he may die.
2;2. Mose;2Mo;21;15;2Mo 21,15;Totschlag und Mord;Wer seinen Vater oder seine Mutter schlägt, muss mit dem Tod bestraft werden.;“Anyone who attacks his father or his mother shall be surely put to death.
2;2. Mose;2Mo;21;16;2Mo 21,16;Totschlag und Mord;Wer einen Menschen entführt, um ihn zu verkaufen, oder bei wem man den Entführten noch findet, der muss mit dem Tod bestraft werden.;“Anyone who kidnaps someone and sells him, or if he is found in his hand, he shall surely be put to death.
2;2. Mose;2Mo;21;17;2Mo 21,17;Totschlag und Mord;Wer seinen Vater oder seine Mutter verflucht, muss mit dem Tod bestraft werden.;“Anyone who curses his father or his mother shall surely be put to death.
2;2. Mose;2Mo;21;18;2Mo 21,18;Körperverletzung;Wenn Männer miteinander streiten, und einer schlägt den anderen mit einem Stein oder mit der Faust, und der stirbt nicht, muss aber im Bett liegen,;"“If men quarrel and one strikes the other with a stone, or with his fist, and he doesn’t die, but is confined to bed;"
2;2. Mose;2Mo;21;19;2Mo 21,19;Körperverletzung;und er kann wieder aufstehen und mit einem Stock draußen herumgehen, dann soll der, der ihn geschlagen hat, straffrei bleiben. Er muss ihm aber die verlorene Arbeitszeit ersetzen und für seine Heilung aufkommen, bis er ganz gesund ist.;"if he rises again and walks around with his staff, then he who struck him shall be cleared; only he shall pay for the loss of his time, and shall provide for his healing until he is thoroughly healed."
2;2. Mose;2Mo;21;20;2Mo 21,20;Körperverletzung;Wenn jemand seinen Sklaven oder seine Sklavin mit einem Stock schlägt und der Sklave stirbt unter seiner Hand, dann muss der Herr bestraft werden.;“If a man strikes his servant or his maid with a rod, and he dies under his hand, the man shall surely be punished.
2;2. Mose;2Mo;21;21;2Mo 21,21;Körperverletzung;Wenn der Sklave aber noch einen oder zwei Tage am Leben bleibt, dann soll der Herr nicht bestraft werden. Denn der Sklave ist sein Eigentum.;Notwithstanding, if his servant gets up after a day or two, he shall not be punished, for the servant is his property.
2;2. Mose;2Mo;21;22;2Mo 21,22;Körperverletzung;Wenn Männer miteinander raufen und dabei eine schwangere Frau stoßen, so dass sie ihr Kind zu früh bekommt, aber sonst kein Schaden entsteht, dann muss der Täter eine Geldstrafe zahlen. Der Ehemann der Frau legt fest, wie viel, und die Richter entscheiden darüber.;“If men fight and hurt a pregnant woman so that she gives birth prematurely, and yet no harm follows, he shall be surely fined as much as the woman’s husband demands and the judges allow.
2;2. Mose;2Mo;21;23;2Mo 21,23;Körperverletzung;Wenn aber ein Schaden entsteht, dann sollst du geben: Leben für Leben,;But if any harm follows, then you must take life for life,
2;2. Mose;2Mo;21;24;2Mo 21,24;Körperverletzung;Auge für Auge, Zahn für Zahn, Hand für Hand, Fuß für Fuß,;eye for eye, tooth for tooth, hand for hand, foot for foot,
2;2. Mose;2Mo;21;25;2Mo 21,25;Körperverletzung;Brandwunde für Brandwunde, Wunde für Wunde, Strieme für Strieme.;burning for burning, wound for wound, and bruise for bruise.
2;2. Mose;2Mo;21;26;2Mo 21,26;Körperverletzung;Wenn jemand seinem Sklaven oder seiner Sklavin ins Auge schlägt und es zerstört, dann muss er ihn wegen des Auges freilassen.;“If a man strikes his servant’s eye, or his maid’s eye, and destroys it, he shall let him go free for his eye’s sake.
2;2. Mose;2Mo;21;27;2Mo 21,27;Körperverletzung;Wenn er seinem Sklaven oder seiner Sklavin einen Zahn ausschlägt, dann muss er ihn wegen des Zahnes freilassen.;If he strikes out his male servant’s tooth, or his female servant’s tooth, he shall let the servant go free for his tooth’s sake.
2;2. Mose;2Mo;21;28;2Mo 21,28;Wenn ein Rind einen Menschen tötet;Wenn ein Rind einen Mann oder eine Frau mit den Hörnern stößt, so dass sie sterben, dann muss das Rind gesteinigt werden. Sein Fleisch darf man nicht essen. Aber der Besitzer des Rindes ist nicht schuldig.;"“If a bull gores a man or a woman to death, the bull shall surely be stoned, and its meat shall not be eaten; but the owner of the bull shall not be held responsible."
2;2. Mose;2Mo;21;29;2Mo 21,29;Wenn ein Rind einen Menschen tötet;Wenn das Rind aber schon früher Menschen gestoßen hat, und man hat den Besitzer gewarnt, und er hat es trotzdem nicht eingesperrt, und es tötet dann einen Mann oder eine Frau, dann muss das Rind gesteinigt werden. Und auch sein Besitzer muss mit dem Tod bestraft werden.;But if the bull had a habit of goring in the past, and this has been testified to its owner, and he has not kept it in, but it has killed a man or a woman, the bull shall be stoned, and its owner shall also be put to death.
2;2. Mose;2Mo;21;30;2Mo 21,30;Wenn ein Rind einen Menschen tötet;Wenn man ihm aber ein Lösegeld auferlegt, dann muss er so viel zahlen, wie man ihm auferlegt, um sein Leben auszulösen.;If a ransom is imposed on him, then he shall give for the redemption of his life whatever is imposed.
2;2. Mose;2Mo;21;31;2Mo 21,31;Wenn ein Rind einen Menschen tötet;Wenn das Rind einen Sohn oder eine Tochter stößt, dann soll man nach demselben Recht mit ihm verfahren.;Whether it has gored a son or has gored a daughter, according to this judgment it shall be done to him.
2;2. Mose;2Mo;21;32;2Mo 21,32;Wenn ein Rind einen Menschen tötet;Wenn das Rind einen Sklaven oder eine Sklavin stößt, dann muss der Besitzer ihrem Herrn 30 Silberstücke geben. Und das Rind muss gesteinigt werden.;If the bull gores a male servant or a female servant, thirty shekels of silver shall be given to their master, and the ox shall be stoned.
2;2. Mose;2Mo;21;33;2Mo 21,33;Schaden an Tieren;Wenn jemand eine Grube offen lässt oder eine Grube gräbt und sie nicht zudeckt, und ein Rind oder ein Esel fällt hinein,;“If a man opens a pit, or if a man digs a pit and doesn’t cover it, and a bull or a donkey falls into it,
2;2. Mose;2Mo;21;34;2Mo 21,34;Schaden an Tieren;dann muss der Besitzer der Grube Schadenersatz leisten. Er muss dem Besitzer des Tieres Geld geben. Das tote Tier aber gehört ihm.;the owner of the pit shall make it good. He shall give money to its owner, and the dead animal shall be his.
2;2. Mose;2Mo;21;35;2Mo 21,35;Schaden an Tieren;Wenn das Rind von einem Mann das Rind von einem anderen verletzt, so dass es stirbt, dann sollen sie das lebende Rind verkaufen und den Erlös teilen. Auch das tote Tier sollen sie teilen.;"“If one man’s bull injures another’s, so that it dies, then they shall sell the live bull, and divide its price; and they shall also divide the dead animal."
2;2. Mose;2Mo;21;36;2Mo 21,36;Schaden an Tieren;Wenn man aber wusste, dass das Rind schon früher gestoßen hat, und sein Besitzer hat es nicht eingesperrt, dann muss er Rind für Rind ersetzen. Das tote Tier gehört dann ihm.;Or if it is known that the bull was in the habit of goring in the past, and its owner has not kept it in, he shall surely pay bull for bull, and the dead animal shall be his own.
2;2. Mose;2Mo;22;1;2Mo 22,1;Diebstahl;Wenn jemand ein Rind oder ein Schaf stiehlt und es schlachtet oder verkauft, dann muss er für ein Rind fünf Rinder zurückgeben und für ein Schaf vier Schafe.;“If a man steals an ox or a sheep, and kills it or sells it, he shall pay five oxen for an ox, and four sheep for a sheep.
2;2. Mose;2Mo;22;2;2Mo 22,2;Diebstahl;Wenn man einen Dieb beim Einbrechen ertappt, und er wird dabei so geschlagen, dass er stirbt, dann ist der, der ihn erschlagen hat, nicht schuldig.;If the thief is found breaking in, and is struck so that he dies, there shall be no guilt of bloodshed for him.
2;2. Mose;2Mo;22;3;2Mo 22,3;Diebstahl;Wenn aber die Sonne schon aufgegangen ist, dann ist er schuldig am Tod des Diebes. Der Dieb muss das Gestohlene ersetzen. Wenn er nichts hat, dann soll er für seinen Diebstahl als Sklave verkauft werden.;If the sun has risen on him, he is guilty of bloodshed. He shall make restitution. If he has nothing, then he shall be sold for his theft.
2;2. Mose;2Mo;22;4;2Mo 22,4;Diebstahl;Wenn man das gestohlene Tier noch lebend bei ihm findet, ob Rind, Esel oder Schaf, dann muss er das Doppelte zurückgeben.;If the stolen property is found in his hand alive, whether it is ox, donkey, or sheep, he shall pay double.
2;2. Mose;2Mo;22;5;2Mo 22,5;Schaden an Feldern;Wenn jemand sein Vieh auf einem Feld oder in einem Weinberg weiden lässt, und es frisst dabei auf dem Feld eines anderen, dann muss er Schadenersatz leisten vom Besten seines eigenen Feldes und seines eigenen Weinbergs.;“If a man causes a field or vineyard to be eaten by letting his animal loose, and it grazes in another man’s field, he shall make restitution from the best of his own field, and from the best of his own vineyard.
2;2. Mose;2Mo;22;6;2Mo 22,6;Schaden an Feldern;Wenn ein Feuer ausbricht und auf Dornengestrüpp übergreift, so dass aufgeschichtete Garben, stehendes Getreide oder ein ganzes Feld verbrennen, dann muss der, der das Feuer angezündet hat, Schadenersatz leisten.;"“If fire breaks out, and catches in thorns so that the shocks of grain, or the standing grain, or the field are consumed; he who kindled the fire shall surely make restitution."
2;2. Mose;2Mo;22;7;2Mo 22,7;Anvertrautes Gut;Wenn jemand seinem Nachbarn Geld oder Gegenstände zum Aufbewahren gibt, und es wird aus dessen Haus gestohlen, dann muss der Dieb, wenn man ihn findet, das Doppelte zurückgeben.;“If a man delivers to his neighbor money or stuff to keep, and it is stolen out of the man’s house, if the thief is found, he shall pay double.
2;2. Mose;2Mo;22;8;2Mo 22,8;Anvertrautes Gut;Wenn man den Dieb nicht findet, dann soll der Hausherr vor Gott treten. Dort soll sich zeigen, ob er sich selbst am Eigentum seines Nachbarn vergriffen hat.;If the thief isn’t found, then the master of the house shall come near to God, to find out whether or not he has put his hand on his neighbor’s goods.
2;2. Mose;2Mo;22;9;2Mo 22,9;Anvertrautes Gut;Bei jedem Streit um Eigentum – ob es um ein Rind geht, um einen Esel, um ein Schaf, um Kleidung oder um irgendetwas Verlorenes, von dem jemand sagt: ‚Das gehört mir‘ – soll der Fall der beiden vor Gott gebracht werden. Wen Gott schuldig spricht, der muss seinem Nachbarn das Doppelte zurückgeben.;For every matter of trespass, whether it is for ox, for donkey, for sheep, for clothing, or for any kind of lost thing, about which one says, ‘This is mine,’ the cause of both parties shall come before God. He whom God condemns shall pay double to his neighbor.
2;2. Mose;2Mo;22;10;2Mo 22,10;Anvertrautes Gut;Wenn jemand seinem Nachbarn einen Esel, ein Rind, ein Schaf oder irgendein anderes Tier zum Hüten gibt, und es stirbt oder wird verletzt oder weggetrieben, ohne dass es jemand sieht,;"“If a man delivers to his neighbor a donkey, an ox, a sheep, or any animal to keep, and it dies or is injured, or driven away, no man seeing it;"
2;2. Mose;2Mo;22;11;2Mo 22,11;Anvertrautes Gut;dann sollen beide einen Eid beim HERRN schwören: dass er sich nicht am Eigentum seines Nachbarn vergriffen hat. Der Besitzer muss das annehmen. Und der andere muss keinen Schadenersatz leisten.;"the oath of Yahweh shall be between them both, he has not put his hand on his neighbor’s goods; and its owner shall accept it, and he shall not make restitution."
2;2. Mose;2Mo;22;12;2Mo 22,12;Anvertrautes Gut;Wenn es ihm aber gestohlen wurde, dann muss er dem Besitzer Schadenersatz leisten.;But if it is stolen from him, the one who stole shall make restitution to its owner.
2;2. Mose;2Mo;22;13;2Mo 22,13;Anvertrautes Gut;Wenn es von einem wilden Tier gerissen wurde, dann soll er die Reste als Beweis bringen. Für ein gerissenes Tier muss er keinen Schadenersatz leisten.;If it is torn in pieces, let him bring it for evidence. He shall not make good that which was torn.
2;2. Mose;2Mo;22;14;2Mo 22,14;Geliehenes Gut;Wenn jemand von seinem Nachbarn ein Tier ausleiht, und es wird verletzt oder stirbt, während der Besitzer nicht dabei ist, dann muss er Schadenersatz leisten.;“If a man borrows anything of his neighbor’s, and it is injured, or dies, its owner not being with it, he shall surely make restitution.
2;2. Mose;2Mo;22;15;2Mo 22,15;Geliehenes Gut;Wenn der Besitzer dabei war, muss er keinen Schadenersatz leisten. Wenn es gemietet war, dann ist der Schaden mit der Miete abgegolten.;If its owner is with it, he shall not make it good. If it is a leased thing, it came for its lease.
2;2. Mose;2Mo;22;16;2Mo 22,16;Verführung einer jungen Frau;Wenn ein Mann eine junge Frau verführt, die noch nicht verlobt ist, und mit ihr schläft, dann muss er den Brautpreis für sie bezahlen und sie heiraten.;“If a man entices a virgin who isn’t pledged to be married, and lies with her, he shall surely pay a dowry for her to be his wife.
2;2. Mose;2Mo;22;17;2Mo 22,17;Verführung einer jungen Frau;Wenn ihr Vater sich aber weigert, sie ihm zur Frau zu geben, dann muss er trotzdem so viel Geld zahlen, wie man als Brautpreis für eine junge Frau bezahlt.;If her father utterly refuses to give her to him, he shall pay money according to the dowry of virgins.
2;2. Mose;2Mo;22;18;2Mo 22,18;Todeswürdige Taten;Eine Zauberin sollst du nicht am Leben lassen.;“You shall not allow a sorceress to live.
2;2. Mose;2Mo;22;19;2Mo 22,19;Todeswürdige Taten;Wer mit einem Tier Geschlechtsverkehr hat, muss mit dem Tod bestraft werden.;“Whoever has sex with an animal shall surely be put to death.
2;2. Mose;2Mo;22;20;2Mo 22,20;Todeswürdige Taten;Wer anderen Göttern opfert und nicht allein dem HERRN, der soll dem Untergang geweiht werden.;“He who sacrifices to any god, except to Yahweh only, shall be utterly destroyed.
2;2. Mose;2Mo;22;21;2Mo 22,21;Schutz für Fremde, Witwen und Waisen;Einen Fremden sollst du nicht schlecht behandeln und nicht unterdrücken. Denn ihr seid selbst Fremde im Land Ägypten gewesen.;“You shall not wrong an alien or oppress him, for you were aliens in the land of Egypt.
2;2. Mose;2Mo;22;22;2Mo 22,22;Schutz für Fremde, Witwen und Waisen;Eine Witwe oder ein Waisenkind sollt ihr nicht ausnutzen.;“You shall not take advantage of any widow or fatherless child.
2;2. Mose;2Mo;22;23;2Mo 22,23;Schutz für Fremde, Witwen und Waisen;Wenn du sie doch ausnutzt und sie zu mir schreien, dann werde ich ganz bestimmt ihren Hilfeschrei hören.;"If you take advantage of them at all, and they cry at all to me, I will surely hear their cry;"
2;2. Mose;2Mo;22;24;2Mo 22,24;Schutz für Fremde, Witwen und Waisen;Dann wird mein Zorn entbrennen, und ich werde euch mit dem Schwert töten. Dann werden eure eigenen Frauen zu Witwen und eure Kinder zu Waisen.;"and my wrath will grow hot, and I will kill you with the sword; and your wives shall be widows, and your children fatherless."
2;2. Mose;2Mo;22;25;2Mo 22,25;Schutz für die Armen;Wenn du jemandem aus meinem Volk Geld leihst, einem Armen, der bei dir lebt, dann sollst du ihn nicht wie ein Geldverleiher behandeln. Du sollst ihm keine Zinsen abverlangen.;“If you lend money to any of my people with you who is poor, you shall not be to him as a creditor. You shall not charge him interest.
2;2. Mose;2Mo;22;26;2Mo 22,26;Schutz für die Armen;Wenn du dir den Mantel deines Nachbarn als Pfand nimmst, dann gib ihn ihm zurück, bevor die Sonne untergeht.;If you take your neighbor’s garment as collateral, you shall restore it to him before the sun goes down,
2;2. Mose;2Mo;22;27;2Mo 22,27;Schutz für die Armen;Denn er ist seine einzige Decke. Es ist der Mantel für seinen Körper. Worin soll er sonst schlafen? Wenn er zu mir schreit, werde ich ihn hören. Denn ich bin gnädig.;for that is his only covering, it is his garment for his skin. What would he sleep in? It will happen, when he cries to me, that I will hear, for I am gracious.
2;2. Mose;2Mo;22;28;2Mo 22,28;Ehrfurcht vor Gott und den Anführern;Du sollst Gott nicht lästern. Und einen Anführer deines Volkes sollst du nicht verfluchen.;“You shall not blaspheme God, nor curse a ruler of your people.
2;2. Mose;2Mo;22;29;2Mo 22,29;Ehrfurcht vor Gott und den Anführern;Zögere nicht, mir von deiner Ernte und vom Saft deiner Pressen etwas zu geben. Den Erstgeborenen von deinen Söhnen sollst du mir geben.;“You shall not delay to offer from your harvest and from the outflow of your presses. “You shall give the firstborn of your sons to me.
2;2. Mose;2Mo;22;30;2Mo 22,30;Ehrfurcht vor Gott und den Anführern;Genauso sollst du es mit deinen Rindern und deinen Schafen machen. Sieben Tage lang soll das Junge bei seiner Mutter bleiben. Am achten Tag sollst du es mir geben.;You shall do likewise with your cattle and with your sheep. It shall be with its mother seven days, then on the eighth day you shall give it to me.
2;2. Mose;2Mo;22;31;2Mo 22,31;Ehrfurcht vor Gott und den Anführern;Ihr sollt für mich heilige Menschen sein. Darum sollt ihr kein Fleisch essen, das von wilden Tieren auf dem Feld gerissen wurde. Werft es den Hunden vor.;“You shall be holy men to me, therefore you shall not eat any meat that is torn by animals in the field. You shall cast it to the dogs.
